$MeshFormat
2 0 8
$EndMeshFormat
$Nodes
5079
1  0.000000 0.000000 4.00000
2  227.272727 0.000000 4.00000
3  166.573985 166.657808 4.00000
4  0.000000 227.586207 4.00000
5  0.000000 455.172414 4.00000
6  454.545455 0.000000 4.00000
7  348.875160 191.259878 4.00000
8  197.095437 341.379310 4.00000
9  205.726713 563.762639 4.00000
10  0.000000 682.758621 4.00000
11  0.000000 910.344828 4.00000
12  15000.000000 0.000000 4.00000
13  15000.000000 227.586207 4.00000
14  681.818182 0.000000 4.00000
15  578.503905 212.135945 4.00000
16  431.535189 432.249666 4.00000
17  391.830864 651.741919 4.00000
18  0.000000 1365.517241 4.00000
19  0.000000 1137.931034 4.00000
20  234.960079 812.342069 4.00000
21  173.973003 1024.137931 4.00000
22  14838.704009 161.269332 4.00000
23  14772.727273 0.000000 4.00000
24  14818.323448 323.474628 4.00000
25  15000.000000 455.172414 4.00000
26  15000.000000 682.758621 4.00000
27  909.090909 0.000000 4.00000
28  806.461550 209.869137 4.00000
29  0.000000 1593.103448 4.00000
30  0.000000 1820.689655 4.00000
31  694.243806 419.693279 4.00000
32  194.298153 1490.030314 4.00000
33  594.276668 630.349160 4.00000
34  491.859446 830.010769 4.00000
35  237.967348 1241.073954 4.00000
36  381.164648 1025.722093 4.00000
37  14674.777211 170.956378 4.00000
38  14545.454545 0.000000 4.00000
39  14610.692526 357.711507 4.00000
40  14768.018555 557.053762 4.00000
41  14813.388613 802.344013 4.00000
42  15000.000000 910.344828 4.00000
43  1136.363636 0.000000 4.00000
44  1036.555708 205.321441 4.00000
45  0.000000 2275.862069 4.00000
46  0.000000 2048.275862 4.00000
47  929.669656 412.891319 4.00000
48  184.991738 1713.586815 4.00000
49  185.392044 1940.351380 4.00000
50  339.478171 1615.328976 4.00000
51  825.015868 620.664450 4.00000
52  404.047715 1429.873453 4.00000
53  718.126292 823.677642 4.00000
54  610.144379 1024.396168 4.00000
55  498.743342 1226.545369 4.00000
56  14452.993729 181.545850 4.00000
57  14318.181818 0.000000 4.00000
58  14090.909091 0.000000 4.00000
59  14367.485139 375.282667 4.00000
60  14505.012769 552.105253 4.00000
61  14612.079074 739.933900 4.00000
62  14671.020958 911.307616 4.00000
63  14816.077901 1018.634518 4.00000
64  15000.000000 1137.931034 4.00000
65  15000.000000 1365.517241 4.00000
66  1363.636364 0.000000 4.00000
67  1263.731271 203.603760 4.00000
68  1159.839786 408.091375 4.00000
69  0.000000 2503.448276 4.00000
70  141.655052 2399.671551 4.00000
71  201.127863 2192.329840 4.00000
72  341.748160 2046.133423 4.00000
73  1055.895773 613.706998 4.00000
74  390.782060 1822.017117 4.00000
75  523.628359 1621.179553 4.00000
76  947.792303 817.224256 4.00000
77  625.972816 1421.575218 4.00000
78  839.645199 1019.407473 4.00000
79  731.327346 1221.013660 4.00000
80  13863.636364 0.000000 4.00000
81  14190.295880 200.916370 4.00000
82  13975.712456 134.255821 4.00000
83  14169.686772 401.681552 4.00000
84  14276.229159 557.735469 4.00000
85  14389.603091 736.501899 4.00000
86  14494.456638 915.505690 4.00000
87  14613.286857 1084.619792 4.00000
88  14774.148899 1269.543289 4.00000
89  14838.184918 1487.393201 4.00000
90  15000.000000 1593.103448 4.00000
91  15000.000000 1820.689655 4.00000
92  1590.909091 0.000000 4.00000
93  1490.040548 201.700113 4.00000
94  1387.816871 404.565135 4.00000
95  0.000000 2958.620690 4.00000
96  0.000000 2731.034483 4.00000
97  1284.947598 608.389198 4.00000
98  197.456891 2621.006836 4.00000
99  324.725765 2409.941518 4.00000
100  426.541557 2220.963423 4.00000
101  533.762196 2023.875891 4.00000
102  1178.219039 811.669358 4.00000
103  635.770271 1819.783594 4.00000
104  745.719123 1618.498960 4.00000
105  1069.453216 1014.011671 4.00000
106  852.554900 1418.104272 4.00000
107  960.879552 1216.039886 4.00000
108  13636.363636 0.000000 4.00000
109  13778.764041 160.481437 4.00000
110  13955.426711 332.953544 4.00000
111  14056.455159 548.649780 4.00000
112  14168.073026 734.849779 4.00000
113  14281.141572 919.941517 4.00000
114  14398.028461 1103.327046 4.00000
115  14525.933699 1289.442765 4.00000
116  14625.558916 1503.264468 4.00000
117  14787.722299 1706.852795 4.00000
118  14848.470688 1934.482759 4.00000
119  15000.000000 2048.275862 4.00000
120  1818.181818 0.000000 4.00000
121  1717.198915 200.229635 4.00000
122  1615.534205 401.639723 4.00000
123  0.000000 3413.793103 4.00000
124  0.000000 3186.206897 4.00000
125  1512.807821 603.966638 4.00000
126  190.895374 3085.858951 4.00000
127  192.202841 2863.837575 4.00000
128  361.041022 2787.836038 4.00000
129  1408.750119 806.806294 4.00000
130  438.951022 2610.417737 4.00000
131  542.622208 2415.259719 4.00000
132  650.753864 2217.134557 4.00000
133  757.355894 2016.986365 4.00000
134  1299.478833 1008.802099 4.00000
135  863.778302 1815.900361 4.00000
136  972.824540 1614.329380 4.00000
137  1190.481221 1210.815919 4.00000
138  1081.594621 1412.766134 4.00000
139  13409.090909 0.000000 4.00000
140  13547.785567 174.649709 4.00000
141  13691.075662 350.953565 4.00000
142  13824.767965 537.888790 4.00000
143  13943.284996 730.121819 4.00000
144  14059.649809 920.136440 4.00000
145  14176.626906 1109.954832 4.00000
146  14296.131111 1301.403653 4.00000
147  14414.447908 1499.635191 4.00000
148  14538.107198 1702.722746 4.00000
149  14657.977599 1909.513939 4.00000
150  15000.000000 2275.862069 4.00000
151  14788.093678 2127.089804 4.00000
152  15000.000000 2503.448276 4.00000
153  2045.454545 0.000000 4.00000
154  1944.847088 198.953943 4.00000
155  0.000000 3868.965517 4.00000
156  0.000000 3641.379310 4.00000
157  1843.037256 399.077019 4.00000
158  1740.909339 600.206371 4.00000
159  197.311453 3533.776943 4.00000
160  192.359617 3306.669775 4.00000
161  1636.584673 801.935705 4.00000
162  353.254148 3203.231920 4.00000
163  407.555639 2996.586851 4.00000
164  549.318836 2815.622669 4.00000
165  1529.688044 1003.858051 4.00000
166  659.437589 2612.497134 4.00000
167  768.047323 2412.813919 4.00000
168  876.194007 2212.908027 4.00000
169  984.023093 2012.218742 4.00000
170  1420.185796 1205.622089 4.00000
171  1092.247363 1811.046529 4.00000
172  1201.579324 1609.397068 4.00000
173  1310.940380 1407.495179 4.00000
174  13181.818182 0.000000 4.00000
175  13316.904751 180.344480 4.00000
176  13452.456552 360.343811 4.00000
177  13586.309282 542.180321 4.00000
178  13713.416726 727.908152 4.00000
179  13833.723256 919.320081 4.00000
180  13952.139094 1112.126285 4.00000
181  14070.591791 1306.166883 4.00000
182  14189.920016 1501.853451 4.00000
183  14310.955838 1699.236706 4.00000
184  14431.980629 1897.833376 4.00000
185  14547.867065 2097.131664 4.00000
186  15000.000000 2731.034483 4.00000
187  15000.000000 2958.620690 4.00000
188  14803.499702 2380.472374 4.00000
189  14637.207749 2275.871880 4.00000
190  14804.670096 2612.232954 4.00000
191  2272.727273 0.000000 4.00000
192  2172.177902 197.778994 4.00000
193  2070.945781 396.717229 4.00000
194  0.000000 4324.137931 4.00000
195  0.000000 4096.551724 4.00000
196  152.278203 3985.969354 4.00000
197  214.162989 3786.108611 4.00000
198  1968.788207 596.715213 4.00000
199  1865.291062 797.569984 4.00000
200  364.650255 3637.567144 4.00000
201  412.695857 3417.143717 4.00000
202  1759.063104 998.922711 4.00000
203  548.252968 3210.965070 4.00000
204  657.925117 3008.754835 4.00000
205  773.649469 2810.586983 4.00000
206  1649.961669 1200.511487 4.00000
207  884.911523 2609.791046 4.00000
208  994.511117 2409.196015 4.00000
209  1103.346354 2208.488801 4.00000
210  1212.252344 2007.296529 4.00000
211  1540.564629 1402.249799 4.00000
212  1321.448375 1805.804943 4.00000
213  1431.028893 1604.033280 4.00000
214  12954.545455 0.000000 4.00000
215  13088.031467 183.188639 4.00000
216  13220.446197 365.726833 4.00000
217  13352.217854 548.207958 4.00000
218  13480.034037 733.908666 4.00000
219  13604.088258 922.348318 4.00000
220  13725.002432 1114.006229 4.00000
221  13844.341575 1308.553876 4.00000
222  13963.972292 1503.744560 4.00000
223  14083.190830 1701.270933 4.00000
224  14203.032750 1898.963747 4.00000
225  14322.480918 2096.100832 4.00000
226  15000.000000 3186.206897 4.00000
227  14440.857465 2292.070712 4.00000
228  14862.244973 3072.747317 4.00000
229  14795.464292 2861.592451 4.00000
230  14587.811325 2493.181006 4.00000
231  14638.042577 2709.378093 4.00000
232  2500.000000 0.000000 4.00000
233  2399.930660 196.607780 4.00000
234  2298.496163 394.527112 4.00000
235  0.000000 4779.310345 4.00000
236  0.000000 4551.724138 4.00000
237  2196.638012 593.426883 4.00000
238  151.446017 4431.633691 4.00000
239  206.120477 4211.552250 4.00000
240  340.380003 4008.102122 4.00000
241  450.781348 3818.072735 4.00000
242  2092.866665 793.438387 4.00000
243  1987.134353 994.205567 4.00000
244  564.617886 3620.695223 4.00000
245  665.509620 3413.560740 4.00000
246  1879.287396 1195.444878 4.00000
247  778.510603 3210.743782 4.00000
248  890.268188 3008.018252 4.00000
249  1002.012847 2807.060150 4.00000
250  1770.205518 1396.993343 4.00000
251  1112.660490 2605.915465 4.00000
252  1222.339023 2404.903045 4.00000
253  1331.805205 2203.630121 4.00000
254  1441.298184 2002.124395 4.00000
255  1660.672092 1598.697037 4.00000
256  1550.966692 1800.426495 4.00000
257  12727.272727 0.000000 4.00000
258  12859.759053 185.352928 4.00000
259  12990.879631 369.772068 4.00000
260  13121.394622 553.525147 4.00000
261  13249.553780 737.935593 4.00000
262  13374.618325 924.871656 4.00000
263  13495.860266 1117.884197 4.00000
264  13616.083235 1312.143777 4.00000
265  13735.838178 1507.584408 4.00000
266  13855.181316 1704.352740 4.00000
267  13974.695676 1901.507995 4.00000
268  14094.388355 2098.557366 4.00000
269  15000.000000 3413.793103 4.00000
270  15000.000000 3641.379310 4.00000
271  14213.967158 2295.912618 4.00000
272  14795.858269 3284.693594 4.00000
273  14335.614048 2494.375804 4.00000
274  14671.725198 3076.551375 4.00000
275  14556.451264 2885.554545 4.00000
276  14445.815908 2694.329510 4.00000
277  2727.272727 0.000000 4.00000
278  0.000000 5006.896552 4.00000
279  0.000000 5234.482759 4.00000
280  2627.409659 195.541746 4.00000
281  2526.624955 392.327147 4.00000
282  2424.659667 590.304638 4.00000
283  183.282972 4893.402986 4.00000
284  216.008452 4642.129660 4.00000
285  2320.910309 789.502180 4.00000
286  344.782217 4421.663600 4.00000
287  453.958409 4212.801134 4.00000
288  568.569637 4012.214247 4.00000
289  680.154658 3814.722552 4.00000
290  2214.998940 989.760875 4.00000
291  2108.127939 1190.495370 4.00000
292  790.313581 3612.811070 4.00000
293  898.680178 3408.965467 4.00000
294  1999.488884 1391.807161 4.00000
295  1009.364577 3206.376246 4.00000
296  1120.271659 3004.467132 4.00000
297  1230.999782 2802.953672 4.00000
298  1890.320327 1593.335848 4.00000
299  1341.361608 2601.422855 4.00000
300  1451.198840 2400.035714 4.00000
301  1561.011494 2198.442632 4.00000
302  1670.783248 1996.780609 4.00000
303  1780.608686 1795.045067 4.00000
304  0.000000 6372.413793 4.00000
305  0.000000 6600.000000 4.00000
306  12500.000000 0.000000 4.00000
307  12632.506854 187.012404 4.00000
308  12762.361756 373.198856 4.00000
309  12892.277358 558.461008 4.00000
310  13019.506317 744.017044 4.00000
311  13144.420369 930.897829 4.00000
312  13267.188692 1120.427409 4.00000
313  13386.833082 1316.576339 4.00000
314  13506.652972 1512.313434 4.00000
315  13626.446184 1708.348864 4.00000
316  13745.963287 1905.153155 4.00000
317  13865.257410 2102.481178 4.00000
318  15000.000000 3868.965517 4.00000
319  15000.000000 4096.551724 4.00000
320  13984.749348 2299.520200 4.00000
321  14811.095502 3533.681109 4.00000
322  14817.093109 3760.250988 4.00000
323  14103.869262 2496.918342 4.00000
324  14648.244948 3439.629897 4.00000
325  14568.649374 3272.657739 4.00000
326  14220.890368 2694.167425 4.00000
327  14451.683018 3082.062601 4.00000
328  14335.529130 2889.522215 4.00000
329  12272.727273 0.000000 4.00000
330  2954.545455 0.000000 4.00000
331  2855.368616 194.345150 4.00000
332  0.000000 5462.068966 4.00000
333  169.595256 5106.228113 4.00000
334  159.413435 5284.842692 4.00000
335  2754.554667 390.252403 4.00000
336  2652.932421 587.277549 4.00000
337  317.484040 5008.095225 4.00000
338  2549.166441 785.755850 4.00000
339  380.604512 4820.312371 4.00000
340  465.078624 4615.567583 4.00000
341  2443.835157 985.295729 4.00000
342  576.495645 4413.056959 4.00000
343  687.408410 4210.185279 4.00000
344  798.743143 4009.373656 4.00000
345  909.177091 3808.662496 4.00000
346  2337.119217 1185.628017 4.00000
347  2228.758219 1386.680247 4.00000
348  1019.226968 3606.372045 4.00000
349  1129.155716 3403.928922 4.00000
350  2119.852829 1588.021232 4.00000
351  1239.541766 3201.783451 4.00000
352  1350.025275 2999.920547 4.00000
353  1460.392265 2798.209526 4.00000
354  2010.333929 1789.617673 4.00000
355  1570.579250 2596.519710 4.00000
356  1680.580641 2394.851846 4.00000
357  1790.492700 2193.153673 4.00000
358  1900.444440 1991.377835 4.00000
359  0.000000 6144.827586 4.00000
360  0.000000 5917.241379 4.00000
361  0.000000 5689.655172 4.00000
362  172.435736 5601.539983 4.00000
363  170.192718 6259.892072 4.00000
364  165.622515 6434.766413 4.00000
365  228.998604 6600.000000 4.01694
366  12404.747034 188.482540 4.00000
367  12534.139627 376.162446 4.00000
368  15000.000000 4324.137931 4.00000
369  12663.328829 563.038481 4.00000
370  12789.710865 750.016146 4.00000
371  12914.044861 937.852283 4.00000
372  13036.893012 1127.109841 4.00000
373  13157.157901 1321.764664 4.00000
374  13277.023062 1517.459363 4.00000
375  13396.808388 1713.570926 4.00000
376  13516.458054 1910.084363 4.00000
377  13635.985007 2106.861347 4.00000
378  13755.426851 2303.713597 4.00000
379  14819.732075 3981.419243 4.00000
380  14821.077787 4202.730489 4.00000
381  14666.354866 3873.721040 4.00000
382  13874.656397 2500.521258 4.00000
383  14605.376685 3662.339763 4.00000
384  13993.088475 2697.227068 4.00000
385  14463.857983 3473.564334 4.00000
386  14345.035405 3281.227105 4.00000
387  14110.447441 2893.220310 4.00000
388  14227.420416 3087.913841 4.00000
389  12045.454545 0.000000 4.00000
390  12178.564125 189.682990 4.00000
391  3181.818182 0.000000 4.00000
392  3082.999295 193.315955 4.00000
393  2983.123246 387.969878 4.00000
394  265.140435 5433.456740 4.00000
395  357.390230 5209.648709 4.00000
396  2881.869106 584.052950 4.00000
397  2778.404424 781.777313 4.00000
398  496.547228 5010.883947 4.00000
399  2673.474084 980.635647 4.00000
400  596.326823 4811.868456 4.00000
401  699.539663 4609.870550 4.00000
402  2566.625585 1180.653601 4.00000
403  808.307690 4407.702037 4.00000
404  918.405376 4205.876712 4.00000
405  1028.767952 4004.492611 4.00000
406  1138.984298 3802.947960 4.00000
407  2458.489436 1381.429984 4.00000
408  2349.471006 1582.699720 4.00000
409  1249.079533 3600.807650 4.00000
410  1359.229675 3398.740541 4.00000
411  2240.073213 1784.185280 4.00000
412  1469.531824 3196.712364 4.00000
413  1579.811190 2994.873324 4.00000
414  1689.997510 2793.105878 4.00000
415  2130.232310 1985.904603 4.00000
416  1800.117596 2591.326437 4.00000
417  1910.199014 2389.517144 4.00000
418  2020.222748 2187.715751 4.00000
419  181.687144 6042.769020 4.00000
420  221.416918 5808.913370 4.00000
421  375.621324 5613.605667 4.00000
422  325.696167 6180.018663 4.00000
423  348.150483 6384.556955 4.00000
424  457.997208 6600.000000 4.01836
425  12306.046272 378.695264 4.00000
426  12434.169773 566.995333 4.00000
427  15000.000000 4551.724138 4.00000
428  15000.000000 4779.310345 4.00000
429  14825.739698 4427.348252 4.00000
430  12559.252291 755.642779 4.00000
431  12683.547148 944.439246 4.00000
432  12805.810402 1135.136845 4.00000
433  12927.304252 1327.289720 4.00000
434  13047.185801 1522.947297 4.00000
435  13167.040833 1718.885281 4.00000
436  13286.817533 1915.202525 4.00000
437  13406.590457 2111.562787 4.00000
438  13526.213984 2308.172998 4.00000
439  14667.128375 4300.630103 4.00000
440  13645.561493 2504.918025 4.00000
441  14613.866832 4086.295714 4.00000
442  14475.705627 3878.299491 4.00000
443  13764.445007 2701.577850 4.00000
444  14361.103599 3677.831845 4.00000
445  13883.107885 2897.736677 4.00000
446  14238.723430 3482.876883 4.00000
447  14119.431129 3288.347601 4.00000
448  14001.306069 3093.356681 4.00000
449  11818.181818 0.000000 4.00000
450  11948.038417 190.811516 4.00000
451  12077.228435 380.892032 4.00000
452  3409.090909 0.000000 4.00000
453  3311.099253 192.081239 4.00000
454  3211.281411 385.928862 4.00000
455  3110.773986 580.854211 4.00000
456  488.914451 5414.363569 4.00000
457  601.972871 5211.441574 4.00000
458  3008.028279 777.610574 4.00000
459  2903.139584 975.976819 4.00000
460  714.536029 5008.129401 4.00000
461  2796.338706 1175.639259 4.00000
462  821.669532 4806.428031 4.00000
463  929.394629 4604.523266 4.00000
464  2688.195369 1376.195077 4.00000
465  1038.618540 4402.641063 4.00000
466  1148.586524 4200.865627 4.00000
467  1258.735197 3999.172511 4.00000
468  1368.885612 3797.326547 4.00000
469  2579.226180 1577.329587 4.00000
470  2469.840437 1778.754561 4.00000
471  1479.030480 3595.338565 4.00000
472  1589.203159 3393.400639 4.00000
473  2360.003424 1980.449157 4.00000
474  1699.379879 3191.555681 4.00000
475  1809.585951 2989.643332 4.00000
476  1919.739766 2787.790705 4.00000
477  2250.057262 2182.215764 4.00000
478  2029.888615 2585.911879 4.00000
479  2139.981638 2384.063848 4.00000
480  389.456377 6009.429058 4.00000
481  488.018588 5808.719669 4.00000
482  604.814062 5608.689278 4.00000
483  506.966580 6209.236715 4.00000
484  581.579589 6407.984820 4.00000
485  686.995812 6600.000000 4.01815
486  15000.000000 5006.896552 4.00000
487  15000.000000 5234.482759 4.00000
488  14835.308130 4885.587655 4.00000
489  12205.291448 570.315228 4.00000
490  12330.884914 759.627507 4.00000
491  14785.278451 4667.099110 4.00000
492  14615.104229 4472.535580 4.00000
493  12453.872219 949.739964 4.00000
494  12575.720437 1141.134163 4.00000
495  12697.352704 1332.995819 4.00000
496  12817.289312 1528.432314 4.00000
497  12937.097367 1724.563247 4.00000
498  13056.896452 1920.780622 4.00000
499  13176.668351 2117.120542 4.00000
500  13296.415335 2313.507835 4.00000
501  13416.010519 2510.012255 4.00000
502  14486.782257 4284.553384 4.00000
503  13535.306468 2706.547162 4.00000
504  14372.816367 4084.059644 4.00000
505  14251.260649 3883.796169 4.00000
506  13654.524317 2902.821675 4.00000
507  14131.404069 3686.124881 4.00000
508  13773.559048 3098.818982 4.00000
509  14011.508396 3490.165530 4.00000
510  13892.436479 3294.559095 4.00000
511  11590.909091 0.000000 4.00000
512  11719.347468 191.730542 4.00000
513  11847.627549 382.861964 4.00000
514  11975.441940 573.284108 4.00000
515  3636.363636 0.000000 4.00000
516  3538.956883 191.052596 4.00000
517  3440.071089 383.614154 4.00000
518  3339.621597 577.737735 4.00000
519  3237.130493 773.729998 4.00000
520  718.183039 5407.419903 4.00000
521  830.083479 5205.144315 4.00000
522  3132.665975 971.401468 4.00000
523  3026.204922 1170.562929 4.00000
524  940.624703 5002.999614 4.00000
525  2917.825353 1371.057846 4.00000
526  1049.643969 4801.117041 4.00000
527  1158.600188 4599.358533 4.00000
528  2809.033833 1571.960625 4.00000
529  1268.469783 4397.418877 4.00000
530  1378.532484 4195.565946 4.00000
531  1488.671424 3993.712232 4.00000
532  1598.817630 3791.822572 4.00000
533  2699.720924 1773.270000 4.00000
534  2589.904751 1974.924808 4.00000
535  1708.971177 3589.891394 4.00000
536  1819.130876 3387.991411 4.00000
537  2479.912571 2176.709927 4.00000
538  1929.296818 3186.091100 4.00000
539  2039.449368 2984.207547 4.00000
540  2149.597983 2782.316057 4.00000
541  2369.859433 2378.539585 4.00000
542  2259.740018 2580.419438 4.00000
543  612.679309 6006.812985 4.00000
544  722.582815 5804.909389 4.00000
545  835.632470 5603.347441 4.00000
546  718.731685 6204.717693 4.00000
547  819.689354 6402.325196 4.00000
548  915.994416 6600.000000 4.01853
549  15000.000000 5462.068966 4.00000
550  14813.124968 5350.333332 4.00000
551  14770.117348 5100.154551 4.00000
552  14623.741093 4871.485899 4.00000
553  12101.120271 763.581083 4.00000
554  12224.391317 954.412551 4.00000
555  14519.136490 4674.595577 4.00000
556  14388.025969 4479.749443 4.00000
557  12345.839371 1146.590626 4.00000
558  12467.148148 1339.176355 4.00000
559  12587.353472 1534.009973 4.00000
560  12707.177658 1730.087661 4.00000
561  12826.971235 1926.345768 4.00000
562  12946.751439 2122.665151 4.00000
563  13066.503503 2319.033952 4.00000
564  13186.230100 2515.417319 4.00000
565  13305.846361 2711.819427 4.00000
566  14264.346505 4284.111375 4.00000
567  13425.295675 2908.179602 4.00000
568  14143.442608 4087.014991 4.00000
569  14022.798511 3889.431527 4.00000
570  13544.611966 3104.390789 4.00000
571  13902.873251 3692.660860 4.00000
572  13664.087367 3300.435090 4.00000
573  13783.425271 3496.466508 4.00000
574  11363.636364 0.000000 4.00000
575  11490.525856 192.810463 4.00000
576  11617.513894 384.980543 4.00000
577  11744.742298 576.287781 4.00000
578  11870.369329 767.574846 4.00000
579  11136.363636 0.000000 4.00000
580  10909.090909 0.000000 4.00000
581  3863.636364 0.000000 4.00000
582  10681.818182 0.000000 4.00000
583  4090.909091 0.000000 4.00000
584  4318.181818 0.000000 4.00000
585  4545.454545 0.000000 4.00000
586  4772.727273 0.000000 4.00000
587  10454.545455 0.000000 4.00000
588  10227.272727 0.000000 4.00000
589  5000.000000 0.000000 4.00000
590  5227.272727 0.000000 4.00000
591  5454.545455 0.000000 4.00000
592  5681.818182 0.000000 4.00000
593  5909.090909 0.000000 4.00000
594  6136.363636 0.000000 4.00000
595  6363.636364 0.000000 4.00000
596  6590.909091 0.000000 4.00000
597  3767.565350 189.664733 4.00000
598  3668.852330 381.465756 4.00000
599  3568.746162 574.633916 4.00000
600  3466.132586 770.029285 4.00000
601  3361.429795 967.352974 4.00000
602  947.680899 5401.533243 4.00000
603  1058.810256 5199.551190 4.00000
604  3255.874461 1165.591845 4.00000
605  3148.098862 1365.535114 4.00000
606  1169.007650 4997.595145 4.00000
607  3039.080428 1566.454074 4.00000
608  1278.639038 4795.731132 4.00000
609  1388.268239 4593.910436 4.00000
610  2929.606773 1767.788742 4.00000
611  1498.325918 4392.010785 4.00000
612  1608.458430 4190.101775 4.00000
613  1718.603665 3988.199202 4.00000
614  1828.751914 3786.296737 4.00000
615  2819.814324 1969.397106 4.00000
616  2709.809171 2171.179346 4.00000
617  1938.903697 3584.387989 4.00000
618  2049.056334 3382.485453 4.00000
619  2599.765365 2372.997889 4.00000
620  2159.204820 3180.590202 4.00000
621  2269.356453 2978.683597 4.00000
622  2489.648528 2574.876061 4.00000
623  2379.505540 2776.777287 4.00000
624  838.465660 6002.183419 4.00000
625  954.595651 5799.800868 4.00000
626  1066.053501 5597.960037 4.00000
627  944.143435 6200.456421 4.00000
628  1044.685146 6399.531199 4.00000
629  1144.993020 6600.000000 4.01873
630  15000.000000 5689.655172 4.00000
631  15000.000000 5917.241379 4.00000
632  14814.330454 5576.761414 4.00000
633  14677.502416 5466.451879 4.00000
634  14613.854943 5287.909383 4.00000
635  14512.968305 5083.470529 4.00000
636  15000.000000 6144.827586 4.00000
637  15000.000000 6372.413793 4.00000
638  14396.152146 4878.128522 4.00000
639  11994.185094 959.044968 4.00000
640  12116.184487 1151.295935 4.00000
641  14274.024479 4680.702541 4.00000
642  14154.933267 4484.946551 4.00000
643  12237.177642 1344.545772 4.00000
644  12357.353319 1539.746549 4.00000
645  12477.217044 1735.756430 4.00000
646  12597.035919 1931.932607 4.00000
647  12716.829787 2128.216963 4.00000
648  12836.603881 2324.564319 4.00000
649  12956.351912 2520.928547 4.00000
650  13076.074219 2717.291283 4.00000
651  13195.698411 2913.645433 4.00000
652  14034.483535 4288.589290 4.00000
653  13315.311958 3109.931583 4.00000
654  13913.883995 4091.871430 4.00000
655  13793.789924 3895.117752 4.00000
656  13434.893433 3306.157804 4.00000
657  13674.086640 3698.645891 4.00000
658  13554.509612 3502.368218 4.00000
659  11262.427171 193.704462 4.00000
660  11388.489753 386.827540 4.00000
661  11514.350438 579.364967 4.00000
662  11639.410179 771.625227 4.00000
663  11762.988088 964.194759 4.00000
664  11034.255470 194.794154 4.00000
665  10806.517413 195.772288 4.00000
666  3996.593662 188.288171 4.00000
667  10578.658947 196.914805 4.00000
668  4227.614297 185.934203 4.00000
669  4461.537050 181.263616 4.00000
670  4688.582668 168.599871 4.00000
671  4886.736452 137.349892 4.00000
672  10351.112032 198.032752 4.00000
673  10000.000000 0.000000 4.00000
674  10123.368040 199.223547 4.00000
675  9772.727273 0.000000 4.00000
676  5103.703827 187.893646 4.00000
677  5335.448088 143.685996 4.00000
678  9545.454545 0.000000 4.00000
679  9318.181818 0.000000 4.00000
680  9090.909091 0.000000 4.00000
681  8863.636364 0.000000 4.00000
682  5558.314121 199.935105 4.00000
683  8636.363636 0.000000 4.00000
684  5819.430927 157.234900 4.00000
685  6023.050955 128.302446 4.00000
686  8409.090909 0.000000 4.00000
687  8181.818182 0.000000 4.00000
688  7954.545455 0.000000 4.00000
689  7727.272727 0.000000 4.00000
690  6241.197403 178.553504 4.00000
691  6462.812215 131.391629 4.00000
692  7500.000000 0.000000 4.00000
693  6659.127060 162.781465 4.00000
694  6818.181818 0.000000 4.00000
695  7045.454545 0.000000 4.00000
696  7272.727273 0.000000 4.00000
697  3898.936342 378.745557 4.00000
698  3798.838153 571.083583 4.00000
699  3696.425746 765.616443 4.00000
700  3591.514971 962.513582 4.00000
701  3485.260284 1160.851664 4.00000
702  1177.363526 5396.004010 4.00000
703  1288.101278 5194.030814 4.00000
704  3377.990422 1360.219704 4.00000
705  3269.091965 1560.957085 4.00000
706  1398.224764 4992.120767 4.00000
707  3159.534304 1762.282539 4.00000
708  1508.154147 4790.246486 4.00000
709  1618.094475 4588.396980 4.00000
710  3049.724644 1963.868946 4.00000
711  1728.239022 4386.489712 4.00000
712  1838.386983 4184.580982 4.00000
713  1948.535689 3982.669844 4.00000
714  2058.684852 3780.757831 4.00000
715  2939.742752 2165.621601 4.00000
716  2829.676558 2367.454172 4.00000
717  2168.834643 3578.850146 4.00000
718  2278.984456 3376.942499 4.00000
719  2719.567135 2569.325468 4.00000
720  2389.133435 3175.036479 4.00000
721  2499.282639 2973.128254 4.00000
722  2609.429336 2771.222880 4.00000
723  1065.362786 5997.739546 4.00000
724  1183.928029 5794.713773 4.00000
725  1295.927115 5592.538479 4.00000
726  1170.521646 6196.892830 4.00000
727  1272.769006 6397.512745 4.00000
728  1373.991624 6600.000000 4.01895
729  14779.090816 5832.962354 4.00000
730  14847.307101 6040.543895 4.00000
731  14621.024413 5657.671536 4.00000
732  14498.392045 5473.090637 4.00000
733  14392.843739 5280.951096 4.00000
734  14280.978769 5082.180701 4.00000
735  14803.316831 6250.588969 4.00000
736  15000.000000 6600.000000 4.00000
737  14834.377485 6434.766413 4.00000
738  14163.980876 4882.902323 4.00000
739  11885.796102 1156.539026 4.00000
740  12007.137615 1349.909127 4.00000
741  14044.279270 4686.331918 4.00000
742  13924.439847 4490.194741 4.00000
743  12127.370294 1545.277618 4.00000
744  12247.266821 1741.321568 4.00000
745  12367.104324 1937.483843 4.00000
746  12486.899452 2133.775478 4.00000
747  12606.681199 2330.118029 4.00000
748  12726.459434 2526.463746 4.00000
749  12846.223173 2722.815143 4.00000
750  12965.954977 2919.164019 4.00000
751  13085.707276 3115.486685 4.00000
752  13804.416387 4293.798409 4.00000
753  13205.349490 3311.791040 4.00000
754  13684.282879 4097.266617 4.00000
755  13564.457693 3900.787483 4.00000
756  13325.026092 3508.082084 4.00000
757  13444.737400 3704.401867 4.00000
758  11159.496573 388.864079 4.00000
759  11284.875765 582.147782 4.00000
760  11408.925296 775.652900 4.00000
761  11532.845303 968.511714 4.00000
762  11655.322522 1161.872772 4.00000
763  10931.155138 390.749577 4.00000
764  10702.745672 392.883730 4.00000
765  4130.438083 375.822284 4.00000
766  10474.786215 394.990022 4.00000
767  4366.493089 371.581797 4.00000
768  4614.418190 367.569896 4.00000
769  4871.601241 333.008398 4.00000
770  10246.696955 397.254935 4.00000
771  9895.777450 200.459640 4.00000
772  10018.897664 399.609533 4.00000
773  5095.806890 389.347411 4.00000
774  9667.848287 201.576136 4.00000
775  5325.678117 343.148795 4.00000
776  9439.864071 202.592697 4.00000
777  9211.933185 203.703452 4.00000
778  8983.923138 204.546114 4.00000
779  8756.037272 205.602244 4.00000
780  5544.423759 399.892138 4.00000
781  5746.357587 359.273995 4.00000
782  8528.193485 206.876363 4.00000
783  6011.034410 320.542566 4.00000
784  8300.247779 207.714362 4.00000
785  8072.240890 208.885836 4.00000
786  7844.004173 210.362663 4.00000
787  6237.181181 372.501909 4.00000
788  7615.155252 211.670268 4.00000
789  6459.191158 315.623175 4.00000
790  7384.749968 214.184486 4.00000
791  6683.983282 342.326505 4.00000
792  6885.696370 233.638742 4.00000
793  7148.726773 219.328202 4.00000
794  4029.870382 567.348493 4.00000
795  3927.063757 761.156401 4.00000
796  3822.290184 957.223410 4.00000
797  3715.793590 1155.282611 4.00000
798  3607.992588 1354.808685 4.00000
799  1407.137714 5390.461370 4.00000
800  1517.652247 5188.509413 4.00000
801  3499.083170 1555.448876 4.00000
802  3389.418737 1756.822851 4.00000
803  1627.808080 4986.599873 4.00000
804  3279.647038 1958.340911 4.00000
805  1737.890286 4784.719731 4.00000
806  1848.010891 4582.824654 4.00000
807  3169.683128 2160.059536 4.00000
808  1958.156697 4380.917314 4.00000
809  2068.313513 4179.013876 4.00000
810  2178.467406 3977.108427 4.00000
811  2288.617602 3775.199919 4.00000
812  3059.594653 2361.906627 4.00000
813  2949.490876 2563.771049 4.00000
814  2398.767109 3573.291609 4.00000
815  2508.915944 3371.384428 4.00000
816  2839.355352 2765.666346 4.00000
817  2619.064817 3169.475783 4.00000
818  2729.213143 2967.567842 4.00000
819  1291.922089 5993.632869 4.00000
820  1411.325788 5789.918052 4.00000
821  1525.633216 5587.060182 4.00000
822  1399.568727 6193.315183 4.00000
823  1502.735815 6395.351668 4.00000
824  1602.990228 6600.000000 4.01949
825  14654.670216 6048.499661 4.00000
826  14530.368092 5859.085668 4.00000
827  14402.187265 5668.691245 4.00000
828  14282.894475 5476.855582 4.00000
829  14167.900691 5282.083839 4.00000
830  14051.695554 5085.267756 4.00000
831  14545.186464 6240.582694 4.00000
832  14655.699407 6421.721480 4.00000
833  14771.001396 6600.000000 4.01539
834  13933.910465 4888.210719 4.00000
835  11776.685031 1355.964512 4.00000
836  11897.365657 1550.807284 4.00000
837  13814.160138 4691.906197 4.00000
838  13694.361147 4495.600171 4.00000
839  12017.320981 1746.848011 4.00000
840  12137.144381 1943.099930 4.00000
841  12256.961141 2139.354475 4.00000
842  12376.751680 2335.677157 4.00000
843  12496.534010 2532.021788 4.00000
844  12616.313431 2728.367974 4.00000
845  12736.075813 2924.715987 4.00000
846  12855.852425 3121.053826 4.00000
847  12975.574857 3317.383813 4.00000
848  13574.496682 4299.216169 4.00000
849  13095.298812 3513.709248 4.00000
850  13454.608837 4102.800626 4.00000
851  13334.818726 3906.406685 4.00000
852  13215.020088 3710.038434 4.00000
853  11055.776141 584.960960 4.00000
854  11179.594992 779.039084 4.00000
855  11302.475101 973.228627 4.00000
856  11425.105403 1166.998744 4.00000
857  11546.495929 1361.528906 4.00000
858  10826.972843 587.900884 4.00000
859  10598.383474 590.974802 4.00000
860  4263.120730 563.035483 4.00000
861  10370.002751 594.164554 4.00000
862  4500.870504 556.661070 4.00000
863  4740.917371 545.310370 4.00000
864  4971.044989 535.430868 4.00000
865  10142.015026 597.509198 4.00000
866  9790.663491 401.955999 4.00000
867  9913.846010 601.073615 4.00000
868  5207.006274 547.255347 4.00000
869  9562.216872 404.170951 4.00000
870  5434.611580 549.676739 4.00000
871  9333.388874 405.990006 4.00000
872  9104.764212 407.943852 4.00000
873  8876.258705 410.027139 4.00000
874  8647.773532 411.925604 4.00000
875  5657.157393 547.426056 4.00000
876  5887.805658 531.607563 4.00000
877  8419.339118 414.115909 4.00000
878  6123.021100 527.172900 4.00000
879  8190.804087 416.408065 4.00000
880  7961.977052 418.468075 4.00000
881  7732.656648 421.141903 4.00000
882  6351.461832 520.617397 4.00000
883  7502.247999 424.332558 4.00000
884  6578.748624 503.854257 4.00000
885  7269.625219 429.133049 4.00000
886  6810.191682 477.905855 4.00000
887  7034.209428 433.129164 4.00000
888  4158.420200 756.618714 4.00000
889  4052.977066 952.147437 4.00000
890  3946.100074 1149.955721 4.00000
891  3838.133416 1349.312760 4.00000
892  3729.188153 1549.832201 4.00000
893  1636.951019 5384.904538 4.00000
894  1747.302233 5182.961675 4.00000
895  3619.478369 1751.198674 4.00000
896  3509.556902 1952.829733 4.00000
897  1857.523550 4981.035822 4.00000
898  3399.625780 2154.499863 4.00000
899  1967.697863 4779.129321 4.00000
900  2077.896119 4577.238594 4.00000
901  3289.546111 2356.329326 4.00000
902  2188.082583 4375.350297 4.00000
903  2298.247394 4173.452532 4.00000
904  2408.400951 3971.547477 4.00000
905  2518.550679 3769.639713 4.00000
906  3179.428492 2558.204080 4.00000
907  3069.287137 2760.104387 4.00000
908  2628.699578 3567.731193 4.00000
909  2738.848367 3365.822373 4.00000
910  2959.144487 2962.006453 4.00000
911  2848.996865 3163.913893 4.00000
912  1520.825560 5989.217828 4.00000
913  1639.846375 5785.018406 4.00000
914  1755.253014 5581.610148 4.00000
915  1630.259610 6189.266890 4.00000
916  1732.575620 6393.172713 4.00000
917  1831.988833 6600.000000 4.01985
918  14421.333333 6051.571734 4.00000
919  14298.804667 5865.386929 4.00000
920  14176.885987 5673.307320 4.00000
921  14058.298189 5481.133866 4.00000
922  13940.693420 5286.114031 4.00000
923  13822.635894 5089.999021 4.00000
924  14309.458970 6241.022316 4.00000
925  14426.864357 6421.736195 4.00000
926  14542.002792 6600.000000 4.01848
927  13703.724739 4893.705133 4.00000
928  11667.061044 1556.825411 4.00000
929  11787.375422 1752.374089 4.00000
930  13584.235520 4697.401471 4.00000
931  13464.418308 4501.084039 4.00000
932  11907.196405 1948.658057 4.00000
933  12027.016615 2144.933628 4.00000
934  12146.818299 2341.241606 4.00000
935  12266.602533 2537.584667 4.00000
936  12386.386049 2733.929345 4.00000
937  12506.166923 2930.275284 4.00000
938  12625.943948 3126.619675 4.00000
939  12745.700652 3322.959200 4.00000
940  12865.458464 3519.297260 4.00000
941  13344.597400 4304.724819 4.00000
942  12985.207591 3715.635165 4.00000
943  13224.801050 4108.355784 4.00000
944  13104.999589 3911.989132 4.00000
945  10950.344332 782.687697 4.00000
946  11072.715515 977.607085 4.00000
947  11194.971979 1172.134366 4.00000
948  11316.426304 1366.929276 4.00000
949  11437.077716 1562.323700 4.00000
950  10721.312290 786.465054 4.00000
951  10492.410928 790.378127 4.00000
952  4391.895283 750.921560 4.00000
953  10263.687540 794.401109 4.00000
954  4626.921538 743.416672 4.00000
955  4860.283709 736.420334 4.00000
956  5092.157634 734.484912 4.00000
957  10035.035559 798.532232 4.00000
958  9685.233819 604.730484 4.00000
959  9806.102784 802.727651 4.00000
960  5322.735708 733.838978 4.00000
961  9455.455080 607.385119 4.00000
962  5550.756683 730.929732 4.00000
963  9225.972596 609.984738 4.00000
964  8996.822148 612.831639 4.00000
965  8767.837521 615.798526 4.00000
966  8538.911924 618.843537 4.00000
967  5779.283082 724.371438 4.00000
968  6010.056790 712.970200 4.00000
969  8309.952879 621.987750 4.00000
970  6240.676277 706.573092 4.00000
971  8080.810457 625.153410 4.00000
972  7851.301867 628.473812 4.00000
973  7621.167173 632.193142 4.00000
974  6469.967341 698.226830 4.00000
975  7390.147168 637.041512 4.00000
976  6699.380268 683.100581 4.00000
977  7158.424132 645.016224 4.00000
978  6928.411087 662.029550 4.00000
979  4284.411551 946.669004 4.00000
980  4176.607926 1144.498389 4.00000
981  4067.964981 1344.178923 4.00000
982  3959.208397 1544.293526 4.00000
983  3849.600176 1745.492153 4.00000
984  1866.674747 5379.361826 4.00000
985  1976.995701 5177.361700 4.00000
986  3739.585532 1947.197525 4.00000
987  3629.585959 2148.918573 4.00000
988  2087.286187 4975.420823 4.00000
989  3519.475163 2350.775736 4.00000
990  2197.580146 4773.536302 4.00000
991  2307.827657 4571.669368 4.00000
992  3409.364277 2552.639155 4.00000
993  2418.019846 4369.787691 4.00000
994  2528.182592 4167.890398 4.00000
995  2638.334683 3965.985307 4.00000
996  2748.483533 3764.077503 4.00000
997  3299.222991 2754.538495 4.00000
998  3189.076946 2956.443874 4.00000
999  2858.632336 3562.168505 4.00000
1000  2968.780999 3360.259652 4.00000
1001  3078.929380 3158.351254 4.00000
1002  1751.037312 5984.437032 4.00000
1003  1869.859259 5779.674582 4.00000
1004  1984.929673 5576.077074 4.00000
1005  1861.021698 6184.982036 4.00000
1006  1961.319001 6391.679892 4.00000
1007  2060.987437 6600.000000 4.02000
1008  0.000000 6800.000000 4.19810
1009  14189.408560 6054.127095 4.00000
1010  14069.135049 5867.307703 4.00000
1011  13949.883532 5679.696118 4.00000
1012  13830.854304 5485.933007 4.00000
1013  13712.308890 5291.173050 4.00000
1014  13593.280461 5095.329899 4.00000
1015  14078.216093 6241.012020 4.00000
1016  14196.328995 6420.969527 4.00000
1017  14313.004188 6600.000000 4.01852
1018  13473.912444 4899.210295 4.00000
1019  11557.247670 1758.179036 4.00000
1020  11677.217456 1954.265357 4.00000
1021  13354.256251 4702.936678 4.00000
1022  13234.507486 4506.616015 4.00000
1023  11797.068545 2150.510594 4.00000
1024  11916.874787 2346.821793 4.00000
1025  12036.670124 2543.147323 4.00000
1026  12156.453946 2739.492363 4.00000
1027  12276.237929 2935.837901 4.00000
1028  12396.020551 3132.183698 4.00000
1029  12515.793984 3328.527490 4.00000
1030  12635.564566 3524.870166 4.00000
1031  12755.347524 3721.215582 4.00000
1032  13114.707185 4310.267399 4.00000
1033  12875.121067 3917.561337 4.00000
1034  12994.919686 4113.914756 4.00000
1035  10843.372281 981.881587 4.00000
1036  10964.961357 1177.208684 4.00000
1037  11086.258068 1372.437983 4.00000
1038  11207.081742 1567.824704 4.00000
1039  11327.278146 1763.734164 4.00000
1040  10614.131278 986.290881 4.00000
1041  10384.815820 990.848547 4.00000
1042  4517.067332 939.758550 4.00000
1043  10155.838169 995.399658 4.00000
1044  4749.363093 933.292325 4.00000
1045  4980.685935 928.866669 4.00000
1046  5211.189192 925.097273 4.00000
1047  9926.639258 1000.030282 4.00000
1048  9576.707772 806.649238 4.00000
1049  9697.442341 1004.713723 4.00000
1050  5440.782762 919.934500 4.00000
1051  9347.010129 810.262897 4.00000
1052  5670.073270 914.518085 4.00000
1053  9117.417575 813.811887 4.00000
1054  8888.005400 817.476446 4.00000
1055  8658.703892 821.294381 4.00000
1056  8429.413050 825.138983 4.00000
1057  5899.848699 908.776991 4.00000
1058  6130.011883 899.200345 4.00000
1059  8200.030565 829.052326 4.00000
1060  6359.940331 892.209323 4.00000
1061  7970.431989 833.078296 4.00000
1062  7740.481219 837.379312 4.00000
1063  7510.077543 842.427896 4.00000
1064  6589.634329 884.405563 4.00000
1065  7279.340944 849.146201 4.00000
1066  6819.336889 872.490980 4.00000
1067  7048.840912 859.252851 4.00000
1068  4407.690676 1138.507161 4.00000
1069  4298.569305 1338.184457 4.00000
1070  4189.170770 1538.828682 4.00000
1071  4079.605483 1739.885269 4.00000
1072  3969.626593 1941.531814 4.00000
1073  2096.287847 5373.711043 4.00000
1074  2206.675160 5171.669780 4.00000
1075  3859.544520 2143.334919 4.00000
1076  3749.431220 2345.190541 4.00000
1077  2317.159644 4969.785982 4.00000
1078  3639.297633 2547.076957 4.00000
1079  2427.529182 4767.957635 4.00000
1080  2537.778214 4566.107637 4.00000
1081  3529.156427 2748.975202 4.00000
1082  2647.956384 4364.220920 4.00000
1083  2758.118537 4162.327957 4.00000
1084  2868.268383 3960.421640 4.00000
1085  2978.416817 3758.514089 4.00000
1086  3419.009791 2950.880937 4.00000
1087  3308.862010 3152.788466 4.00000
1088  3088.565261 3556.605448 4.00000
1089  3198.713824 3354.696670 4.00000
1090  1981.751377 5979.437455 4.00000
1091  2100.206314 5774.031488 4.00000
1092  2214.465828 5570.253341 4.00000
1093  2091.543314 6181.160419 4.00000
1094  2189.797104 6390.764183 4.00000
1095  2289.986041 6600.000000 4.01976
1096  0.000000 7250.000000 4.68690
1097  0.000000 7025.000000 4.19810
1098  165.113986 6964.014187 4.25058
1099  228.998604 6800.000000 4.07091
1100  13959.143225 6055.946899 4.00000
1101  13840.034925 5870.932372 4.00000
1102  13721.054462 5682.817487 4.00000
1103  13602.094923 5490.495773 4.00000
1104  13483.123863 5296.470276 4.00000
1105  13363.765171 5100.988139 4.00000
1106  13848.237472 6241.725497 4.00000
1107  13966.480197 6420.836071 4.00000
1108  14084.005584 6600.000000 4.01871
1109  13244.088682 4904.793457 4.00000
1110  11447.243505 1959.866423 4.00000
1111  11567.116934 2156.094849 4.00000
1112  13124.339521 4708.483336 4.00000
1113  13004.572825 4512.164293 4.00000
1114  11686.937161 2352.388730 4.00000
1115  11806.737977 2548.708879 4.00000
1116  11926.521563 2745.054536 4.00000
1117  12046.305056 2941.400102 4.00000
1118  12166.088929 3137.746319 4.00000
1119  12285.871497 3334.092348 4.00000
1120  12405.652492 3530.437880 4.00000
1121  12525.434278 3726.783585 4.00000
1122  12645.217401 3923.129899 4.00000
1123  12884.793086 4315.824408 4.00000
1124  12765.002295 4119.477062 4.00000
1125  10735.374641 1182.049397 4.00000
1126  10856.526601 1377.580549 4.00000
1127  10977.141310 1573.285353 4.00000
1128  11097.333264 1769.258079 4.00000
1129  11217.272866 1965.449979 4.00000
1130  10505.758726 1186.985944 4.00000
1131  10276.434697 1191.865515 4.00000
1132  4639.091103 1132.169799 4.00000
1133  10047.282077 1196.824507 4.00000
1134  4870.048567 1126.401023 4.00000
1135  5100.397780 1121.443351 4.00000
1136  5330.358290 1115.769636 4.00000
1137  9817.843902 1201.875613 4.00000
1138  9467.732047 1009.152423 4.00000
1139  9588.089318 1206.809000 4.00000
1140  5560.093952 1110.106019 4.00000
1141  9237.836504 1013.185427 4.00000
1142  5789.885157 1104.519707 4.00000
1143  9008.116097 1017.228804 4.00000
1144  8778.553728 1021.531584 4.00000
1145  8549.043142 1026.110467 4.00000
1146  8319.454090 1030.220831 4.00000
1147  6019.809650 1099.168194 4.00000
1148  6249.773777 1091.872948 4.00000
1149  8089.793159 1035.028591 4.00000
1150  6479.664784 1084.714936 4.00000
1151  7859.912325 1039.495557 4.00000
1152  7629.811925 1044.915857 4.00000
1153  7399.495686 1050.940950 4.00000
1154  6709.523451 1076.938632 4.00000
1155  7169.190987 1058.383624 4.00000
1156  6939.226186 1067.482426 4.00000
1157  4529.364793 1331.886480 4.00000
1158  4419.588009 1532.721219 4.00000
1159  4309.631572 1734.232384 4.00000
1160  4199.609788 1935.916067 4.00000
1161  4089.496531 2137.754071 4.00000
1162  2325.782069 5367.817896 4.00000
1163  2436.539512 5165.921238 4.00000
1164  3979.369703 2339.622946 4.00000
1165  3869.232428 2541.512530 4.00000
1166  2547.163075 4964.185562 4.00000
1167  3759.089018 2743.412806 4.00000
1168  2657.527232 4762.407397 4.00000
1169  2767.736259 4560.549020 4.00000
1170  3648.942511 2945.318133 4.00000
1171  2877.902854 4358.662817 4.00000
1172  2988.054650 4156.765628 4.00000
1173  3098.202234 3954.858824 4.00000
1174  3208.349835 3752.951011 4.00000
1175  3538.794955 3147.225255 4.00000
1176  3428.646727 3349.133602 4.00000
1177  3318.498082 3551.042421 4.00000
1178  2212.425841 5974.441789 4.00000
1179  2330.336747 5767.687489 4.00000
1180  2443.833936 5563.741586 4.00000
1181  2325.334698 6177.125487 4.00000
1182  2418.764107 6394.143566 4.00000
1183  2518.984645 6600.000000 4.01897
1184  0.000000 7700.000000 5.54600
1185  0.000000 7475.000000 5.01410
1186  153.792726 7354.538968 4.84719
1187  201.046498 7144.230334 4.52593
1188  347.141887 6975.227723 4.26772
1189  457.997208 6800.000000 4.07343
1190  13729.608751 6058.544907 4.00000
1191  13610.814845 5874.361792 4.00000
1192  13491.955826 5687.487996 4.00000
1193  13372.804608 5495.472767 4.00000
1194  13253.468763 5301.602265 4.00000
1195  13133.921855 5106.485066 4.00000
1196  13618.832288 6242.503882 4.00000
1197  13737.086061 6421.309382 4.00000
1198  13855.006980 6600.000000 4.01879
1199  13014.187210 4910.322850 4.00000
1200  11337.170440 2161.668218 4.00000
1201  11457.000904 2357.954459 4.00000
1202  12894.419006 4714.033827 4.00000
1203  12774.642468 4517.721166 4.00000
1204  11576.797902 2554.280267 4.00000
1205  11696.586973 2750.617264 4.00000
1206  11816.371967 2946.961529 4.00000
1207  11936.156000 3143.307965 4.00000
1208  12055.939932 3339.654779 4.00000
1209  12175.723521 3536.001477 4.00000
1210  12295.506783 3732.347794 4.00000
1211  12415.290194 3928.693824 4.00000
1212  12535.075569 4125.040467 4.00000
1213  12654.860175 4321.386330 4.00000
1214  10626.704364 1382.839204 4.00000
1215  10747.272575 1578.695919 4.00000
1216  10867.413475 1774.764059 4.00000
1217  10987.358629 1970.969266 4.00000
1218  11107.218170 2167.240531 4.00000
1219  10397.091559 1388.022120 4.00000
1220  10167.467708 1393.267752 4.00000
1221  4759.792607 1326.215126 4.00000
1222  9938.106750 1398.545032 4.00000
1223  4990.016371 1320.034819 4.00000
1224  5219.997115 1314.481304 4.00000
1225  5449.901369 1308.853116 4.00000
1226  9708.131368 1403.717820 4.00000
1227  9358.073285 1211.318377 4.00000
1228  9478.229631 1408.875635 4.00000
1229  5679.796768 1303.779571 4.00000
1230  9128.242848 1215.991942 4.00000
1231  5909.704881 1298.228343 4.00000
1232  8898.532449 1220.968502 4.00000
1233  8668.796449 1225.572422 4.00000
1234  8439.067494 1230.110262 4.00000
1235  8209.330592 1235.212288 4.00000
1236  6139.631094 1292.696305 4.00000
1237  6369.559734 1286.235785 4.00000
1238  7979.462133 1239.848720 4.00000
1239  6599.470605 1279.559479 4.00000
1240  7749.478570 1245.244417 4.00000
1241  7519.380042 1250.772682 4.00000
1242  7289.237927 1257.346009 4.00000
1243  6829.294560 1272.643806 4.00000
1244  7059.196235 1264.516086 4.00000
1245  4649.731270 1527.096127 4.00000
1246  4539.753942 1728.407841 4.00000
1247  4429.617352 1930.246301 4.00000
1248  4319.462396 2132.147658 4.00000
1249  4209.318952 2334.036756 4.00000
1250  2555.657544 5361.783919 4.00000
1251  2666.735401 5160.282563 4.00000
1252  4099.172665 2535.939031 4.00000
1253  3989.024686 2737.845918 4.00000
1254  2777.323312 4958.701836 4.00000
1255  3878.876524 2939.753441 4.00000
1256  2887.543410 4756.880664 4.00000
1257  2997.698298 4554.997236 4.00000
1258  3768.728066 3141.661633 4.00000
1259  3107.845453 4353.102475 4.00000
1260  3217.990443 4151.201755 4.00000
1261  3328.136478 3949.295230 4.00000
1262  3438.283542 3747.387285 4.00000
1263  3658.579736 3343.570170 4.00000
1264  3548.431758 3545.478627 4.00000
1265  2445.382594 5967.208398 4.00000
1266  2561.064346 5758.333911 4.00000
1267  2674.527829 5556.875910 4.00000
1268  2573.632153 6179.082141 4.00000
1269  2715.987282 6254.199226 4.00000
1270  2650.285081 6402.164944 4.00000
1271  2747.983249 6600.000000 4.01518
1272  0.000000 8150.000000 6.05720
1273  0.000000 7925.000000 5.71630
1274  182.043269 7810.858908 5.54437
1275  220.804004 7561.719032 5.16377
1276  346.395672 7347.304096 4.83616
1277  686.995812 6800.000000 4.07417
1278  455.913732 7157.408373 4.54606
1279  573.592650 6978.009042 4.27200
1280  13500.304819 6060.786730 4.00000
1281  13381.549938 5876.962582 4.00000
1282  13262.621527 5692.641352 4.00000
1283  13143.242247 5500.560450 4.00000
1284  12904.029009 5111.842297 4.00000
1285  13023.726153 5307.207723 4.00000
1286  13389.695082 6243.685382 4.00000
1287  13507.938937 6421.984081 4.00000
1288  13626.008376 6600.000000 4.01883
1289  12784.268638 4915.802632 4.00000
1290  11227.067592 2363.513852 4.00000
1291  11346.865294 2559.839781 4.00000
1292  12664.493554 4719.599107 4.00000
1293  12544.711070 4523.284895 4.00000
1294  11466.651094 2756.176760 4.00000
1295  11586.437037 2952.519868 4.00000
1296  11706.221871 3148.867491 4.00000
1297  11826.006209 3345.215426 4.00000
1298  11945.790549 3541.563253 4.00000
1299  12065.575230 3737.910725 4.00000
1300  12185.359057 3934.256823 4.00000
1301  12305.143229 4130.602611 4.00000
1302  12424.927351 4326.947944 4.00000
1303  10517.441858 1584.102111 4.00000
1304  10637.518350 1780.258298 4.00000
1305  10757.419529 1976.516151 4.00000
1306  10877.304336 2172.772249 4.00000
1307  10997.135158 2369.069623 4.00000
1308  10287.656269 1589.503857 4.00000
1309  10057.891942 1594.917781 4.00000
1310  4879.775772 1521.580941 4.00000
1311  9828.082923 1600.337600 4.00000
1312  5109.793175 1515.800107 4.00000
1313  5339.731608 1510.087894 4.00000
1314  5569.655128 1504.685956 4.00000
1315  9598.208463 1605.757948 4.00000
1316  9248.309361 1413.895835 4.00000
1317  9368.269725 1611.065166 4.00000
1318  5799.576403 1499.168654 4.00000
1319  9018.460102 1419.052138 4.00000
1320  6029.502147 1493.649539 4.00000
1321  8788.633980 1424.227277 4.00000
1322  8558.802920 1429.153356 4.00000
1323  8328.977774 1434.392207 4.00000
1324  8099.100594 1439.391680 4.00000
1325  6259.431666 1487.876796 4.00000
1326  6489.367084 1481.797609 4.00000
1327  7869.157560 1444.719786 4.00000
1328  6719.252449 1475.699653 4.00000
1329  7639.153548 1449.826595 4.00000
1330  7409.111291 1455.839058 4.00000
1331  7179.096523 1461.975754 4.00000
1332  6949.140820 1468.788141 4.00000
1333  4769.688535 1722.949368 4.00000
1334  4659.547862 1924.727351 4.00000
1335  4549.402033 2126.587326 4.00000
1336  4439.256686 2328.467980 4.00000
1337  4329.108874 2530.374766 4.00000
1338  2786.347257 5356.095584 4.00000
1339  2897.236947 5154.983339 4.00000
1340  4218.960300 2732.281076 4.00000
1341  4108.811710 2934.188697 4.00000
1342  3007.373640 4953.173537 4.00000
1343  3998.663505 3136.096676 4.00000
1344  3117.510194 4751.325183 4.00000
1345  3227.645035 4549.442385 4.00000
1346  3888.514936 3338.005259 4.00000
1347  3337.784668 4347.543240 4.00000
1348  3447.926773 4145.638620 4.00000
1349  3558.071329 3943.731113 4.00000
1350  3668.219003 3741.822337 4.00000
1351  3778.365345 3539.914705 4.00000
1352  2669.251556 5946.693010 4.00000
1353  2792.886933 5749.916196 4.00000
1354  2906.613427 5551.553255 4.00000
1355  2799.031837 6118.326331 4.00000
1356  2865.927796 6311.247673 4.00000
1357  2862.783158 6475.997279 4.00000
1358  2976.981853 6600.000000 4.01724
1359  0.000000 8375.000000 6.39780
1360  175.538673 8255.281601 6.22336
1361  174.466382 8034.326087 5.88578
1362  313.387318 7925.000000 5.71873
1363  378.733246 7738.323968 5.43355
1364  468.227409 7536.395976 5.12505
1365  915.994416 6800.000000 4.07443
1366  578.487874 7346.335894 4.83468
1367  803.572963 6978.721852 4.27302
1368  690.269292 7158.368789 4.54751
1369  13271.195940 6063.753416 4.00000
1370  13152.406669 5882.744209 4.00000
1371  13033.217751 5699.276561 4.00000
1372  12674.134371 5117.576103 4.00000
1373  12913.614682 5507.162031 4.00000
1374  12793.904975 5313.130680 4.00000
1375  13160.762298 6244.570090 4.00000
1376  13278.931462 6422.011315 4.00000
1377  13397.009772 6600.000000 4.01891
1378  12554.348679 4921.441608 4.00000
1379  11116.937436 2565.394674 4.00000
1380  11236.717649 2761.729823 4.00000
1381  12434.562837 4725.165927 4.00000
1382  12314.778203 4528.843774 4.00000
1383  11356.501708 2958.073559 4.00000
1384  11476.285991 3154.422706 4.00000
1385  11596.070300 3350.772652 4.00000
1386  11715.854995 3547.122569 4.00000
1387  11835.637160 3743.469182 4.00000
1388  11955.423635 3939.817180 4.00000
1389  12075.208685 4136.162006 4.00000
1390  12194.994295 4332.508349 4.00000
1391  10407.644175 1785.746340 4.00000
1392  10527.527997 1982.026897 4.00000
1393  10647.366994 2178.326054 4.00000
1394  10767.206316 2374.616857 4.00000
1395  10887.002303 2570.945120 4.00000
1396  10177.781788 1791.235331 4.00000
1397  9947.919038 1796.730448 4.00000
1398  4999.632672 1717.390099 4.00000
1399  9718.048963 1802.250119 4.00000
1400  5229.573325 1711.773713 4.00000
1401  5459.504099 1706.227565 4.00000
1402  5689.433589 1700.691005 4.00000
1403  9488.115457 1807.724471 4.00000
1404  9138.343204 1616.362147 4.00000
1405  9258.172841 1813.132080 4.00000
1406  5919.362134 1695.185259 4.00000
1407  8908.443869 1621.696748 4.00000
1408  6149.291252 1689.583228 4.00000
1409  8678.559641 1627.012962 4.00000
1410  8448.675626 1632.332614 4.00000
1411  8218.778051 1637.663734 4.00000
1412  7988.850038 1643.013680 4.00000
1413  6379.220473 1683.822347 4.00000
1414  6609.138610 1677.949209 4.00000
1415  7758.888740 1648.411198 4.00000
1416  6839.044726 1671.907905 4.00000
1417  7528.905083 1653.972432 4.00000
1418  7298.924900 1659.690795 4.00000
1419  7068.967963 1665.674436 4.00000
1420  4889.485133 1919.174646 4.00000
1421  4779.337144 2121.023840 4.00000
1422  4669.190758 2322.910825 4.00000
1423  4559.044298 2524.809879 4.00000
1424  4448.900343 2726.713871 4.00000
1425  3017.209760 5351.099858 4.00000
1426  3127.281318 5149.478921 4.00000
1427  4338.756217 2928.618711 4.00000
1428  4228.603172 3130.529051 4.00000
1429  3237.347784 4947.662627 4.00000
1430  4118.454992 3332.437371 4.00000
1431  3347.453879 4745.787962 4.00000
1432  3457.586448 4543.889631 4.00000
1433  4008.308945 3534.344640 4.00000
1434  3567.720099 4341.983657 4.00000
1435  3677.865732 4140.073526 4.00000
1436  3788.012970 3938.163234 4.00000
1437  3898.160702 3736.253440 4.00000
1438  2917.312848 5939.865341 4.00000
1439  3028.551592 5746.175749 4.00000
1440  3137.147985 5547.230039 4.00000
1441  3003.905411 6143.808951 4.00000
1442  3068.798271 6382.190465 4.00000
1443  3205.980457 6600.000000 4.01747
1444  0.000000 8825.000000 7.26520
1445  0.000000 8600.000000 6.57330
1446  180.670220 8478.042768 6.56367
1447  324.384524 8355.759753 6.37687
1448  373.710912 8138.560996 6.04502
1449  497.627264 7931.356738 5.72847
1450  595.732596 7729.932474 5.42072
1451  700.105135 7533.643256 5.12080
1452  1144.993020 6800.000000 4.07456
1453  1033.260825 6979.013704 4.27350
1454  810.016001 7344.894874 4.83246
1455  921.384693 7158.608735 4.54785
1456  13042.190828 6066.553804 4.00000
1457  12923.282305 5889.133466 4.00000
1458  12803.655872 5706.010833 4.00000
1459  12444.210797 5123.174430 4.00000
1460  12564.018232 5319.094317 4.00000
1461  12683.837846 5513.885359 4.00000
1462  12931.957663 6244.399662 4.00000
1463  13050.171515 6421.828337 4.00000
1464  13168.011168 6600.000000 4.01904
1465  12324.415786 4926.987358 4.00000
1466  11006.779465 2767.269000 4.00000
1467  11126.560748 2963.612137 4.00000
1468  12204.628706 4730.726999 4.00000
1469  12084.843974 4534.399806 4.00000
1470  11246.346810 3159.968785 4.00000
1471  11366.130884 3356.323420 4.00000
1472  11485.911679 3552.674405 4.00000
1473  11605.693860 3749.024692 4.00000
1474  11725.484689 3945.376671 4.00000
1475  11845.272913 4141.723528 4.00000
1476  11965.058979 4338.063546 4.00000
1477  10297.618105 1987.555331 4.00000
1478  10417.460159 2183.857748 4.00000
1479  10537.283626 2380.166421 4.00000
1480  10657.063433 2576.477323 4.00000
1481  10776.837105 2772.790393 4.00000
1482  10067.724435 1993.077755 4.00000
1483  9837.847496 1998.608213 4.00000
1484  5119.421254 1913.597802 4.00000
1485  9607.908589 2004.135041 4.00000
1486  5349.353867 1908.024777 4.00000
1487  5579.285423 1902.459879 4.00000
1488  5809.216945 1896.902784 4.00000
1489  9377.965149 2009.621834 4.00000
1490  9028.234329 1818.533875 4.00000
1491  9148.022256 2015.121159 4.00000
1492  6039.148039 1891.346278 4.00000
1493  8798.310002 1823.969009 4.00000
1494  6269.078246 1885.748383 4.00000
1495  8568.390767 1829.406201 4.00000
1496  8338.475132 1834.855611 4.00000
1497  8108.555988 1840.321310 4.00000
1498  7878.621279 1845.808122 4.00000
1499  6499.010022 1880.093889 4.00000
1500  6728.921792 1874.308160 4.00000
1501  7648.669946 1851.390890 4.00000
1502  6958.839146 1868.500462 4.00000
1503  7418.716759 1857.008851 4.00000
1504  7188.771256 1862.706804 4.00000
1505  5009.271318 2115.462725 4.00000
1506  4899.124543 2317.348321 4.00000
1507  4788.979410 2519.245395 4.00000
1508  3434.979061 6600.000000 4.01636
1509  4678.836470 2721.148293 4.00000
1510  4568.697325 2923.050150 4.00000
1511  3247.237535 5345.809077 4.00000
1512  3357.215149 5144.050690 4.00000
1513  4458.569033 3124.947691 4.00000
1514  4348.427080 3326.852998 4.00000
1515  3467.255519 4942.151219 4.00000
1516  4238.259815 3528.770745 4.00000
1517  3577.398232 4740.247691 4.00000
1518  3687.516775 4538.332848 4.00000
1519  4128.118664 3730.675388 4.00000
1520  3797.658274 4336.418491 4.00000
1521  3907.816659 4134.502659 4.00000
1522  4017.979281 3932.585273 4.00000
1523  3137.042287 5947.722976 4.00000
1524  3254.449664 5746.501147 4.00000
1525  3366.914754 5543.023253 4.00000
1526  3235.319425 6163.500923 4.00000
1527  3330.689798 6380.778427 4.00000
1528  3549.958082 6409.787175 4.00000
1529  0.000000 9275.000000 7.77880
1530  0.000000 9050.000000 7.43100
1531  156.087821 8936.636236 7.26430
1532  218.397448 8717.537317 6.92959
1533  386.815014 8524.406436 6.63449
1534  504.369130 8333.098285 6.34221
1535  607.966634 8129.372549 6.03097
1536  716.232880 7926.950439 5.72176
1537  822.238830 7727.931458 5.41766
1538  930.055178 7532.041832 5.11840
1539  1373.991624 6800.000000 4.07479
1540  1262.507560 6979.372977 4.27403
1541  1151.172170 7158.609619 4.54788
1542  1040.243939 7343.773923 4.83080
1543  0.000000 9500.000000 8.13080
1544  0.000000 9725.000000 8.47120
1545  12813.118742 6069.481272 4.00000
1546  12693.870916 5895.241009 4.00000
1547  12214.267593 5128.665527 4.00000
1548  12573.899750 5712.018181 4.00000
1549  12334.084688 5324.760448 4.00000
1550  12453.962375 5519.368465 4.00000
1551  12703.214615 6244.778048 4.00000
1552  12822.221694 6418.645979 4.00000
1553  12939.012563 6600.000000 4.01936
1554  12094.476727 4932.583995 4.00000
1555  10896.617438 2969.134714 4.00000
1556  11016.401421 3165.496941 4.00000
1557  11974.693065 4736.286002 4.00000
1558  11854.909169 4539.954813 4.00000
1559  11136.186926 3361.863927 4.00000
1560  11255.963551 3558.219741 4.00000
1561  11375.736168 3754.571351 4.00000
1562  11495.535906 3950.932079 4.00000
1563  11615.331570 4147.282962 4.00000
1564  11735.123204 4343.624521 4.00000
1565  10187.547649 2189.395944 4.00000
1566  10307.352967 2385.715176 4.00000
1567  10427.120502 2581.992893 4.00000
1568  10546.883191 2778.271798 4.00000
1569  10666.658457 2974.607082 4.00000
1570  9957.632533 2194.941265 4.00000
1571  9727.694990 2200.477460 4.00000
1572  5239.204137 2109.890313 4.00000
1573  9497.759207 2206.035473 4.00000
1574  5469.136264 2104.316604 4.00000
1575  5699.068594 2098.749495 4.00000
1576  5929.001060 2093.190545 4.00000
1577  9267.812547 2211.582778 4.00000
1578  8918.059898 2020.561095 4.00000
1579  9037.842791 2217.094241 4.00000
1580  6158.933073 2087.624735 4.00000
1581  8688.106252 2026.062342 4.00000
1582  6388.865367 2082.043911 4.00000
1583  8458.154087 2031.533962 4.00000
1584  8228.249613 2037.115449 4.00000
1585  7998.339013 2042.653785 4.00000
1586  7768.408503 2048.193940 4.00000
1587  6618.780316 2076.401410 4.00000
1588  6848.698982 2070.769465 4.00000
1589  7538.484537 2053.839231 4.00000
1590  7078.613990 2065.109603 4.00000
1591  7308.543520 2059.451257 4.00000
1592  5129.056373 2311.781602 4.00000
1593  5018.913387 2513.682052 4.00000
1594  4908.775139 2715.582555 4.00000
1595  3663.977665 6600.000000 4.01475
1596  4798.642770 2917.480306 4.00000
1597  4688.530736 3119.368321 4.00000
1598  3477.130733 5340.749312 4.00000
1599  3587.098136 5138.576496 4.00000
1600  4578.406357 3321.263534 4.00000
1601  4468.286134 3523.161454 4.00000
1602  3697.222481 4936.631563 4.00000
1603  4358.105530 3725.081737 4.00000
1604  3807.360531 4734.692006 4.00000
1605  3917.427904 4532.767874 4.00000
1606  4247.949808 3926.999277 4.00000
1607  4027.636505 4330.844641 4.00000
1608  4137.816884 4128.917636 4.00000
1609  3370.510752 5952.889158 4.00000
1610  3486.415463 5742.076812 4.00000
1611  3597.204020 5537.790882 4.00000
1612  3500.994526 6177.364454 4.00000
1613  3662.451941 6282.651008 4.00000
1614  3715.897437 6437.811700 4.00000
1615  168.208570 9394.487908 7.96380
1616  205.225485 9150.681776 7.59129
1617  358.096857 8940.557149 7.27029
1618  485.201160 8731.753478 6.95128
1619  610.085569 8526.218492 6.63728
1620  723.358236 8324.370642 6.32886
1621  832.612743 8122.157510 6.01994
1622  941.360660 7921.463705 5.71335
1623  1049.946532 7723.557045 5.41102
1624  1159.331126 7528.985452 5.11372
1625  1602.990228 6800.000000 4.07582
1626  1491.315894 6980.034192 4.27504
1627  1380.311824 7158.580345 4.54780
1628  1269.622340 7341.191520 4.82679
1629  0.000000 9950.000000 8.81270
1630  0.000000 10175.000000 9.31970
1631  180.803589 9616.991530 8.30370
1632  185.962740 9837.900610 8.64122
1633  336.630652 9518.634026 8.15347
1634  11984.306044 5134.170006 4.00000
1635  12583.872242 6073.405415 4.00000
1636  12464.167272 5902.165744 4.00000
1637  12104.107557 5329.961506 4.00000
1638  12343.990204 5718.612323 4.00000
1639  12223.989753 5525.182421 4.00000
1640  12474.206983 6246.847918 4.00000
1641  12593.875609 6415.538360 4.00000
1642  12710.013959 6600.000000 4.01990
1643  11864.533806 4938.115296 4.00000
1644  10786.446697 3170.991006 4.00000
1645  10906.231073 3367.379185 4.00000
1646  11744.757339 4741.830813 4.00000
1647  11624.976494 4545.512590 4.00000
1648  11025.973648 3563.727293 4.00000
1649  11145.743374 3760.095591 4.00000
1650  11265.562243 3956.477493 4.00000
1651  11385.376575 4152.840144 4.00000
1652  11505.181037 4349.183264 4.00000
1653  10077.420777 2391.266777 4.00000
1654  10197.197061 2587.561740 4.00000
1655  10316.929639 2783.734914 4.00000
1656  10436.690010 2980.028186 4.00000
1657  10556.470237 3176.413144 4.00000
1658  9847.478277 2396.794939 4.00000
1659  9617.533881 2402.328559 4.00000
1660  5358.988963 2306.220086 4.00000
1661  9387.575736 2407.862145 4.00000
1662  5588.920171 2300.653176 4.00000
1663  5818.852545 2295.088253 4.00000
1664  6048.784225 2289.526915 4.00000
1665  9157.571756 2413.349161 4.00000
1666  8807.813398 2222.521759 4.00000
1667  8927.526846 2418.832137 4.00000
1668  6278.716802 2283.959606 4.00000
1669  8577.813824 2228.064437 4.00000
1670  6508.632947 2278.383786 4.00000
1671  8347.888933 2233.699729 4.00000
1672  8118.058103 2239.391384 4.00000
1673  7888.125499 2244.965965 4.00000
1674  7658.210745 2250.505649 4.00000
1675  6738.552785 2272.809247 4.00000
1676  6968.442644 2267.215188 4.00000
1677  7428.258918 2256.045820 4.00000
1678  7198.309602 2261.598505 4.00000
1679  5248.845355 2508.120477 4.00000
1680  5138.713399 2710.018842 4.00000
1681  5028.586030 2911.913540 4.00000
1682  3892.976269 6600.000000 4.01649
1683  4918.478135 3113.796854 4.00000
1684  4808.407821 3315.663250 4.00000
1685  3707.114803 5335.245476 4.00000
1686  3817.120517 5133.082850 4.00000
1687  4698.326006 3517.539999 4.00000
1688  4588.266397 3719.425015 4.00000
1689  3927.194697 4931.062286 4.00000
1690  4478.173803 3921.346519 4.00000
1691  4037.415379 4729.111889 4.00000
1692  4147.613365 4527.185255 4.00000
1693  4368.058954 4123.294007 4.00000
1694  4257.632176 4325.259976 4.00000
1695  3608.811167 5940.200289 4.00000
1696  3717.722608 5734.903910 4.00000
1697  3827.126348 5531.840301 4.00000
1698  3737.352812 6128.937237 4.00000
1699  3863.517247 6330.097113 4.00000
1700  375.348069 9346.738096 7.89086
1701  464.168088 9149.626335 7.58968
1702  619.501137 8957.107750 7.29556
1703  723.922934 8724.868972 6.94077
1704  836.910335 8518.857881 6.62603
1705  948.416950 8316.685492 6.31715
1706  1058.979597 8115.256573 6.00942
1707  1168.453438 7914.227195 5.70230
1708  1278.350337 7717.153217 5.40121
1709  1388.287663 7522.148567 5.10328
1710  1831.988833 6800.000000 4.07695
1711  1719.099380 6984.352397 4.28167
1712  1609.071666 7158.645343 4.54792
1713  1498.635077 7338.044922 4.82203
1714  0.000000 10400.000000 9.31970
1715  194.855716 10062.500000 8.98438
1716  194.111043 10270.876432 9.30275
1717  342.128576 9950.000000 8.81248
1718  394.019574 9725.926637 8.47018
1719  515.613938 9528.512350 8.16858
1720  11754.340218 5139.712311 4.00000
1721  11874.093144 5335.596528 4.00000
1722  12354.481778 6079.900423 4.00000
1723  12234.237953 5909.155065 4.00000
1724  11993.897487 5530.080967 4.00000
1725  12113.932195 5724.641172 4.00000
1726  12244.927426 6251.293142 4.00000
1727  12364.855730 6415.934800 4.00000
1728  12481.015355 6600.000000 4.02047
1729  11634.592379 4943.595887 4.00000
1730  10676.266515 3372.857813 4.00000
1731  10795.948796 3569.187729 4.00000
1732  11514.830119 4747.367101 4.00000
1733  11395.048127 4551.074726 4.00000
1734  10915.680837 3765.571461 4.00000
1735  11035.529869 3961.998305 4.00000
1736  11155.384576 4158.391817 4.00000
1737  11275.230583 4354.751205 4.00000
1738  9967.263839 2593.116449 4.00000
1739  10086.973073 2789.170386 4.00000
1740  10206.703061 2985.358769 4.00000
1741  10326.464068 3181.714966 4.00000
1742  10446.246289 3378.198020 4.00000
1743  9737.307655 2598.587556 4.00000
1744  9507.334759 2604.061704 4.00000
1745  5478.771476 2502.558341 4.00000
1746  9277.331562 2609.565101 4.00000
1747  5708.704118 2496.995772 4.00000
1748  5938.636588 2491.434538 4.00000
1749  6168.564560 2485.872873 4.00000
1750  9047.266609 2615.045740 4.00000
1751  8697.457911 2424.362257 4.00000
1752  8817.082098 2620.485208 4.00000
1753  6398.484053 2480.311592 4.00000
1754  8467.413637 2430.023891 4.00000
1755  6628.390005 2474.752739 4.00000
1756  8237.444583 2435.787408 4.00000
1757  8007.570561 2441.489848 4.00000
1758  7777.731605 2447.061858 4.00000
1759  7547.855913 2452.585291 4.00000
1760  6858.262104 2469.196016 4.00000
1761  7088.076103 2463.645995 4.00000
1762  7317.851853 2458.127221 4.00000
1763  5368.644508 2704.458937 4.00000
1764  5258.523015 2906.353267 4.00000
1765  5148.427685 3108.231282 4.00000
1766  4025.849419 6448.276836 4.00000
1767  4121.974873 6600.000000 4.01866
1768  5038.367485 3310.084882 4.00000
1769  4928.361528 3511.915455 4.00000
1770  3937.087031 5329.563498 4.00000
1771  4047.080790 5127.441190 4.00000
1772  4818.420462 3713.746291 4.00000
1773  4708.569983 3915.620656 4.00000
1774  4157.332512 4925.442635 4.00000
1775  4598.670744 4117.588886 4.00000
1776  4267.702948 4723.525312 4.00000
1777  4378.184674 4521.598887 4.00000
1778  4488.488615 4319.611482 4.00000
1779  3838.284134 5929.486183 4.00000
1780  3947.936555 5729.095796 4.00000
1781  4057.174332 5526.099789 4.00000
1782  3957.554189 6123.660201 4.00000
1783  4052.538662 6289.342812 4.00000
1784  610.845158 9343.577939 7.88600
1785  656.487983 9161.524936 7.60786
1786  797.625349 9079.149472 7.48205
1787  851.005588 8912.273905 7.22711
1788  957.681794 8713.837699 6.92396
1789  1067.454032 8512.262151 6.61597
1790  1177.657066 8310.684401 6.30800
1791  1287.540604 8109.185022 6.00015
1792  1397.325805 7908.495100 5.69353
1793  1507.447198 7711.921713 5.39319
1794  1617.232813 7515.447830 5.09306
1795  2060.987437 6800.000000 4.07743
1796  1947.720067 6986.975908 4.28562
1797  1837.620266 7157.282793 4.54586
1798  1727.454591 7333.631331 4.81527
1799  0.000000 11075.000000 10.53600
1800  0.000000 10850.000000 10.02670
1801  0.000000 10625.000000 9.67340
1802  224.080794 10515.572814 9.67656
1803  364.281465 10354.599871 9.43065
1804  400.678213 10142.228247 9.10619
1805  527.161339 9923.579718 8.77214
1806  633.297262 9720.429424 8.46176
1807  743.542914 9515.767979 8.14911
1808  11524.406793 5145.270012 4.00000
1809  11644.071152 5341.081442 4.00000
1810  11763.655208 5535.461240 4.00000
1811  12124.738872 6087.135033 4.00000
1812  12004.048026 5915.268778 4.00000
1813  11883.591583 5729.406746 4.00000
1814  12015.650794 6259.277569 4.00000
1815  12135.630398 6418.663111 4.00000
1816  12252.016751 6600.000000 4.01601
1817  11404.695849 4949.155959 4.00000
1818  10565.765628 3574.478501 4.00000
1819  10685.493842 3770.945847 4.00000
1820  11284.941886 4752.937553 4.00000
1821  11165.129429 4556.664398 4.00000
1822  10805.365798 3967.458190 4.00000
1823  10925.301790 4163.927200 4.00000
1824  11045.227848 4360.323418 4.00000
1825  9857.021491 2794.606209 4.00000
1826  9976.719285 2990.631838 4.00000
1827  10096.430387 3186.843134 4.00000
1828  10216.171101 3383.338870 4.00000
1829  10335.438261 3579.498062 4.00000
1830  9627.073349 2800.106906 4.00000
1831  9397.083447 2805.633537 4.00000
1832  5598.566018 2698.901848 4.00000
1833  9166.952294 2811.036260 4.00000
1834  5828.491792 2693.343453 4.00000
1835  6058.422023 2687.782604 4.00000
1836  6288.342462 2682.226688 4.00000
1837  8936.693914 2816.399763 4.00000
1838  8586.882709 2626.118399 4.00000
1839  8706.180005 2821.690439 4.00000
1840  6518.239865 2676.674659 4.00000
1841  8356.794278 2632.096263 4.00000
1842  6748.091718 2671.129245 4.00000
1843  8126.745099 2638.114054 4.00000
1844  7896.810566 2643.834847 4.00000
1845  7666.903014 2649.336212 4.00000
1846  7437.144256 2654.733870 4.00000
1847  6977.822933 2665.615275 4.00000
1848  7207.466325 2660.153845 4.00000
1849  5488.447783 2900.800846 4.00000
1850  5378.376521 3102.678638 4.00000
1851  5268.321605 3304.528399 4.00000
1852  4219.206367 6396.899282 4.00000
1853  4350.973477 6600.000000 4.01984
1854  5158.357659 3506.318438 4.00000
1855  5048.518911 3708.058642 4.00000
1856  4166.993893 5323.740421 4.00000
1857  4277.401061 5121.677854 4.00000
1858  4938.836147 3909.829403 4.00000
1859  4829.332685 4111.758881 4.00000
1860  4387.694796 4919.829746 4.00000
1861  4719.558051 4313.884994 4.00000
1862  4498.716476 4717.996166 4.00000
1863  4609.488310 4516.024945 4.00000
1864  4069.525563 5928.919195 4.00000
1865  4177.854183 5723.389247 4.00000
1866  4287.204611 5520.058080 4.00000
1867  4196.566087 6147.780630 4.00000
1868  834.477830 9287.474034 7.80027
1869  976.524093 9105.290823 7.52194
1870  1079.563671 8907.407103 7.21965
1871  1187.234205 8707.356180 6.91399
1872  1296.967166 8506.244297 6.60679
1873  1406.830753 8304.760636 6.29894
1874  1516.689470 8103.262248 5.99110
1875  1626.769904 7903.414811 5.68574
1876  1736.761474 7705.458306 5.38331
1877  1846.527329 7509.565864 5.08406
1878  2289.986041 6800.000000 4.07705
1879  2176.643452 6987.622820 4.28664
1880  2066.142411 7153.802001 4.54049
1881  1956.233481 7326.289779 4.80402
1882  0.000000 11300.000000 10.84880
1883  144.372857 11175.483511 10.68475
1884  180.117010 10983.832547 10.39195
1885  196.536999 10759.178933 10.04873
1886  367.614729 10679.914989 9.92764
1887  452.191925 10516.398045 9.67784
1888  550.345352 10327.923819 9.38992
1889  646.886369 10123.275427 9.07726
1890  755.598329 9916.960288 8.76204
1891  863.891620 9711.854317 8.44869
1892  972.643055 9506.189428 8.13447
1893  11294.565573 5150.793257 4.00000
1894  11414.108708 5346.334867 4.00000
1895  11533.440189 5540.816308 4.00000
1896  11652.712677 5734.243495 4.00000
1897  11894.779154 6095.333811 4.00000
1898  11773.151381 5923.241662 4.00000
1899  11787.122808 6268.373006 4.00000
1900  11906.101868 6422.733594 4.00000
1901  12023.018147 6600.000000 4.01315
1902  11174.902958 4954.727207 4.00000
1903  10454.967665 3776.028043 4.00000
1904  10574.918906 3972.766600 4.00000
1905  11055.112497 4758.558167 4.00000
1906  10935.200779 4562.285601 4.00000
1907  10694.996161 4169.412745 4.00000
1908  10815.119931 4365.920287 4.00000
1909  9746.791744 2996.024117 4.00000
1910  9866.377565 3191.743185 4.00000
1911  9985.885706 3387.897404 4.00000
1912  10104.697906 3583.850489 4.00000
1913  10224.110409 3780.659466 4.00000
1914  9516.878169 3001.664525 4.00000
1915  9286.804032 3007.101604 4.00000
1916  5718.343468 2895.251520 4.00000
1917  9056.534197 3012.471816 4.00000
1918  5948.281679 2889.693572 4.00000
1919  6178.215345 2884.144514 4.00000
1920  6408.116923 2878.602588 4.00000
1921  8825.257363 3016.444091 4.00000
1922  8475.993147 2827.990022 4.00000
1923  8595.074866 3022.710427 4.00000
1924  6637.968895 2873.051784 4.00000
1925  8245.834575 2834.716246 4.00000
1926  6867.707185 2867.527696 4.00000
1927  8015.573217 2841.007642 4.00000
1928  7785.425504 2846.529337 4.00000
1929  7555.829893 2851.606579 4.00000
1930  7326.457495 2856.797704 4.00000
1931  7097.225833 2862.077190 4.00000
1932  5608.273474 3097.148984 4.00000
1933  5498.265560 3299.009051 4.00000
1934  5388.322133 3500.792940 4.00000
1935  4361.958970 6270.173747 4.00000
1936  4461.193124 6425.094692 4.00000
1937  4579.972081 6600.000000 4.01553
1938  5278.550566 3702.433789 4.00000
1939  5168.957972 3903.992612 4.00000
1940  4397.580756 5317.678512 4.00000
1941  4508.605610 5115.867855 4.00000
1942  5059.798259 4105.700827 4.00000
1943  4950.888172 4307.894114 4.00000
1944  4619.613704 4914.377715 4.00000
1945  4841.410468 4510.414274 4.00000
1946  4730.983565 4712.663853 4.00000
1947  4298.961187 5920.104987 4.00000
1948  4517.305127 5513.382920 4.00000
1949  4406.399295 5716.128012 4.00000
1950  4438.724740 6095.560240 4.00000
1951  1083.676256 9300.817661 7.82070
1952  1198.101330 9102.797852 7.51818
1953  1307.235268 8902.943454 7.21284
1954  1416.572997 8702.008110 6.90582
1955  1526.442754 8500.655787 6.59822
1956  1636.372745 8299.132790 6.29032
1957  1746.361760 8097.769172 5.98267
1958  1856.407692 7897.484000 5.67669
1959  2518.984645 6800.000000 4.07572
1960  1966.386075 7699.753730 5.37463
1961  2076.215229 7504.083591 5.07566
1962  2405.742570 6985.101532 4.28281
1963  2295.725628 7149.405278 4.53385
1964  2185.756971 7317.119513 4.79004
1965  0.000000 11525.000000 11.39060
1966  0.000000 11750.000000 11.72850
1967  210.594282 11373.036311 10.98660
1968  331.152995 11145.548696 10.63902
1969  408.639207 10897.784143 10.26049
1970  556.624721 10710.641012 9.97458
1971  666.650215 10514.886429 9.67554
1972  771.428731 10316.171586 9.37191
1973  877.165550 10113.312901 9.06200
1974  985.335434 9909.378629 8.75046
1975  1094.361295 9705.426276 8.43884
1976  1204.760817 9503.127064 8.12981
1977  11064.983501 5156.307817 4.00000
1978  11184.402647 5351.798046 4.00000
1979  11303.563398 5546.291272 4.00000
1980  11422.340969 5740.084909 4.00000
1981  11539.755929 5930.851995 4.00000
1982  11663.887780 6106.441542 4.00000
1983  11572.601882 6274.738660 4.00000
1984  11675.228645 6426.805133 4.00000
1985  11794.019543 6600.000000 4.01285
1986  10945.210897 4960.441145 4.00000
1987  10343.982114 3977.754992 4.00000
1988  10464.215387 4174.769494 4.00000
1989  10825.290334 4764.293103 4.00000
1990  10705.113422 4567.999878 4.00000
1991  10584.690679 4371.520907 4.00000
1992  9636.218675 3196.290679 4.00000
1993  9755.618602 3391.918309 4.00000
1994  9873.887548 3587.375004 4.00000
1995  9992.694413 3784.334125 4.00000
1996  10112.269056 3982.079306 4.00000
1997  9405.901328 3200.641857 4.00000
1998  9175.483830 3205.921373 4.00000
1999  5838.167718 3091.608904 4.00000
2000  8943.807166 3209.796980 4.00000
2001  6068.085257 3086.053544 4.00000
2002  6298.033485 3080.525089 4.00000
2003  6527.901485 3074.992793 4.00000
2004  8713.138209 3215.510942 4.00000
2005  8484.415811 3223.748170 4.00000
2006  8365.040746 3030.695245 4.00000
2007  6757.664861 3069.451143 4.00000
2008  8134.777200 3038.449648 4.00000
2009  6987.178581 3063.957018 4.00000
2010  7903.363883 3044.720808 4.00000
2011  7673.675110 3048.932584 4.00000
2012  7444.863914 3053.584533 4.00000
2013  7216.214751 3058.630208 4.00000
2014  5728.174569 3293.520110 4.00000
2015  5618.262573 3495.360251 4.00000
2016  5508.492224 3697.009341 4.00000
2017  4567.537427 6258.293808 4.00000
2018  4687.895470 6425.059825 4.00000
2019  4808.970685 6600.000000 4.01545
2020  5398.871980 3898.348525 4.00000
2021  5289.698594 4099.432784 4.00000
2022  4628.624863 5311.261011 4.00000
2023  4740.718481 5110.382292 4.00000
2024  5181.931558 4301.208469 4.00000
2025  5074.488647 4504.424582 4.00000
2026  4852.639138 4909.530952 4.00000
2027  4964.492394 4707.657126 4.00000
2028  4538.336551 5899.788262 4.00000
2029  4752.350506 5503.926813 4.00000
2030  4644.360227 5702.294505 4.00000
2031  4669.135895 6077.127852 4.00000
2032  1315.563022 9299.989026 7.81942
2033  1426.372658 9099.093643 7.51251
2034  1536.156373 8898.239846 7.20562
2035  1646.027173 8696.783236 6.89783
2036  1756.037021 8495.159083 6.58979
2037  1866.100230 8293.532304 6.28177
2038  1976.167868 8092.091477 5.97407
2039  2086.226221 7891.673377 5.66785
2040  2747.983249 6800.000000 4.07310
2041  2634.687611 6980.479876 4.27571
2042  2196.197290 7693.559988 5.36512
2043  2306.041934 7496.562544 5.06422
2044  2524.607558 7143.643293 4.52503
2045  2415.460803 7309.142511 4.77782
2046  0.000000 12200.000000 12.25610
2047  0.000000 11975.000000 11.72850
2048  194.855716 11637.500000 11.39064
2049  202.930957 11850.908114 11.71666
2050  365.848814 11520.088797 11.21124
2051  450.857031 11329.907896 10.92072
2052  554.848460 11116.069425 10.59399
2053  662.946475 10907.823092 10.27585
2054  779.552127 10708.832809 9.97183
2055  1435.065339 9497.898544 8.12178
2056  889.860739 10509.387618 9.66709
2057  997.898845 10308.330589 9.35994
2058  1106.114445 10105.866306 9.05067
2059  1215.115220 9902.947395 8.74061
2060  1324.707002 9700.314532 8.43101
2061  10835.838822 5162.069586 4.00000
2062  10955.128963 5357.495103 4.00000
2063  11073.980284 5552.265039 4.00000
2064  11192.989466 5745.619867 4.00000
2065  11310.419471 5934.400026 4.00000
2066  11415.911660 6145.506700 4.00000
2067  11426.504829 6394.985538 4.00000
2068  11565.020939 6600.000000 4.02111
2069  10715.696799 4966.326898 4.00000
2070  10232.612976 4179.832074 4.00000
2071  10353.423537 4377.100399 4.00000
2072  10595.374183 4770.138641 4.00000
2073  10475.004624 4573.840730 4.00000
2074  10607.235805 5168.184145 4.00000
2075  9525.288064 3395.135209 4.00000
2076  9643.197423 3589.624029 4.00000
2077  9760.828610 3786.312081 4.00000
2078  9879.475661 3985.065970 4.00000
2079  9999.663865 4184.201267 4.00000
2080  9294.292638 3397.071922 4.00000
2081  9062.388755 3400.883509 4.00000
2082  5958.045778 3288.010125 4.00000
2083  8829.536237 3406.641174 4.00000
2084  6187.968353 3282.479074 4.00000
2085  6417.888124 3276.944791 4.00000
2086  6647.727856 3271.413215 4.00000
2087  8600.516321 3413.512085 4.00000
2088  8376.164852 3415.225773 4.00000
2089  8253.901238 3236.649118 4.00000
2090  6877.347129 3265.876739 4.00000
2091  8020.885323 3246.350465 4.00000
2092  7106.472798 3260.386891 4.00000
2093  7789.763179 3247.110566 4.00000
2094  7562.100505 3250.464309 4.00000
2095  7334.756835 3255.145944 4.00000
2096  5848.095297 3489.968141 4.00000
2097  5738.316504 3691.827847 4.00000
2098  5628.629586 3893.292693 4.00000
2099  5037.969289 6600.000000 4.01791
2100  4795.672397 6251.869951 4.00000
2101  4918.761908 6426.810454 4.00000
2102  5518.993786 4093.895858 4.00000
2103  5410.361588 4293.317495 4.00000
2104  4862.065102 5305.137047 4.00000
2105  4973.549063 5106.111545 4.00000
2106  5307.188478 4496.472518 4.00000
2107  5202.025515 4702.969716 4.00000
2108  5086.829758 4906.012495 4.00000
2109  4773.171038 5887.173025 4.00000
2110  4985.331994 5497.739772 4.00000
2111  4878.598842 5693.367998 4.00000
2112  4901.931002 6069.813758 4.00000
2113  1545.461602 9296.053706 7.81341
2114  1655.718352 9094.537973 7.50553
2115  1765.724395 8893.066432 7.19774
2116  1875.731566 8691.411649 6.88967
2117  1985.840196 8489.631642 6.58138
2118  2095.960852 8287.939808 6.27324
2119  2206.062032 8086.395668 5.96535
2120  2316.121936 7886.155074 5.65940
2121  2976.981853 6800.000000 4.07719
2122  2862.667317 6976.819759 4.27014
2123  2751.193167 7137.594792 4.51580
2124  2426.104542 7686.571364 5.35446
2125  2535.836990 7489.672070 5.05364
2126  2644.835567 7300.135767 4.76410
2127  0.000000 12650.000000 13.11570
2128  0.000000 12425.000000 12.42380
2129  160.743880 12316.204897 12.42755
2130  211.730851 12095.799523 12.09080
2131  377.709084 11936.590994 11.84756
2132  424.163023 11726.494121 11.52659
2133  568.264471 11513.778150 11.20162
2134  674.433164 11310.925995 10.89168
2135  784.169882 11108.121248 10.58187
2136  894.433467 10905.655853 10.27254
2137  1006.797147 10704.602848 9.96537
2138  1665.050178 9492.949075 8.11419
2139  1554.849415 9694.957864 8.42289
2140  1116.867665 10503.511987 9.65812
2141  1226.027947 10301.758916 9.34989
2142  1335.295687 10099.526139 9.04095
2143  1444.877457 9897.172488 8.73181
2144  10726.776968 5363.662407 4.00000
2145  10844.818149 5558.662235 4.00000
2146  10962.828155 5752.845422 4.00000
2147  11082.719444 5940.152926 4.00000
2148  11199.877429 6088.524760 4.00000
2149  11213.314968 6279.259745 4.00000
2150  11223.258462 6458.176960 4.00000
2151  11336.022335 6600.000000 4.01951
2152  10486.561151 4972.421544 4.00000
2153  10121.057388 4382.623421 4.00000
2154  10242.960168 4580.015767 4.00000
2155  10365.148763 4776.237926 4.00000
2156  10379.813261 5174.578322 4.00000
2157  10500.243136 5369.291721 4.00000
2158  9412.829075 3590.072027 4.00000
2159  9529.424147 3785.657951 4.00000
2160  9646.292470 3985.815410 4.00000
2161  9764.876583 4187.476537 4.00000
2162  9886.469006 4387.517771 4.00000
2163  9183.087366 3588.679045 4.00000
2164  8946.518221 3585.499873 4.00000
2165  6077.902606 3484.461350 4.00000
2166  8714.160162 3584.208638 4.00000
2167  6307.873539 3478.929453 4.00000
2168  6537.920424 3473.519856 4.00000
2169  6767.695452 3467.934871 4.00000
2170  8487.140011 3580.244687 4.00000
2171  8290.110255 3572.434224 4.00000
2172  8141.818795 3465.660415 4.00000
2173  6997.112984 3462.288844 4.00000
2174  7901.202559 3445.965161 4.00000
2175  7225.654937 3456.731449 4.00000
2176  7676.466057 3446.864702 4.00000
2177  7452.523474 3451.470967 4.00000
2178  5968.129138 3686.594205 4.00000
2179  5858.539156 3888.635491 4.00000
2180  5748.781355 4089.956859 4.00000
2181  5266.967894 6600.000000 4.01506
2182  5153.895364 6428.684827 4.00000
2183  5028.772679 6254.114006 4.00000
2184  5638.104474 4288.847105 4.00000
2185  5526.632177 4479.988979 4.00000
2186  5094.317394 5301.325880 4.00000
2187  5206.465704 5104.344046 4.00000
2188  5457.727714 4697.811554 4.00000
2189  5321.806734 4905.461585 4.00000
2190  5006.904097 5880.563459 4.00000
2191  5216.100278 5494.355243 4.00000
2192  5111.013759 5687.994518 4.00000
2193  5138.279024 6067.873733 4.00000
2194  5489.669836 6600.000000 4.01352
2195  1775.269921 9291.142053 7.80591
2196  1885.422538 9089.416888 7.49774
2197  1995.478879 8887.734277 7.18958
2198  2105.596079 8685.904650 6.88123
2199  2215.734363 8484.073397 6.57288
2200  2325.870633 8282.354570 6.26469
2201  2435.996204 8080.829323 5.95682
2202  2546.104754 7880.321826 5.65048
2203  3205.980457 6800.000000 4.07170
2204  3098.414083 7000.660786 4.30655
2205  2967.271688 7130.252701 4.50455
2206  2873.881415 7287.455484 4.74469
2207  2656.127690 7680.546926 5.34526
2208  2765.835533 7480.690630 5.03994
2209  0.000000 13100.000000 13.62930
2210  0.000000 12875.000000 13.29110
2211  181.425411 12774.830134 13.12826
2212  222.552197 12531.839799 12.75700
2213  376.134959 12327.464607 12.44474
2214  472.174934 12116.478146 12.12240
2215  578.886196 11914.045318 11.81311
2216  680.687884 11712.586079 11.50534
2217  794.153897 11508.338352 11.19327
2218  904.131453 11305.381810 10.88321
2219  1014.246125 11102.886630 10.57384
2220  1894.935965 9487.818208 8.10640
2221  1124.855474 10900.939366 10.26529
2222  1235.424205 10699.362389 9.95736
2223  1784.799430 9689.634044 8.41471
2224  1674.696667 9891.630999 8.72336
2225  1345.368512 10497.692962 9.64926
2226  1455.027030 10295.771927 9.34078
2227  1564.763022 10093.698360 9.03204
2228  10617.947023 5564.953162 4.00000
2229  10732.177647 5760.550202 4.00000
2230  10850.079707 5959.317994 4.00000
2231  10980.911134 6171.725078 4.00000
2232  11033.426449 6416.639519 4.00000
2233  11107.023731 6600.000000 4.01523
2234  10256.185065 4979.020966 4.00000
2235  10009.027854 4586.288755 4.00000
2236  10132.193813 4783.545935 4.00000
2237  10154.118582 5181.500837 4.00000
2238  10276.245875 5374.778927 4.00000
2239  10393.417250 5569.278815 4.00000
2240  9299.044704 3781.062282 4.00000
2241  9413.968781 3980.696991 4.00000
2242  9528.429431 4189.135716 4.00000
2243  9648.298713 4392.762812 4.00000
2244  9774.976377 4591.362571 4.00000
2245  9062.914114 3769.740118 4.00000
2246  8827.022690 3762.846754 4.00000
2247  6198.070739 3681.188379 4.00000
2248  8594.638807 3752.932208 4.00000
2249  6428.132966 3675.704848 4.00000
2250  6658.204606 3670.191955 4.00000
2251  6887.952572 3664.473707 4.00000
2252  8365.347768 3735.830610 4.00000
2253  8167.892956 3695.566973 4.00000
2254  7982.525988 3647.484138 4.00000
2255  7117.141554 3658.615179 4.00000
2256  7782.661385 3639.202756 4.00000
2257  7345.332859 3652.838731 4.00000
2258  7570.373025 3647.087294 4.00000
2259  6088.364017 3883.590884 4.00000
2260  5979.173688 4086.470626 4.00000
2261  5869.520562 4288.439919 4.00000
2262  5393.313953 6431.123738 4.00000
2263  5277.586464 6260.060767 4.00000
2264  5587.460954 6441.639920 4.00000
2265  5757.807469 4479.568202 4.00000
2266  5646.084491 4611.907039 4.00000
2267  5652.295238 4771.595920 4.00000
2268  5324.802092 5300.379104 4.00000
2269  5437.841322 5106.792979 4.00000
2270  5548.061365 4916.285125 4.00000
2271  5239.507749 5876.790976 4.00000
2272  5443.427331 5493.570875 4.00000
2273  5340.156965 5685.060755 4.00000
2274  5375.610828 6065.617514 4.00000
2275  5685.252071 6600.000000 4.01178
2276  2005.106406 9285.922466 7.79793
2277  2115.237275 9084.098126 7.48960
2278  2225.367436 8882.241306 7.18122
2279  2335.510087 8680.367525 6.87278
2280  2445.660089 8478.534553 6.56446
2281  2555.817559 8276.754043 6.25612
2282  2666.026666 8075.387929 5.94851
2283  2776.279976 7874.210960 5.64114
2284  3289.021496 6952.644498 4.23319
2285  3434.979061 6800.000000 4.06569
2286  3257.668566 7104.170162 4.46469
2287  3110.773227 7242.756731 4.67643
2288  2997.390837 7467.905444 5.02042
2289  2886.645598 7672.518515 5.33302
2290  0.000000 13325.000000 13.97050
2291  175.792572 13213.874692 13.79897
2292  175.504819 12994.585691 13.46393
2293  322.154203 12898.585423 13.31726
2294  380.808754 12716.938056 13.03979
2295  472.502271 12518.293986 12.73627
2296  590.449783 12314.541593 12.42501
2297  698.154152 12110.433100 12.11316
2298  805.074887 11907.748918 11.80350
2299  913.607460 11705.130854 11.49395
2300  1023.858020 11502.273659 11.18402
2301  2124.849328 9482.393890 8.09813
2302  1133.927631 11299.744975 10.87460
2303  1244.016363 11097.520866 10.56566
2304  2014.698074 9684.284357 8.40655
2305  1354.304738 10895.642691 10.25725
2306  1464.624825 10693.860322 9.94897
2307  1904.566283 9886.163761 8.71499
2308  1794.498036 10088.100403 9.02347
2309  1574.623024 10492.010396 9.64056
2310  1684.529093 10290.071661 9.33208
2311  10504.295962 5763.932805 4.00000
2312  10612.720802 5963.401148 4.00000
2313  10729.121059 6167.233188 4.00000
2314  10799.681727 6391.548006 4.00000
2315  10878.025127 6600.000000 4.01835
2316  10023.887064 4987.252510 4.00000
2317  9895.566980 4792.358555 4.00000
2318  9932.090894 5193.281345 4.00000
2319  10056.427985 5379.925402 4.00000
2320  10173.342982 5573.085892 4.00000
2321  10284.638990 5765.060509 4.00000
2322  9179.858556 3961.928058 4.00000
2323  9300.601128 4180.436620 4.00000
2324  9389.009449 4403.680754 4.00000
2325  9664.623225 4791.896272 4.00000
2326  9545.872481 4597.351262 4.00000
2327  8940.325757 3950.206267 4.00000
2328  8705.940302 3938.192097 4.00000
2329  6318.838160 3878.587386 4.00000
2330  8472.572378 3925.190719 4.00000
2331  6549.063005 3873.082088 4.00000
2332  6778.895302 3867.128806 4.00000
2333  7008.488614 3860.972894 4.00000
2334  8243.511903 3903.953762 4.00000
2335  8028.056155 3871.283200 4.00000
2336  7868.333636 3804.174056 4.00000
2337  7237.991057 3854.707714 4.00000
2338  7697.004157 3843.684002 4.00000
2339  7468.250221 3848.462603 4.00000
2340  6209.766738 4082.025999 4.00000
2341  6100.212096 4286.017746 4.00000
2342  5984.371829 4488.081588 4.00000
2343  5533.318925 6260.674285 4.00000
2344  5695.518210 6352.997645 4.00000
2345  5769.665538 6471.531715 4.00000
2346  5847.159778 4695.534070 4.00000
2347  5772.925392 4919.556357 4.00000
2348  5556.460083 5302.632353 4.00000
2349  5670.009285 5111.702135 4.00000
2350  5466.856977 5873.115527 4.00000
2351  5671.468590 5495.348883 4.00000
2352  5564.035695 5684.537390 4.00000
2353  5598.835746 6054.883021 4.00000
2354  5855.386775 6600.000000 4.00904
2355  2234.993368 9280.512727 7.78964
2356  2345.142658 9078.603667 7.48116
2357  2455.289376 8876.701359 7.17269
2358  2565.442834 8674.819907 6.86433
2359  2675.615978 8472.984282 6.55593
2360  2785.832805 8271.187688 6.24764
2361  2896.149405 8069.419367 5.93940
2362  3006.646287 7867.379374 5.63074
2363  3663.977665 6800.000000 4.07135
2364  3598.470040 6956.496431 4.23911
2365  3446.627851 7059.523122 4.39650
2366  3343.506173 7265.265671 4.71082
2367  3229.601080 7459.557990 5.00768
2368  3117.608169 7664.453312 5.32070
2369  0.000000 13550.000000 14.30890
2370  0.000000 13775.000000 14.80230
2371  180.839590 13439.552652 14.14376
2372  322.573726 13325.000000 13.96874
2373  373.656729 13105.223899 13.63299
2374  501.221242 12905.471355 13.32779
2375  600.024162 12708.288664 13.02655
2376  706.883461 12508.391269 12.72115
2377  816.848921 12306.188453 12.41223
2378  925.520353 12103.609775 12.10277
2379  1034.259335 11901.180895 11.79348
2380  1143.742028 11698.754017 11.48420
2381  2354.777255 9476.855848 8.08965
2382  1253.696981 11496.364594 11.17504
2383  2244.628080 9678.760964 8.39811
2384  1363.744776 11294.131911 10.86604
2385  1473.871793 11092.090791 10.55737
2386  2134.477927 9880.670528 8.70657
2387  1583.990973 10890.176464 10.24890
2388  1694.208751 10688.309231 9.94044
2389  2024.354059 10082.567922 9.01505
2390  1914.307217 10284.486901 9.32354
2391  1804.257393 10486.410602 9.63204
2392  10383.156760 5959.168738 4.00000
2393  10477.089743 6169.930094 4.00000
2394  10554.257548 6391.252787 4.00000
2395  10649.026523 6600.000000 4.01851
2396  10173.335009 5950.550847 4.00000
2397  9768.325259 5013.187438 4.00000
2398  9563.843725 4960.086790 4.00000
2399  9744.198636 5214.038460 4.00000
2400  9845.543617 5383.683396 4.00000
2401  9957.082029 5572.804894 4.00000
2402  10069.711317 5765.885447 4.00000
2403  9050.919865 4149.741177 4.00000
2404  9150.698914 4341.622830 4.00000
2405  9205.085962 4515.766387 4.00000
2406  9344.079510 4608.689647 4.00000
2407  9417.710841 4804.022388 4.00000
2408  8813.942926 4134.324038 4.00000
2409  8580.034366 4119.948812 4.00000
2410  6440.174912 4076.508811 4.00000
2411  8347.719436 4102.236410 4.00000
2412  6670.132082 4070.370721 4.00000
2413  6899.690448 4063.924934 4.00000
2414  7129.270010 4057.350054 4.00000
2415  8114.645596 4079.732821 4.00000
2416  7852.978626 4018.324123 4.00000
2417  7359.452632 4050.169985 4.00000
2418  7594.234582 4041.985707 4.00000
2419  6331.426243 4280.735533 4.00000
2420  6221.558449 4485.675424 4.00000
2421  6109.382405 4692.823346 4.00000
2422  5731.266122 6211.708952 4.00000
2423  5846.060274 6350.079839 4.00000
2424  5934.025084 6478.531098 4.00000
2425  6007.251619 4905.206040 4.00000
2426  5912.929487 5116.901821 4.00000
2427  5791.838059 5308.044172 4.00000
2428  5684.386027 5871.318889 4.00000
2429  5894.416917 5494.760707 4.00000
2430  5779.002612 5688.465823 4.00000
2431  5801.813747 6046.740077 4.00000
2432  6003.384959 6600.000000 4.00686
2433  6070.439374 6496.021203 4.00000
2434  2464.925015 9274.954269 7.78115
2435  2575.073375 9073.047742 7.47275
2436  2685.225036 8871.147779 7.16429
2437  2795.397602 8669.272315 6.85584
2438  2905.597551 8467.398042 6.54744
2439  3015.863434 8265.481958 6.23893
2440  3126.284567 8063.452271 5.93027
2441  3892.976269 6800.000000 4.08185
2442  3237.030734 7861.133100 5.62116
2443  3778.476967 6998.318609 4.30300
2444  3639.349063 7102.829347 4.46266
2445  3568.930367 7267.013233 4.71351
2446  3460.015033 7458.543850 5.00609
2447  3348.369930 7658.609182 5.31179
2448  181.817567 13653.428160 14.47052
2449  163.851732 13836.777406 14.75065
2450  0.000000 14000.000000 14.80230
2451  384.501630 13525.372949 14.27486
2452  506.698449 13306.385683 13.94028
2453  610.840115 13102.028585 13.62807
2454  719.843488 12901.763502 13.32213
2455  826.830002 12701.384717 13.01599
2456  935.367659 12500.920272 12.70974
2457  1044.831733 12299.150281 12.40149
2458  1154.127112 12097.044692 12.09273
2459  1263.661965 11894.893568 11.78389
2460  1373.457049 11692.711509 11.47499
2461  2584.708297 9471.302715 8.08115
2462  2474.560098 9673.207485 8.38965
2463  1483.485678 11490.587132 11.16617
2464  2364.412507 9875.114215 8.69805
2465  1593.579701 11288.536924 10.85747
2466  1703.700934 11086.568091 10.54891
2467  2254.270186 10077.021318 9.00655
2468  1813.810239 10884.648921 10.24045
2469  1923.946052 10682.748681 9.93195
2470  2144.147740 10278.929456 9.31505
2471  2034.056980 10480.841364 9.62355
2472  10245.558744 6141.088248 4.00000
2473  10069.912353 6102.104640 4.00000
2474  10297.253606 6386.399633 4.00000
2475  10420.027919 6600.000000 4.01754
2476  9965.316645 5952.522996 4.00000
2477  9405.081099 4997.523274 4.00000
2478  9554.004937 5153.230585 4.00000
2479  9640.111859 5372.677861 4.00000
2480  9743.350299 5569.372417 4.00000
2481  9854.019736 5764.648813 4.00000
2482  8920.091910 4329.929247 4.00000
2483  9015.609647 4528.100930 4.00000
2484  9162.321235 4722.470306 4.00000
2485  9237.729435 4947.212107 4.00000
2486  8686.345077 4317.926658 4.00000
2487  8453.686078 4301.822949 4.00000
2488  6561.931337 4274.391401 4.00000
2489  8214.647459 4281.465031 4.00000
2490  6791.314360 4267.485109 4.00000
2491  7020.348234 4260.628066 4.00000
2492  7249.783460 4253.897859 4.00000
2493  7951.522595 4246.521602 4.00000
2494  7718.893849 4241.381062 4.00000
2495  7480.295643 4246.780618 4.00000
2496  6454.514447 4479.480852 4.00000
2497  6348.689737 4686.406001 4.00000
2498  6247.064859 4895.898557 4.00000
2499  5912.214876 6204.787684 4.00000
2500  6026.560235 6356.610625 4.00000
2501  6153.877934 5110.401044 4.00000
2502  6060.133650 5338.615393 4.00000
2503  6062.820457 5531.525414 4.00000
2504  5896.395251 5879.865464 4.00000
2505  5983.204962 5701.365171 4.00000
2506  5988.024421 6057.727848 4.00000
2507  6142.203145 6419.175340 4.00000
2508  6132.126847 6600.000000 4.00589
2509  6189.991501 6510.485492 4.00000
2510  2694.856745 9269.395984 7.77265
2511  2805.005550 9067.487967 7.46420
2512  2915.165776 8865.591341 7.15579
2513  3025.350097 8663.698701 6.84734
2514  3135.565976 8461.780725 6.53883
2515  3245.852423 8259.805844 6.23027
2516  3356.360290 8057.696447 5.92145
2517  4121.974873 6800.000000 4.08398
2518  3999.459260 7015.146972 4.32870
2519  3467.280071 7855.357498 5.61233
2520  3803.660803 7225.919453 4.65071
2521  3690.914319 7448.110630 4.99018
2522  3578.804228 7652.737726 5.30279
2523  4350.973477 6800.000000 4.08462
2524  361.406051 13788.696091 14.67719
2525  227.272727 14000.000000 14.91690
2526  533.072044 13650.889560 14.46662
2527  618.860592 13482.583787 14.20947
2528  726.476914 13289.459152 13.91443
2529  835.461811 13092.382995 13.61334
2530  944.735994 12893.922462 13.31018
2531  1054.073092 12694.390949 13.00532
2532  1163.779289 12494.160623 12.69939
2533  1273.487728 12292.663635 12.39161
2534  1383.236929 12090.805754 12.08321
2535  1493.149338 11888.864542 11.77464
2536  1603.180029 11686.883641 11.46609
2537  2814.640843 9465.744595 8.07265
2538  2704.492118 9667.650851 8.38115
2539  2594.343203 9869.557850 8.68960
2540  1713.280085 11484.903468 11.15750
2541  2484.195912 10071.466115 8.99805
2542  1823.408280 11282.943416 10.84895
2543  1933.544618 11081.012030 10.54045
2544  2374.056381 10273.372945 9.30655
2545  2043.667207 10879.098094 10.23195
2546  2153.798168 10677.190119 9.92345
2547  2263.923342 10475.281605 9.61505
2548  9875.705792 6171.504050 4.00000
2549  10072.550667 6278.329386 4.00000
2550  10079.039752 6461.711288 4.00000
2551  10191.029315 6600.000000 4.01458
2552  9749.215660 5960.444176 4.00000
2553  9329.518509 5158.618623 4.00000
2554  9426.644873 5355.802577 4.00000
2555  9526.825538 5559.727968 4.00000
2556  9636.453122 5762.538223 4.00000
2557  8792.906294 4518.919137 4.00000
2558  8904.107325 4724.120010 4.00000
2559  9011.925922 4929.380675 4.00000
2560  9107.853522 5138.193773 4.00000
2561  8557.408228 4502.615830 4.00000
2562  8316.322990 4479.672165 4.00000
2563  6684.082517 4471.868841 4.00000
2564  8063.475714 4446.998257 4.00000
2565  6912.012779 4464.077789 4.00000
2566  7140.063087 4457.115385 4.00000
2567  7369.271153 4451.343050 4.00000
2568  7833.443907 4447.349692 4.00000
2569  7600.887742 4447.324628 4.00000
2570  6579.398401 4677.807911 4.00000
2571  6480.128612 4886.697599 4.00000
2572  6382.771781 5093.651155 4.00000
2573  6079.615440 6205.821122 4.00000
2574  6167.525030 6317.085516 4.00000
2575  6295.693399 5299.493163 4.00000
2576  6238.406786 5500.962911 4.00000
2577  6176.932176 5692.842486 4.00000
2578  6093.580675 5912.792386 4.00000
2579  6154.698382 6077.152837 4.00000
2580  6256.657877 6412.457383 4.00000
2581  6244.117932 6600.000000 4.00470
2582  6295.337628 6521.207273 4.00000
2583  2924.789493 9263.836048 7.76415
2584  3034.939567 9061.929701 7.45569
2585  3145.099651 8860.030544 7.14724
2586  3255.274024 8658.119242 6.83879
2587  3365.469989 8456.186724 6.53029
2588  4579.972081 6800.000000 4.07575
2589  3475.729325 8254.218199 6.22171
2590  3586.157113 8052.163008 5.91301
2591  4219.753064 7009.074970 4.31940
2592  4047.240507 7235.499978 4.66536
2593  3697.038577 7849.784989 5.60384
2594  3924.836364 7438.436463 4.97538
2595  3809.240700 7646.012471 5.29256
2596  4422.530660 7015.055180 4.32855
2597  595.195263 13818.733826 14.72305
2598  454.545455 14000.000000 14.89240
2599  722.277776 13647.198200 14.46096
2600  835.304085 13467.059736 14.18580
2601  949.061361 13279.672855 13.89948
2602  1060.459773 13084.521191 13.60139
2603  1171.527277 12887.324543 13.30005
2604  1281.954792 12687.848766 12.99530
2605  1392.399367 12487.766735 12.68962
2606  1502.517389 12286.448708 12.38207
2607  1612.650252 12084.810903 12.07404
2608  1722.828038 11883.070634 11.76580
2609  1832.984581 11681.212846 11.45738
2610  3044.574717 9460.189275 8.06414
2611  2934.425081 9662.093412 8.37265
2612  2824.276121 9863.999544 8.68115
2613  2714.127532 10065.906145 8.98955
2614  1943.135331 11479.288925 11.14891
2615  2603.982423 10267.813893 9.29805
2616  2053.280677 11277.366652 10.84045
2617  2163.413708 11075.450273 10.53195
2618  2493.838484 10469.721943 9.60655
2619  2273.553909 10873.539754 10.22345
2620  2383.700001 10671.630402 9.91495
2621  9626.546459 6134.384897 4.00000
2622  9725.584620 6296.411369 4.00000
2623  9867.833757 6407.168458 4.00000
2624  9962.030711 6600.000000 4.01500
2625  9515.687728 5948.394308 4.00000
2626  9204.606762 5343.437601 4.00000
2627  9304.464787 5546.781585 4.00000
2628  9409.787038 5750.977282 4.00000
2629  8666.779225 4708.749155 4.00000
2630  8776.552172 4916.572272 4.00000
2631  8981.580221 5327.548830 4.00000
2632  8881.544815 5122.838787 4.00000
2633  8427.875038 4688.554810 4.00000
2634  8180.845425 4656.576112 4.00000
2635  6805.432274 4668.117433 4.00000
2636  7948.807135 4652.827092 4.00000
2637  7031.153918 4659.697822 4.00000
2638  7257.991048 4653.500212 4.00000
2639  7486.667710 4649.647670 4.00000
2640  7717.076475 4649.045829 4.00000
2641  6701.986128 4873.351039 4.00000
2642  6602.497743 5080.049952 4.00000
2643  6510.254092 5279.951838 4.00000
2644  6224.330736 6204.466653 4.00000
2645  6275.782761 6303.981783 4.00000
2646  6428.043055 5471.671656 4.00000
2647  6354.807989 5659.276736 4.00000
2648  6284.683953 5837.902851 4.00000
2649  6242.701884 5979.308262 4.00000
2650  6301.613660 6097.139117 4.00000
2651  6362.114084 6454.986161 4.00000
2652  6363.650993 6360.280115 4.00000
2653  6341.537652 6600.000000 4.00340
2654  6386.460580 6532.404879 4.00000
2655  6430.387854 6480.354713 4.00000
2656  3154.724751 9258.288448 7.75574
2657  3264.875864 9056.391731 7.44724
2658  3375.023036 8854.473624 7.13877
2659  3485.172439 8652.553784 6.83027
2660  3595.369256 8450.626720 6.52180
2661  4808.970685 6800.000000 4.07280
2662  4597.932575 7035.545328 4.35984
2663  4744.855757 6963.585372 4.24992
2664  3705.589194 8248.686432 6.21328
2665  3815.943694 8046.688128 5.90466
2666  4288.420269 7224.751653 4.64896
2667  4158.978366 7433.953966 4.96858
2668  3926.651165 7844.394078 5.59561
2669  4038.983750 7641.122182 5.28506
2670  4505.620287 7218.169738 4.63889
2671  813.882264 13821.622705 14.72748
2672  681.818182 14000.000000 14.90770
2673  937.352409 13642.299585 14.45353
2674  1056.015670 13458.904629 14.17331
2675  1171.957704 13269.932960 13.88464
2676  1287.487895 13079.008678 13.59295
2677  1399.260300 12881.147141 13.29065
2678  1510.557613 12681.970330 12.98634
2679  1621.340150 12481.594422 12.68024
2680  1731.876741 12280.475423 12.37293
2681  1842.231187 12078.949568 12.06504
2682  1952.627493 11877.385866 11.75708
2683  3274.514816 9454.657116 8.05573
2684  2062.839913 11675.564987 11.44879
2685  3164.359973 9656.541561 8.36414
2686  3054.209083 9858.441810 8.67265
2687  2944.059710 10060.347195 8.98105
2688  2833.911661 10262.254519 9.28955
2689  2173.025337 11473.708481 11.14036
2690  2723.764567 10464.161693 9.59805
2691  2283.177668 11271.798560 10.83195
2692  2393.323648 11069.888112 10.52345
2693  2613.620380 10666.069756 9.90650
2694  2503.473940 10867.978482 10.21495
2695  9249.760266 6083.463457 4.00000
2696  9383.801309 6134.466711 4.00000
2697  9509.283338 6295.088487 4.00000
2698  9626.838326 6442.176963 4.00000
2699  9733.032107 6600.000000 4.01574
2700  9288.321806 5947.553665 4.00000
2701  9076.699427 5533.103282 4.00000
2702  9182.041190 5737.489375 4.00000
2703  8856.403208 5513.127167 4.00000
2704  8541.819290 4901.710793 4.00000
2705  8653.109658 5112.625933 4.00000
2706  8758.109905 5312.651047 4.00000
2707  8304.070106 4882.003317 4.00000
2708  8066.188369 4862.919983 4.00000
2709  6924.074158 4861.961902 4.00000
2710  7831.813330 4854.074579 4.00000
2711  7147.602017 4853.871358 4.00000
2712  7373.286485 4850.047929 4.00000
2713  7601.321709 4849.200489 4.00000
2714  6819.861604 5063.179113 4.00000
2715  6720.320037 5261.356647 4.00000
2716  6627.400661 5452.465127 4.00000
2717  6366.749172 6225.619201 4.00000
2718  6541.405108 5636.021570 4.00000
2719  6459.371662 5816.030033 4.00000
2720  6380.843617 5966.828863 4.00000
2721  6443.740217 6095.286699 4.00000
2722  6441.456649 6408.393449 4.00000
2723  6457.735226 6306.167312 4.00000
2724  6426.281926 6600.000000 4.00000
2725  6498.803623 6468.107948 4.00000
2726  6463.104336 6537.881130 4.00000
2727  3384.668385 9252.776721 7.74727
2728  3494.822135 9050.915472 7.43893
2729  3604.961301 8849.023040 7.13042
2730  3715.100046 8646.991808 6.82179
2731  3825.240127 8445.111149 6.51337
2732  5037.969289 6800.000000 4.08100
2733  4923.469987 6998.318609 4.30297
2734  4736.684088 7180.916350 4.58193
2735  3935.357121 8243.326665 6.20508
2736  4045.402373 8041.621724 5.89690
2737  4386.277801 7428.150878 4.95967
2738  4268.111505 7635.762644 5.27685
2739  4155.696154 7839.344988 5.58786
2740  4604.865494 7424.890602 4.95470
2741  1036.743769 13820.509867 14.72579
2742  909.090909 14000.000000 14.81780
2743  1159.654284 13638.193313 14.44724
2744  1280.275183 13453.208545 14.16465
2745  1398.446342 13264.281860 13.87598
2746  1513.905068 13071.234790 13.58105
2747  3504.476965 9449.187422 8.04734
2748  1627.116915 12874.478547 13.28047
2749  1739.236106 12675.742127 12.97685
2750  1850.618448 12475.684059 12.67121
2751  1961.397979 12274.645346 12.36401
2752  2072.006619 12073.309236 12.05643
2753  2182.497974 11871.781904 11.74856
2754  3394.304260 9651.020197 8.35569
2755  2292.768759 11670.011901 11.44029
2756  3284.144175 9852.891548 8.66414
2757  3173.992788 10054.790762 8.97260
2758  3063.843543 10256.696386 9.28105
2759  2953.694610 10458.601510 9.58955
2760  2402.951493 11468.144300 11.13192
2761  2843.546719 10660.509002 9.89800
2762  2513.100466 11266.234019 10.82345
2763  2623.250744 11064.325601 10.51495
2764  2733.398566 10862.417011 10.20645
2765  9113.285071 6058.686702 4.00000
2766  9192.291383 6209.162683 4.00000
2767  9304.718185 6323.219480 4.00000
2768  9414.110866 6452.392569 4.00000
2769  9510.330164 6600.000000 4.01405
2770  9054.691491 5905.753402 4.00000
2771  8931.100394 5730.235137 4.00000
2772  8727.242848 5674.080998 4.00000
2773  8643.992110 5495.138431 4.00000
2774  8422.507730 5101.752548 4.00000
2775  8531.718041 5304.489461 4.00000
2776  8185.184786 5080.505653 4.00000
2777  7945.006137 5061.359032 4.00000
2778  7038.497909 5053.355237 4.00000
2779  7712.330878 5050.336019 4.00000
2780  7260.549381 5048.362458 4.00000
2781  7485.208823 5047.130657 4.00000
2782  6931.793645 5248.999900 4.00000
2783  6829.769863 5438.442386 4.00000
2784  6734.244314 5619.907018 4.00000
2785  6502.647761 6204.368754 4.00000
2786  6644.542668 5795.799993 4.00000
2787  6553.084821 5974.973638 4.00000
2788  6562.839382 6111.955055 4.00000
2789  6536.098593 6391.631844 4.00000
2790  6573.346105 6295.983290 4.00000
2791  6581.407447 6464.509028 4.00000
2792  6500.000000 6600.000000 4.00000
2793  6539.338051 6533.717111 4.00000
2794  6500.000000 6666.666663 4.00000
2795  6500.000000 6733.333337 4.00458
2796  3614.641549 9247.357279 7.73903
2797  3724.788710 9045.552104 7.43068
2798  6003.384959 6800.000000 4.04675
2799  3834.901424 8843.816822 7.12253
2800  5266.967893 6800.000000 4.07347
2801  5489.669836 6800.000000 4.06479
2802  5685.252071 6800.000000 4.06051
2803  5855.386775 6800.000000 4.05459
2804  3944.905421 8642.105193 6.81429
2805  4054.807940 8440.588463 6.50647
2806  5146.729552 7003.807149 4.31138
2807  4948.139039 7211.448984 4.62860
2808  4831.932334 7414.470899 4.93876
2809  4164.613633 8238.965647 6.19841
2810  4274.118783 8037.113187 5.89003
2811  4494.491314 7629.319357 5.26705
2812  4383.536794 7834.321976 5.58025
2813  4715.620361 7623.855728 5.25865
2814  1261.839147 13818.627584 14.72290
2815  1136.363636 14000.000000 14.81620
2816  1385.120855 13634.923979 14.44221
2817  1506.449941 13448.453154 14.15739
2818  1625.159702 13258.359007 13.86690
2819  1740.614356 13064.165971 13.57027
2820  3734.458277 9443.748842 8.03907
2821  3624.274501 9645.564377 8.34741
2822  1854.792453 12867.685422 13.27010
2823  1968.305401 12669.876688 12.96786
2824  2080.153573 12470.010993 12.66251
2825  2191.220246 12269.127078 12.35561
2826  2301.946212 12067.814404 12.04804
2827  2412.433905 11866.243803 11.74011
2828  3514.086997 9847.368831 8.65568
2829  2522.698484 11664.452324 11.43179
2830  3403.927577 10049.244343 8.96413
2831  3293.776352 10251.141536 9.27254
2832  3183.626984 10453.043811 9.58105
2833  3073.478100 10654.948514 9.88955
2834  2632.877378 11462.574570 11.12341
2835  2963.329416 10856.855362 10.19795
2836  2743.031658 11260.672045 10.81490
2837  2853.180799 11058.763442 10.50645
2838  8960.787418 6050.530144 4.00000
2839  9029.351718 6189.478661 4.00000
2840  9098.031121 6331.066541 4.00000
2841  9224.472576 6464.474437 4.00000
2842  9314.747929 6600.000000 4.00931
2843  8874.326586 5921.040754 4.00000
2844  8766.045185 5822.715934 4.00000
2845  8826.634461 6046.831560 4.00000
2846  8622.291441 5818.568383 4.00000
2847  8445.181449 5501.152366 4.00000
2848  8543.624750 5664.700939 4.00000
2849  8290.805678 5325.808222 4.00000
2850  8056.439512 5271.626382 4.00000
2851  7817.883307 5249.386932 4.00000
2852  7147.096314 5243.488966 4.00000
2853  7592.033818 5242.890896 4.00000
2854  7371.526211 5242.534818 4.00000
2855  7035.160176 5431.990644 4.00000
2856  6929.702720 5611.900462 4.00000
2857  6832.698520 5782.284955 4.00000
2858  6630.624872 6200.281867 4.00000
2859  6746.505513 5944.222400 4.00000
2860  6688.428118 6086.743288 4.00000
2861  6629.551775 6384.721872 4.00000
2862  6689.097887 6297.070884 4.00000
2863  6666.100432 6469.072432 4.00000
2864  6618.552208 6539.802959 4.00000
2865  6550.350553 6640.202337 4.00000
2866  6570.110570 6592.983816 4.00000
2867  6555.586637 6697.457814 4.00000
2868  6132.126847 6800.000000 4.04207
2869  6549.607902 6752.590072 4.00054
2870  6500.000000 6800.000000 4.02722
2871  6426.281926 6800.000000 4.02337
2872  6244.117932 6800.000000 4.03933
2873  6341.537652 6800.000000 4.03404
2874  6065.690757 6895.948013 4.14663
2875  3844.648510 9242.002084 7.73082
2876  3954.814327 9040.380791 7.42279
2877  5929.385867 6919.831966 4.18306
2878  4064.845679 8838.876707 7.11497
2879  5377.349799 6961.786736 4.24719
2880  5585.626978 6946.994355 4.22461
2881  5775.483731 6935.423383 4.20693
2882  5282.892486 7105.401892 4.46659
2883  4174.637344 8637.639777 6.80753
2884  4284.106225 8436.685863 6.50048
2885  5165.263415 7231.877202 4.65984
2886  5049.793653 7423.869216 4.95313
2887  4936.547888 7621.875885 5.25561
2888  4393.617091 8235.387857 6.19296
2889  4501.846651 8033.036932 5.88377
2890  4608.535931 7828.934315 5.57199
2891  4828.161246 7822.491631 5.56215
2892  1488.061172 13816.807356 14.72014
2893  1363.636364 14000.000000 14.81430
2894  1611.268000 13631.561387 14.43710
2895  1733.288951 13444.081212 14.15071
2896  1852.193716 13252.929664 13.85860
2897  1968.081489 13058.192621 13.56112
2898  3964.515101 9438.434057 8.03090
2899  3854.282811 9640.185209 8.33916
2900  3744.051384 9841.914731 8.64737
2901  2084.017741 12862.533516 13.26222
2902  2197.691910 12664.385040 12.95946
2903  2309.878486 12464.541192 12.65419
2904  2420.955909 12263.540232 12.34707
2905  2531.836972 12062.281778 12.03961
2906  2642.336250 11860.677535 11.73160
2907  3633.871723 10043.743034 8.95573
2908  2752.627406 11658.890245 11.42328
2909  3523.710976 10245.604119 9.26413
2910  3413.559887 10447.494149 9.57254
2911  3303.410486 10649.391102 9.88104
2912  3193.261705 10851.294486 10.18945
2913  2862.811389 11457.013760 11.11491
2914  3083.112906 11053.201219 10.49795
2915  2972.964003 11255.109130 10.80640
2916  8866.435184 6181.389787 4.00000
2917  8945.295461 6306.070076 4.00000
2918  8983.430830 6411.243746 4.00000
2919  9070.614133 6480.168034 4.00000
2920  9144.613225 6600.000000 4.00838
2921  8706.700563 5970.178347 4.00000
2922  8729.550030 6122.440198 4.00000
2923  8268.681373 5550.769897 4.00000
2924  8533.745677 5958.944993 4.00000
2925  8456.389609 5820.789078 4.00000
2926  8366.467450 5678.402728 4.00000
2927  8085.836558 5479.370343 4.00000
2928  7882.519219 5461.724322 4.00000
2929  7673.690203 5448.188826 4.00000
2930  7245.004198 5435.567169 4.00000
2931  7458.177626 5439.811454 4.00000
2932  7127.615909 5612.555708 4.00000
2933  7019.141940 5780.659187 4.00000
2934  6922.264882 5938.700522 4.00000
2935  6761.615217 6200.220010 4.00000
2936  6838.306962 6084.389955 4.00000
2937  6725.757788 6393.417901 4.00000
2938  6811.013902 6309.306943 4.00000
2939  6742.659425 6474.435789 4.00000
2940  6698.673947 6557.547041 4.00000
2941  6625.835535 6642.812338 4.00000
2942  6603.800211 6743.580261 4.00003
2943  6183.423024 6891.487934 4.13979
2944  6575.401630 6801.990326 4.02983
2945  6462.473731 6862.229547 4.09509
2946  6539.933218 6864.353105 4.09833
2947  6383.909789 6867.261277 4.10277
2948  6292.228241 6883.962320 4.12826
2949  6431.273530 6925.326347 4.19145
2950  6016.569170 6988.756254 4.28838
2951  6123.961193 6989.431470 4.28945
2952  4074.792428 9236.848530 7.72298
2953  4185.056795 9035.506510 7.41535
2954  5901.968880 7068.933459 4.41088
2955  4295.037353 8834.360429 7.10804
2956  5489.590010 7102.310199 4.46184
2957  5695.281815 7076.780520 4.42288
2958  5379.949686 7258.919895 4.70112
2959  4404.357975 8633.749612 6.80154
2960  4512.703712 8433.985517 6.49637
2961  5264.580422 7436.370370 4.97224
2962  5152.380784 7627.217606 5.26378
2963  5041.454641 7819.378877 5.55739
2964  4623.260982 8234.000875 6.19085
2965  4728.010278 8028.463454 5.87681
2966  4940.160246 8013.279733 5.85363
2967  1715.593572 13815.731188 14.71847
2968  1590.909091 14000.000000 14.81290
2969  1838.503886 13628.910877 14.43304
2970  1960.605463 13440.175832 14.14472
2971  2079.507456 13247.963768 13.85106
2972  2197.363210 13053.877384 13.55453
2973  4194.739987 9433.343674 8.02316
2974  4084.346490 9634.896835 8.33109
2975  3974.069295 9836.603110 8.63926
2976  3863.823625 10038.283895 8.94741
2977  2312.683140 12857.071523 13.25390
2978  2427.382824 12659.188303 12.95154
2979  2539.794391 12459.234966 12.64606
2980  2651.059147 12258.241974 12.33898
2981  2761.921650 12056.885537 12.03137
2982  2872.304626 11855.160785 11.72312
2983  3753.648702 10240.100940 9.25572
2984  2982.578732 11653.346001 11.41482
2985  3643.493291 10441.962915 9.56408
2986  3533.342757 10643.847242 9.87255
2987  3423.193617 10845.737129 10.18094
2988  3313.044468 11047.640411 10.48945
2989  3092.745806 11451.453137 11.10641
2990  3202.894381 11249.545494 10.79795
2991  8750.785875 6231.324926 4.00000
2992  8818.658648 6312.791048 4.00000
2993  8876.038807 6410.568530 4.00000
2994  8934.309243 6504.051987 4.00000
2995  8996.615041 6600.000000 4.00638
2996  8593.417630 6096.826895 4.00000
2997  8627.603563 6217.795363 4.00000
2998  8449.710105 6088.134114 4.00000
2999  8163.821381 5685.244399 4.00000
3000  8373.964633 5959.173102 4.00000
3001  8290.157226 5826.005306 4.00000
3002  7963.537639 5669.283920 4.00000
3003  7752.779535 5654.230941 4.00000
3004  7538.747715 5641.088412 4.00000
3005  7329.493352 5625.904108 4.00000
3006  7207.279516 5788.778903 4.00000
3007  7096.283550 5943.637373 4.00000
3008  7001.203445 6093.507581 4.00000
3009  6910.086485 6241.459161 4.00000
3010  6811.452785 6431.044438 4.00000
3011  6887.704495 6371.937251 4.00000
3012  6792.556075 6537.614940 4.00000
3013  6737.848054 6638.627160 4.00000
3014  6681.672424 6727.509337 4.00496
3015  6640.217112 6793.296576 4.01584
3016  6240.769749 6982.271085 4.27845
3017  6618.897295 6856.959200 4.08883
3018  6500.959860 6931.891678 4.20149
3019  6581.866799 6933.047878 4.20325
3020  6358.068662 6966.642537 4.25455
3021  6450.955608 6998.606695 4.30342
3022  6054.704454 7093.929027 4.44906
3023  6181.341352 7087.208952 4.43880
3024  4305.230202 9231.946281 7.71547
3025  4415.801805 9030.861501 7.40827
3026  5807.708617 7190.837317 4.59710
3027  5970.627108 7210.511176 4.62715
3028  4525.809086 8829.945332 7.10131
3029  5616.439297 7263.977796 4.70885
3030  5748.418978 7317.945741 4.79132
3031  5487.558971 7449.238870 4.99190
3032  4634.260897 8630.415839 6.79650
3033  4736.714644 8433.772750 6.49607
3034  5369.202593 7637.031452 5.27881
3035  5252.966267 7824.907166 5.56582
3036  5138.511414 8006.501240 5.84325
3037  4867.914019 8237.767075 6.19659
3038  5047.377604 8160.802612 6.07901
3039  1943.047512 13814.521427 14.71663
3040  1818.181818 14000.000000 14.81170
3041  2066.075810 13626.519965 14.42942
3042  2188.451343 13436.803209 14.13959
3043  2308.966804 13244.680836 13.84602
3044  2426.702618 13049.646833 13.54811
3045  4425.263850 9428.592666 8.01594
3046  4314.638083 9630.045173 8.32366
3047  4204.132886 9831.431082 8.63136
3048  4093.817388 10033.001653 8.93927
3049  3983.594768 10234.675018 9.24743
3050  2542.940539 12852.798061 13.24735
3051  2657.293748 12654.163716 12.94386
3052  2769.970241 12454.073209 12.63813
3053  2881.312508 12252.998204 12.33101
3054  2991.968336 12051.439747 12.02301
3055  3102.311858 11849.660167 11.71479
3056  3873.427885 10436.473453 9.55572
3057  3212.516882 11647.790330 11.40636
3058  3763.274060 10638.316411 9.86408
3059  3653.124522 10840.192921 10.17254
3060  3542.974373 11042.084959 10.48100
3061  3432.823419 11243.983567 10.78945
3062  3322.670696 11445.886777 11.09786
3063  8700.928479 6322.815317 4.00000
3064  8759.230251 6417.728915 4.00000
3065  8816.576976 6508.512066 4.00000
3066  8867.873153 6600.000000 4.00558
3067  8604.706227 6316.457921 4.00000
3068  8511.303546 6220.936125 4.00000
3069  8509.080187 6326.797756 4.00000
3070  8304.774683 6083.727268 4.00000
3071  8374.753917 6197.574732 4.00000
3072  8060.615605 5857.368232 4.00000
3073  8211.927704 5978.968909 4.00000
3074  7855.018008 5870.970584 4.00000
3075  7968.140214 5957.171740 4.00000
3076  7625.439019 5843.601519 4.00000
3077  7407.842448 5815.656359 4.00000
3078  7263.299896 5954.260686 4.00000
3079  7164.626587 6105.239900 4.00000
3080  7075.753365 6247.094181 4.00000
3081  6996.944272 6378.321913 4.00000
3082  6909.025029 6499.553801 4.00000
3083  6847.211796 6631.904758 4.00000
3084  6781.138549 6734.374546 4.00973
3085  6706.381876 6823.939812 4.05138
3086  6299.071521 7077.184683 4.42348
3087  6669.583136 6925.127504 4.19118
3088  6539.256276 7007.786497 4.31744
3089  6630.613755 7012.963476 4.32534
3090  6395.293773 7083.542079 4.43320
3091  6490.772355 7073.197308 4.41741
3092  6249.195124 7168.670503 4.56326
3093  6133.564816 7218.610213 4.63955
3094  4536.202637 9227.304953 7.70839
3095  4647.474757 9026.105499 7.40100
3096  6039.100948 7349.443744 4.83939
3097  5886.714929 7341.313298 4.82702
3098  4758.753685 8825.078661 7.09384
3099  5706.567728 7451.812413 4.99584
3100  5588.618464 7647.323587 5.29450
3101  4867.658266 8626.365895 6.79029
3102  4925.435131 8449.933096 6.52076
3103  5469.340811 7837.239261 5.58464
3104  5346.963048 8022.103210 5.86707
3105  5223.069340 8193.900412 6.12956
3106  5078.031067 8339.173495 6.35152
3107  2170.478259 13813.332406 14.71478
3108  2045.454545 14000.000000 14.81050
3109  2294.179966 13624.546939 14.42638
3110  2417.301061 13434.180801 14.13556
3111  2538.151880 13241.228601 13.84075
3112  4656.303852 9424.480352 8.00959
3113  2655.725423 13045.235182 13.54135
3114  4545.091241 9625.521334 8.31677
3115  4434.393057 9826.773693 8.62424
3116  4323.851692 10027.927567 8.93153
3117  4213.556450 10229.397130 9.23935
3118  4103.364478 10431.064871 9.54748
3119  2772.022592 12847.751146 13.23961
3120  2887.423528 12649.197418 12.93628
3121  2999.983996 12448.784805 12.63011
3122  3111.192786 12247.516779 12.32260
3123  3221.860607 12045.895193 12.01457
3124  3332.222535 11844.095760 11.70622
3125  3993.204889 10632.844886 9.85572
3126  3442.405396 11642.209959 11.39785
3127  3883.053568 10834.668893 10.16410
3128  3772.905637 11036.531032 10.47249
3129  3662.754575 11238.424691 10.78090
3130  3552.582508 11440.318401 11.08935
3131  8641.931338 6433.357463 4.00000
3132  8707.771759 6516.037680 4.00000
3133  8755.882068 6600.000000 4.00473
3134  8549.044392 6401.393305 4.00000
3135  8419.630719 6302.988051 4.00000
3136  8460.716052 6392.213378 4.00000
3137  8187.957621 6101.513762 4.00000
3138  8247.802405 6197.028948 4.00000
3139  8312.755080 6296.517704 4.00000
3140  7715.431439 6039.491230 4.00000
3141  8059.140566 6051.324052 4.00000
3142  7897.401996 6072.072457 4.00000
3143  7482.825123 6040.117391 4.00000
3144  7314.584605 6127.301102 4.00000
3145  7236.644619 6265.588606 4.00000
3146  7145.088037 6398.084016 4.00000
3147  7053.313070 6521.402801 4.00000
3148  6970.765051 6637.666933 4.00000
3149  6891.938025 6743.591173 4.01221
3150  6821.779122 6840.675038 4.07449
3151  6756.289821 6912.598047 4.17201
3152  6372.396437 7182.204637 4.58395
3153  6725.443923 7011.351395 4.32292
3154  6580.369281 7097.011949 4.45374
3155  6687.163114 7103.455633 4.46359
3156  6487.986835 7179.039322 4.57908
3157  6270.316962 7277.527807 4.72957
3158  6173.266691 7353.105881 4.84500
3159  4767.986174 9223.060246 7.70190
3160  4881.642134 9021.787377 7.39441
3161  6125.088705 7478.946901 5.03725
3162  5945.343441 7494.174995 5.06052
3163  4996.726336 8816.743480 7.08112
3164  5817.981543 7662.425056 5.31760
3165  5692.722077 7851.715319 5.60675
3166  5111.410225 8586.922930 6.73001
3167  5565.926013 8040.482808 5.89516
3168  5434.333434 8229.542413 6.18401
3169  5293.199471 8405.279501 6.45254
3170  4888.480094 9422.018762 8.00587
3171  2397.580848 13811.971079 14.71272
3172  2272.727273 14000.000000 14.80920
3173  2522.064418 13622.476926 14.42324
3174  2646.096317 13431.521747 14.13147
3175  2767.430443 13237.807003 13.83552
3176  4776.017294 9622.067445 8.31150
3177  2885.734643 13041.394967 13.53548
3178  4664.722639 9822.540661 8.61774
3179  4554.041414 10023.459845 8.92469
3180  4443.549175 10224.394906 9.23170
3181  4333.304225 10425.808456 9.53944
3182  4223.129722 10627.430398 9.84747
3183  3003.017673 12843.717535 13.23344
3184  3117.307034 12644.084528 12.92845
3185  3229.255285 12443.159995 12.62146
3186  3340.690176 12241.865916 12.31395
3187  3451.708018 12040.321514 12.00608
3188  3562.098067 11838.517479 11.69771
3189  4112.978556 10829.183476 10.15570
3190  3672.324469 11636.645780 11.38935
3191  4002.833505 11030.989236 10.46403
3192  3892.684484 11232.866774 10.77240
3193  3782.516494 11434.759633 11.08085
3194  8568.725533 6474.673803 4.00000
3195  8616.090211 6532.738723 4.00000
3196  8658.462348 6600.000000 4.00406
3197  8499.035457 6468.109072 4.00000
3198  8369.371794 6387.036966 4.00000
3199  8418.133765 6466.955116 4.00000
3200  8116.142747 6196.519632 4.00000
3201  8190.430394 6306.320603 4.00000
3202  8274.556077 6388.648605 4.00000
3203  7620.273476 6209.383442 4.00000
3204  7803.460651 6199.805168 4.00000
3205  7971.798086 6195.653644 4.00000
3206  7425.526801 6271.298924 4.00000
3207  7300.988254 6425.802769 4.00000
3208  7206.884643 6550.293828 4.00000
3209  7109.329781 6664.297268 4.00000
3210  7013.772621 6765.251802 4.01418
3211  6925.163210 6849.446464 4.09330
3212  6858.261047 6961.896484 4.24734
3213  6404.521707 7302.590558 4.76784
3214  6809.236200 7093.724930 4.44876
3215  6625.246083 7202.425268 4.61479
3216  6750.277829 7203.057785 4.61579
3217  6548.051952 7312.903527 4.78357
3218  6292.912901 7429.620043 4.96192
3219  6230.785642 7578.015311 5.18863
3220  5001.830414 9221.033685 7.69882
3221  5119.025662 9020.421376 7.39234
3222  6069.139708 7669.373871 5.32820
3223  5241.868045 8819.884640 7.08593
3224  5922.699046 7866.325425 5.62910
3225  5792.064474 8056.612374 5.91984
3226  5388.708374 8625.501223 6.78897
3227  5660.844862 8245.918639 6.20907
3228  5528.082735 8433.624754 6.49584
3229  5121.159864 9421.206205 8.00461
3230  5007.582968 9620.264641 8.30873
3231  2626.035174 13811.470203 14.71198
3232  2500.000000 14000.000000 14.80820
3233  2750.529910 13620.752924 14.42058
3234  2874.991204 13428.863526 14.12742
3235  2996.919348 13234.416577 13.83038
3236  4895.333637 9819.440501 8.61304
3237  3116.289892 13037.665112 13.52977
3238  4784.179640 10019.358005 8.91847
3239  4673.552278 10219.764236 9.22461
3240  4563.240141 10420.771734 9.53175
3241  4453.054358 10622.213506 9.83952
3242  4342.894920 10823.766314 10.14743
3243  3232.713518 12838.890988 13.22606
3244  3346.525763 12638.667006 12.92021
3245  3458.659263 12437.629249 12.61306
3246  3570.705904 12236.418413 12.30562
3247  3681.581115 12034.766566 11.99754
3248  3791.996470 11832.953157 11.68926
3249  4232.756500 11025.477662 10.45561
3250  3902.233799 11631.082164 11.38085
3251  4122.613472 11227.318122 10.76399
3252  4012.454506 11429.202728 11.07240
3253  8537.526269 6537.770453 4.00000
3254  8573.718074 6600.000000 4.00000
3255  8460.066726 6535.648378 4.00000
3256  8330.439069 6474.898946 4.00000
3257  8381.106490 6543.045954 4.00000
3258  8049.587071 6321.098930 4.00000
3259  8244.107285 6487.870429 4.00000
3260  8141.738987 6438.109801 4.00000
3261  7571.390016 6359.555600 4.00000
3262  7723.006827 6346.032340 4.00000
3263  7892.849487 6336.197711 4.00000
3264  7459.767943 6459.357894 4.00000
3265  7368.442431 6586.445565 4.00000
3266  7265.249667 6705.351972 4.00256
3267  7147.143120 6806.102041 4.07042
3268  7023.118784 6928.285885 4.20049
3269  6950.413096 7078.932425 4.42617
3270  6467.937189 7442.285465 4.98124
3271  6883.858191 7203.655857 4.61669
3272  6688.456944 7316.024042 4.78834
3273  6807.706445 7299.060977 4.76246
3274  6623.439735 7442.146855 4.98103
3275  6384.888479 7583.325566 5.19672
3276  6281.898419 7728.810176 5.41898
3277  5237.132556 9221.916440 7.70012
3278  5362.241758 9026.746697 7.40194
3279  6144.950856 7884.973590 5.65762
3280  5500.561364 8835.284890 7.10946
3281  6019.335619 8072.852341 5.94464
3282  5891.559167 8262.622555 6.23458
3283  5629.908516 8642.222391 6.81452
3284  5761.505339 8451.938310 6.52382
3285  5354.742936 9423.734241 8.00847
3286  5239.383057 9620.395360 8.30890
3287  5126.259802 9817.870899 8.61063
3288  2853.048177 13810.039969 14.70976
3289  2727.272727 14000.000000 14.90400
3290  2978.998843 13618.940332 14.41785
3291  3103.650612 13425.917072 14.12291
3292  3226.109373 13230.645063 13.82458
3293  5014.334385 10016.093593 8.91350
3294  3345.466697 13033.053386 13.52271
3295  4903.523909 10215.610245 9.21828
3296  4793.153393 10416.016732 9.52451
3297  4682.958207 10617.094439 9.83167
3298  4572.798931 10818.409697 10.13922
3299  4462.669412 11020.015209 10.44725
3300  3461.117008 12833.487995 13.21786
3301  3575.924522 12633.319108 12.91201
3302  3688.853930 12432.345058 12.60500
3303  3800.383980 12230.862815 12.29713
3304  3911.452173 12029.212996 11.98907
3305  4021.901714 11827.394384 11.68075
3306  4352.535653 11221.801266 10.75554
3307  4132.209138 11625.537301 11.37236
3308  4242.390943 11423.653890 11.06389
3309  8500.000000 6600.000000 4.00000
3310  8424.598370 6598.009674 4.00000
3311  8359.782888 6606.703424 4.00000
3312  8450.392098 6647.409928 4.00000
3313  8293.618123 6576.060188 4.00000
3314  7976.365220 6477.872239 4.00000
3315  8180.184171 6561.634607 4.00000
3316  8077.624608 6551.314418 4.00000
3317  7641.903675 6487.026836 4.00000
3318  7806.455713 6484.200544 4.00000
3319  7543.931161 6621.322517 4.00000
3320  7436.155041 6752.643639 4.02317
3321  7169.824105 6949.574366 4.22853
3322  7313.740656 6888.988131 4.16120
3323  7103.792406 7069.710650 4.41209
3324  7027.942607 7202.280529 4.61461
3325  6553.808357 7583.126242 5.19645
3326  6936.711940 7349.434491 4.83942
3327  6779.227319 7423.132711 4.95200
3328  6703.156648 7575.409145 5.18465
3329  6483.213572 7742.615315 5.44012
3330  6378.429537 7914.580258 5.70286
3331  5475.863594 9229.733751 7.71210
3332  5604.186393 9038.562918 7.42001
3333  6247.780150 8090.577915 5.97171
3334  5734.694064 8848.336247 7.12938
3335  6122.012220 8279.873611 6.26088
3336  5994.019509 8468.970203 6.54979
3337  5864.617245 8658.271317 6.83901
3338  5590.698731 9431.077783 8.01970
3339  5471.404639 9623.203938 8.31325
3340  5356.812813 9817.585703 8.61019
3341  5244.388435 10013.825899 8.91000
3342  3080.906954 13809.076355 14.70833
3343  2954.545455 14000.000000 14.90330
3344  3206.849322 13616.656511 14.41437
3345  3331.759701 13422.525139 14.11775
3346  3454.871516 13226.481043 13.81824
3347  5133.408160 10212.047535 9.21287
3348  3574.104714 13028.159379 13.51524
3349  5023.021218 10411.631184 9.51774
3350  4912.832224 10612.151091 9.82409
3351  4802.702928 10813.290601 10.13144
3352  4692.576268 11014.626237 10.43901
3353  4582.456502 11216.291582 10.74716
3354  3690.410335 12828.401224 13.21007
3355  3806.109515 12628.150866 12.90410
3356  3918.984489 12426.980728 12.59676
3357  4030.283058 12225.364258 12.28878
3358  4141.379805 12023.672852 11.98062
3359  4251.885202 11821.854163 11.67227
3360  4472.321072 11418.111018 11.05543
3361  4362.150817 11619.984952 11.36386
3362  8500.000000 6666.666663 4.00000
3363  8318.327575 6672.490664 4.00000
3364  8396.199789 6656.419739 4.00000
3365  8444.413238 6702.542328 4.00000
3366  7864.521356 6606.934196 4.00000
3367  8219.260569 6665.465782 4.00000
3368  7992.210085 6629.804954 4.00000
3369  8108.823008 6655.742076 4.00000
3370  8262.393597 6761.080022 4.01211
3371  7740.087716 6651.139944 4.00000
3372  7617.230161 6791.321221 4.04065
3373  7508.336170 6922.432431 4.18928
3374  7261.513389 7054.351376 4.38862
3375  7405.123555 7034.490459 4.35826
3376  7191.219380 7200.911558 4.61252
3377  7102.598004 7327.927543 4.80656
3378  7030.886439 7440.789791 4.97899
3379  6673.166998 7722.861037 5.40993
3380  6930.302042 7538.765036 5.12870
3381  6835.650013 7678.761167 5.34254
3382  6628.520737 7925.399438 5.71936
3383  6484.228147 8115.121988 6.00925
3384  5712.397356 9240.277393 7.72821
3385  5840.239687 9051.607168 7.43994
3386  6353.328631 8298.172856 6.28887
3387  5969.322206 8863.217684 7.15214
3388  6226.683561 8486.772442 6.57701
3389  6098.391877 8674.945266 6.86453
3390  5825.110381 9440.396355 8.03393
3391  5704.673477 9629.121018 8.32229
3392  5587.691524 9819.642516 8.61338
3393  5474.044117 10012.567705 8.90805
3394  5363.063859 10208.980511 9.20821
3395  3309.495431 13808.404058 14.70729
3396  3181.818182 14000.000000 14.90280
3397  3435.580964 13614.669323 14.41131
3398  3560.832588 13419.460231 14.11303
3399  3683.429037 13222.229793 13.81175
3400  5252.800237 10407.548154 9.51152
3401  3804.205405 13023.689802 13.50837
3402  5142.693029 10607.523563 9.81706
3403  5032.575633 10808.116174 10.12353
3404  4922.476308 11009.345967 10.43093
3405  4812.366765 11210.855317 10.73885
3406  4702.243421 11412.580296 11.04702
3407  3921.000847 12823.600192 13.20272
3408  4036.429858 12622.937909 12.89614
3409  4149.069229 12421.558970 12.58848
3410  4260.428674 12219.897189 12.28040
3411  4371.275245 12018.126795 11.97214
3412  4481.802158 11816.298356 11.66375
3413  4592.093793 11614.428356 11.35539
3414  8449.649265 6759.797869 4.00161
3415  8500.000000 6733.333337 4.00875
3416  8374.163643 6757.188594 4.00348
3417  8429.889430 6807.016184 4.02748
3418  8301.326053 6842.452959 4.07755
3419  7894.802363 6730.629520 4.02585
3420  8153.257081 6767.030077 4.01879
3421  8030.401535 6759.202620 4.01967
3422  8208.026659 6861.852058 4.10200
3423  8256.010355 6926.649151 4.19350
3424  7788.254249 6834.656603 4.07609
3425  7684.788242 6965.816045 4.25334
3426  7569.478191 7117.011305 4.48432
3427  7372.549370 7189.669051 4.59531
3428  7278.193021 7361.763767 4.85826
3429  7141.684320 7526.635155 5.11013
3430  6834.652661 7831.854916 5.57644
3431  7000.228905 7715.505531 5.39869
3432  6835.434953 8010.116655 5.84877
3433  6710.519981 8140.646754 6.04819
3434  6586.803099 8321.364298 6.32427
3435  5948.518166 9253.052139 7.74771
3436  6075.415980 9066.323551 7.46246
3437  6460.154504 8506.018025 6.60638
3438  6204.122243 8879.725418 7.17737
3439  6332.802052 8693.067517 6.89220
3440  6058.707946 9452.069473 8.05178
3441  5937.790524 9637.244601 8.33467
3442  5819.772652 9823.841137 8.61978
3443  5703.856416 10012.791028 8.90843
3444  5592.086301 10205.653016 9.20305
3445  5482.444648 10403.506639 9.50535
3446  3536.749812 13806.942861 14.70505
3447  3409.090909 14000.000000 14.90240
3448  3664.376525 13612.529001 14.40803
3449  3790.465131 13416.370448 14.10833
3450  3914.278762 13218.514564 13.80602
3451  5372.485750 10602.721874 9.80974
3452  4034.932708 13019.196058 13.50152
3453  5262.443110 10802.972899 10.11562
3454  5152.371927 11003.927353 10.42269
3455  5042.279099 11205.414781 10.73049
3456  4932.164698 11407.070777 11.03860
3457  4822.017531 11608.880575 11.34693
3458  4152.360761 12818.788413 13.19538
3459  4266.905982 12617.673297 12.88810
3460  4379.155868 12416.109062 12.58014
3461  4490.757439 12214.428985 12.27204
3462  4601.398189 12012.609223 11.96371
3463  4711.801520 11810.753305 11.65530
3464  8500.000000 6800.000000 4.02630
3465  8381.369581 6860.117117 4.09228
3466  8460.673244 6866.373981 4.10141
3467  8333.502907 6930.915393 4.20004
3468  7942.667872 6873.144614 4.12227
3469  8090.809789 6899.054855 4.15640
3470  8187.956446 6970.450343 4.26039
3471  8274.219430 7005.998586 4.31470
3472  7849.949142 6995.888276 4.29926
3473  7758.043802 7131.688771 4.50676
3474  7683.253231 7269.045410 4.71659
3475  7515.929590 7359.079637 4.85413
3476  7376.237828 7552.181137 5.14918
3477  7218.486213 7744.131643 5.44243
3478  7038.931692 7941.470352 5.74391
3479  6935.622053 8166.372030 6.08750
3480  6817.201424 8341.873038 6.35564
3481  6695.385907 8526.353126 6.63746
3482  6182.739643 9267.283547 7.76942
3483  6309.936114 9082.540439 7.48721
3484  6569.024541 8712.927229 6.92252
3485  6439.293090 8898.186043 7.20558
3486  6290.844388 9465.760766 8.07268
3487  6169.799575 9648.017881 8.35113
3488  6051.424374 9830.029064 8.62918
3489  5934.926899 10014.326538 8.91077
3490  5822.143542 10203.663769 9.20006
3491  5712.204067 10399.250050 9.49885
3492  5602.317630 10597.833487 9.80226
3493  3765.591404 13806.054786 14.70368
3494  3636.363636 14000.000000 14.90170
3495  3893.001698 13610.197519 14.40445
3496  4020.195241 13413.075204 14.10331
3497  4144.430940 13214.379552 13.79979
3498  5492.330978 10797.700910 10.10760
3499  4265.217668 13014.436211 13.49431
3500  5382.286657 10998.432945 10.41427
3501  5272.207383 11199.852717 10.72198
3502  5162.089452 11401.554888 11.03011
3503  5051.960249 11603.329555 11.33841
3504  4941.751161 11805.200982 11.64685
3505  4382.820935 12813.657074 13.18749
3506  4497.501923 12612.331574 12.87991
3507  4609.870596 12410.699246 12.57189
3508  4720.988539 12208.925713 12.26367
3509  4831.475016 12007.077075 11.95526
3510  8573.718074 6800.000000 4.02788
3511  8536.970011 6862.657967 4.09571
3512  8418.328304 6935.765597 4.20743
3513  8500.684094 6931.929763 4.20155
3514  8369.763824 7014.508892 4.32772
3515  8001.294140 7019.359356 4.33509
3516  8110.371806 7037.957166 4.36351
3517  8188.986098 7090.693057 4.44410
3518  8309.096951 7102.774681 4.46257
3519  7924.646489 7150.664273 4.53572
3520  7836.114470 7291.708022 4.75123
3521  7736.700104 7445.739314 4.98654
3522  7588.108892 7585.077876 5.19941
3523  7444.624604 7762.839367 5.47100
3524  7287.769717 7959.832389 5.77199
3525  7165.559426 8155.916075 6.07157
3526  7048.732127 8352.767883 6.37226
3527  6930.247490 8542.208577 6.66173
3528  6808.935588 8733.727926 6.95434
3529  6415.258132 9283.157205 7.79373
3530  6542.787594 9100.566870 7.51479
3531  6677.936326 8920.271250 7.23930
3532  6520.895932 9481.881209 8.09729
3533  6399.189394 9661.537912 8.37177
3534  6282.146884 9841.141175 8.64618
3535  6165.029475 10015.686130 8.91286
3536  6053.182204 10201.061803 9.19610
3537  5942.136073 10393.360969 9.48984
3538  5832.198594 10591.998043 9.79331
3539  5722.241741 10791.823408 10.09866
3540  3993.052796 13804.643450 14.70150
3541  3863.636364 14000.000000 14.90120
3542  4122.127734 13607.825555 14.40088
3543  4249.781736 13409.558122 14.09792
3544  4373.676349 13209.903522 13.79289
3545  5612.238401 10992.586571 10.40538
3546  4494.776999 13009.409076 13.48662
3547  5502.160587 11194.123848 10.71329
3548  5392.033955 11395.958672 11.02157
3549  5281.885095 11597.782228 11.32992
3550  5171.693972 11799.644827 11.63834
3551  5061.443909 12001.526131 11.94675
3552  4613.557222 12808.409963 13.17952
3553  4727.935634 12606.907295 12.87168
3554  4839.985935 12405.193954 12.56348
3555  4950.973528 12203.386391 12.25516
3556  8658.462348 6800.000000 4.03447
3557  8615.367997 6868.700549 4.10497
3558  8570.896927 6921.211647 4.18517
3559  8463.976811 7010.748105 4.32196
3560  8550.938702 6994.968006 4.29789
3561  8419.458896 7100.850807 4.45965
3562  8089.319735 7159.446952 4.54916
3563  8237.955608 7200.099749 4.61129
3564  8366.491748 7198.249924 4.60845
3565  8000.474057 7302.822333 4.76816
3566  7903.835953 7455.171060 5.00095
3567  7790.803454 7612.621365 5.24149
3568  7663.568286 7780.253451 5.49756
3569  7531.226763 7965.362008 5.78043
3570  7402.686689 8158.363689 6.07526
3571  7282.467060 8354.010527 6.37420
3572  7164.856092 8549.876732 6.67341
3573  7047.611592 8747.234878 6.97490
3574  6933.407670 8953.372499 7.28985
3575  6645.052327 9300.687886 7.82049
3576  6782.585316 9122.075723 7.54761
3577  6749.086963 9499.648114 8.12446
3578  6626.407727 9680.221758 8.40032
3579  6505.106442 9852.167639 8.66304
3580  6392.895086 10015.429361 8.91246
3581  6282.722664 10193.038796 9.18379
3582  6172.477528 10386.359936 9.47914
3583  6062.275357 10586.182451 9.78443
3584  5952.247768 10786.073894 10.08982
3585  5842.222025 10986.798189 10.39650
3586  4221.081877 13803.312059 14.69949
3587  4090.909091 14000.000000 14.90050
3588  4351.057714 13605.206218 14.39683
3589  4480.072742 13405.890549 14.09236
3590  4605.945789 13205.546594 13.78625
3591  5732.103453 11188.537639 10.70472
3592  4727.444029 13004.501094 13.47906
3593  5621.979656 11390.347841 11.01302
3594  5511.833111 11592.207710 11.32143
3595  5401.651236 11794.082981 11.62984
3596  5291.424120 11995.971386 11.93831
3597  5180.974533 12197.839510 12.24665
3598  4844.450026 12803.064201 13.17137
3599  4957.815777 12601.399252 12.86324
3600  5069.806850 12399.647609 12.55504
3601  8704.114876 6881.233788 4.12410
3602  8755.882068 6800.000000 4.04079
3603  8645.925673 6953.740659 4.23486
3604  8733.750998 6965.302636 4.25255
3605  8525.974516 7086.132559 4.43718
3606  8609.655752 7059.891796 4.39708
3607  8487.898504 7189.726410 4.59542
3608  8161.509948 7314.532726 4.78613
3609  8311.571882 7313.256712 4.78416
3610  8432.968649 7282.791185 4.73758
3611  8078.018057 7459.100674 5.00695
3612  7980.877458 7619.216877 5.25159
3613  7871.730031 7790.269610 5.51289
3614  7754.462326 7970.803684 5.78870
3615  7634.223999 8160.388624 6.07836
3616  7515.070575 8354.985086 6.37566
3617  7398.067608 8552.072049 6.67676
3618  7282.010678 8750.966481 6.98062
3619  7166.317158 8953.131853 7.28951
3620  7050.128622 9156.879494 7.60081
3621  6886.846513 9321.395562 7.85211
3622  6968.937663 9519.321611 8.15452
3623  6846.509593 9694.293570 8.42181
3624  6737.982136 9891.629882 8.72334
3625  6592.017426 10023.045747 8.92414
3626  6508.035354 10185.916156 9.17297
3627  6402.209808 10377.687127 9.46588
3628  6292.351185 10579.321254 9.77398
3629  6182.259993 10780.372328 10.08112
3630  6072.192760 10981.211606 10.38794
3631  5962.060115 11182.915828 10.69609
3632  4450.341858 13802.000970 14.69748
3633  4318.181818 14000.000000 14.89980
3634  4582.124890 13602.502364 14.39273
3635  4712.850151 13401.948634 14.08629
3636  4839.202791 13200.730125 13.77887
3637  5851.924650 11384.747777 11.00451
3638  4959.731164 12999.236525 13.47105
3639  5741.777270 11586.633632 11.31289
3640  5631.618403 11788.517984 11.62139
3641  5521.421203 11990.416253 11.92980
3642  5411.075649 12192.297202 12.23821
3643  5300.229275 12394.133643 12.54657
3644  5075.479632 12797.621685 13.16307
3645  5188.345153 12595.899872 12.85486
3646  8867.873153 6800.000000 4.04381
3647  8815.531684 6904.892489 4.16025
3648  8697.697566 7051.200576 4.38379
3649  8805.485190 7035.445669 4.35969
3650  8626.069911 7148.551702 4.53254
3651  8558.336087 7293.777305 4.75438
3652  8252.359091 7453.687396 4.99870
3653  8440.545024 7418.945574 4.94564
3654  8167.846383 7615.686811 5.24617
3655  8072.302243 7788.921324 5.51084
3656  7968.313340 7970.292342 5.78791
3657  7857.880727 8159.265367 6.07667
3658  7744.066950 8353.703483 6.37371
3659  7629.420576 8551.218556 6.67551
3660  7514.932227 8750.631056 6.98017
3661  7400.478254 8952.255384 7.28818
3662  7284.336051 9157.886538 7.60231
3663  7154.198815 9378.944281 7.94005
3664  7137.146516 9572.106253 8.23517
3665  7063.796085 9724.635782 8.46819
3666  6942.371428 9840.598292 8.64534
3667  6899.250411 9996.241399 8.88312
3668  6745.594205 10140.136111 9.10298
3669  6632.883864 10366.103727 9.44823
3670  6522.549971 10571.386228 9.76184
3671  6412.334456 10773.939457 10.07126
3672  6302.161638 10975.666587 10.37949
3673  6192.015142 11177.306473 10.68755
3674  6081.869551 11379.156611 10.99592
3675  4679.774248 13800.367591 14.69501
3676  4545.454545 14000.000000 14.89920
3677  4815.449377 13599.195336 14.38766
3678  4948.608819 13397.213062 14.07904
3679  5074.392275 13195.395684 13.77077
3680  5971.722269 11581.050806 11.30439
3681  5192.700682 12993.803989 13.46279
3682  5861.570140 11782.954367 11.61285
3683  5751.403345 11984.858160 11.92130
3684  5641.172225 12186.754772 12.22980
3685  5530.649525 12388.619057 12.53816
3686  5419.325021 12590.417479 12.84646
3687  5307.106874 12792.159329 13.15468
3688  8931.077697 6892.303940 4.14101
3689  8996.615041 6800.000000 4.04815
3690  8922.627452 7012.677029 4.32492
3691  8763.717239 7149.883388 4.53455
3692  8897.179211 7135.241824 4.51219
3693  8702.185396 7282.460700 4.73712
3694  8624.523722 7427.869027 4.95922
3695  8354.582315 7601.305533 5.22424
3696  8539.925901 7584.354310 5.19830
3697  8268.228096 7777.952624 5.49407
3698  8176.693684 7961.614501 5.77472
3699  8077.003467 8152.537825 6.06640
3700  7969.801670 8348.729672 6.36616
3701  7858.729563 8547.520568 6.66984
3702  7746.207687 8747.678722 6.97560
3703  7633.682902 8948.857321 7.28300
3704  7521.755832 9151.568263 7.59264
3705  7413.177196 9354.426028 7.90259
3706  7321.468276 9561.586092 8.21910
3707  7238.209715 9773.703457 8.54318
3708  7093.302143 9944.127985 8.80351
3709  6983.110509 10160.435391 9.13395
3710  6865.921725 10357.556201 9.43513
3711  6753.014687 10563.970563 9.75050
3712  6642.544530 10767.349569 10.06125
3713  6532.204208 10969.723222 10.37037
3714  6421.979539 11171.694797 10.67896
3715  6311.810918 11373.581599 10.98738
3716  6201.657515 11575.479613 11.29590
3717  4912.547546 13798.506877 14.69218
3718  4772.727273 14000.000000 14.89830
3719  5056.147790 13594.560470 14.38054
3720  5191.054571 13391.244042 14.06998
3721  5311.131907 13189.898721 13.76237
3722  6091.502178 11777.383852 11.60430
3723  5426.281115 12988.395623 13.45453
3724  5981.351290 11979.291449 11.91280
3725  5871.202479 12181.203377 12.22131
3726  5761.026772 12383.110815 12.52972
3727  5650.408622 12584.953437 12.83811
3728  5539.108176 12786.730918 13.14642
3729  9144.613225 6800.000000 4.05272
3730  9068.275555 6934.834176 4.20601
3731  9041.787036 7099.332720 4.45732
3732  8850.129781 7268.129703 4.71523
3733  8999.324062 7245.997972 4.68141
3734  8788.115144 7416.152557 4.94134
3735  8718.034782 7571.523716 5.17869
3736  8458.478942 7757.628510 5.46305
3737  8642.610530 7731.899327 5.42373
3738  8379.119875 7943.978307 5.74778
3739  8294.574720 8138.099239 6.04431
3740  8194.563981 8338.580156 6.35059
3741  8086.999455 8540.985545 6.65986
3742  7976.257776 8742.648743 6.96795
3743  7864.750484 8944.493086 7.27629
3744  7753.972925 9146.517413 7.58496
3745  7645.029266 9349.221240 7.89465
3746  7540.490951 9552.977798 8.20594
3747  7438.236841 9757.494479 8.51841
3748  7324.888811 9957.541675 8.82403
3749  7210.414445 10153.563547 9.12346
3750  7096.664028 10356.496251 9.43351
3751  6984.380359 10558.124827 9.74156
3752  6872.870381 10761.266909 10.05197
3753  6762.324262 10963.803981 10.36136
3754  6651.970441 11165.990443 10.67025
3755  6541.759931 11367.976019 10.97883
3756  6431.592026 11569.907799 11.28735
3757  6321.432929 11771.812193 11.59585
3758  5148.839079 13796.690867 14.68940
3759  5000.000000 14000.000000 14.89740
3760  5319.322992 13584.409234 14.36510
3761  5435.164762 13385.887357 14.06179
3762  5547.198039 13184.665630 13.75433
3763  6211.276965 11973.714060 11.90425
3764  5659.522471 12983.066010 13.44634
3765  6101.125906 12175.619052 12.21276
3766  5990.980302 12377.531958 12.52126
3767  5880.837259 12579.454641 12.82972
3768  5770.432380 12781.297551 13.13807
3769  9227.307416 6909.443894 4.16720
3770  9314.747929 6800.000000 4.05847
3771  9204.567778 7052.714103 4.38609
3772  9158.745358 7214.540885 4.63330
3773  8945.458629 7394.506756 4.90826
3774  9102.629696 7364.286439 4.86211
3775  8887.355210 7555.093454 5.15363
3776  8824.201393 7717.344280 5.40152
3777  8565.158047 7910.729599 5.69697
3778  8743.823120 7865.001553 5.62710
3779  8511.585764 8117.845367 6.01340
3780  8420.235689 8326.743327 6.33253
3781  8316.723841 8532.257125 6.64647
3782  8205.974849 8736.184376 6.95805
3783  8095.048087 8938.835337 7.26763
3784  7984.352715 9141.156684 7.57674
3785  7874.416051 9343.566046 7.88603
3786  7766.497696 9546.198547 8.19560
3787  7658.674656 9748.935411 8.50533
3788  7545.747978 9950.222559 8.81281
3789  7438.013637 10151.009967 9.11960
3790  7326.507542 10351.770015 9.42631
3791  7214.610815 10553.640102 9.73473
3792  7103.338041 10755.736305 10.04348
3793  6992.441539 10958.122807 10.35270
3794  6881.914472 11160.370936 10.66168
3795  6771.695825 11362.383596 10.97030
3796  6661.530467 11564.325489 11.27885
3797  6551.360497 11766.234331 11.58730
3798  6441.198849 11968.135741 11.89576
3799  5359.504462 13799.777173 14.69413
3800  5227.272727 14000.000000 14.89650
3801  5560.034670 13583.449212 14.36364
3802  5668.792804 13381.201534 14.05465
3803  5779.461203 13179.412573 13.74632
3804  6331.039168 12170.026878 12.20421
3805  5890.269636 12977.622752 13.43806
3806  6220.888560 12371.925754 12.51262
3807  6110.753985 12573.851093 12.82112
3808  6000.611611 12775.780081 13.12963
3809  9510.330164 6800.000000 4.07123
3810  9394.930209 6978.189387 4.27222
3811  9336.359358 7179.949547 4.58045
3812  9267.795176 7344.995720 4.83264
3813  9042.353945 7524.331802 5.10664
3814  9198.167449 7482.861481 5.04328
3815  9005.967368 7706.701614 5.38524
3816  8917.010135 7896.190226 5.67476
3817  8758.876358 8074.793768 5.94763
3818  8651.388094 8313.047280 6.31157
3819  8544.752774 8524.031905 6.63391
3820  8435.662092 8729.274277 6.94752
3821  8325.117412 8932.791627 7.25842
3822  8214.326314 9135.472952 7.56807
3823  8104.253419 9337.785881 7.87717
3824  7994.830044 9540.103462 8.18629
3825  7885.612295 9742.391415 8.49531
3826  7775.587545 9944.322758 8.80383
3827  7665.378606 10145.798104 9.11162
3828  7555.252573 10347.123121 9.41919
3829  7444.347533 10548.674760 9.72713
3830  7333.304311 10750.575921 10.03560
3831  7222.487752 10952.657481 10.34432
3832  7111.954624 11154.772879 10.65313
3833  7001.659329 11356.800644 10.96180
3834  6891.468767 11558.747973 11.27030
3835  6781.291262 11760.662122 11.57875
3836  6671.116494 11962.557232 11.88726
3837  6560.940728 12164.430188 12.19562
3838  5577.450457 13803.927894 14.70045
3839  5454.545455 14000.000000 14.89800
3840  5789.967389 13577.886399 14.35511
3841  5899.693375 13375.861676 14.04646
3842  6010.075196 13173.976869 13.73800
3843  6450.770013 12366.293614 12.50408
3844  6120.367470 12972.070908 13.42958
3845  6340.622518 12568.182035 12.81248
3846  6230.520830 12770.144337 13.12105
3847  9733.032106 6800.000000 4.07052
3848  9630.057655 6967.730303 4.25627
3849  9537.911021 7155.179170 4.54268
3850  9454.206606 7334.078015 4.81592
3851  9359.725311 7507.873957 5.08150
3852  9218.117178 7672.690569 5.33328
3853  9121.193280 7894.565987 5.67225
3854  9008.177938 8097.800981 5.98275
3855  8894.692926 8315.540736 6.31540
3856  8777.942239 8519.532107 6.62705
3857  8666.084212 8723.215002 6.93825
3858  8555.279205 8926.743874 7.24920
3859  8444.423738 9129.899058 7.55955
3860  8334.055262 9332.122089 7.86853
3861  8224.020854 9534.280500 8.17738
3862  8114.179949 9736.398380 8.48621
3863  8004.155683 9938.389227 8.79478
3864  7893.956055 10140.199834 9.10311
3865  7783.965257 10341.861628 9.41117
3866  7673.694225 10543.506195 9.71925
3867  7563.114491 10745.291985 10.02755
3868  7452.398123 10947.258392 10.33611
3869  7341.926827 11149.254321 10.64469
3870  7231.634680 11351.232275 10.95331
3871  7121.408250 11553.196525 11.26182
3872  7011.218467 11755.091810 11.57025
3873  6901.032845 11956.983623 11.87871
3874  6790.829946 12158.834580 12.18712
3875  6680.616175 12360.646525 12.49542
3876  5795.454545 13804.203445 14.70090
3877  5681.818182 14000.000000 14.90010
3878  6019.900107 13572.323587 14.34662
3879  6129.963549 13370.369096 14.03804
3880  6240.190629 13168.472606 13.72959
3881  6570.431194 12562.462313 12.80377
3882  6350.276241 12966.388995 13.42087
3883  6460.316704 12764.352901 13.11225
3884  9962.030711 6800.000000 4.07502
3885  9853.847629 6970.683014 4.26074
3886  9750.623106 7144.142641 4.52576
3887  9661.287459 7326.991118 4.80512
3888  9565.253527 7511.737738 5.08740
3889  9455.969055 7698.168533 5.37220
3890  9343.450295 7894.200689 5.67169
3891  9234.467786 8099.435561 5.98526
3892  9122.827145 8306.279609 6.30126
3893  9009.889016 8513.430101 6.61778
3894  8897.182291 8717.787930 6.93000
3895  8785.682905 8921.177655 7.24068
3896  8674.704870 9124.105625 7.55072
3897  8563.909442 9326.652730 7.86017
3898  8453.630915 9528.654179 8.16879
3899  8343.485040 9730.653706 8.47737
3900  8233.361298 9932.617241 8.78596
3901  8123.105612 10134.500353 9.09435
3902  8013.059673 10336.338633 9.40274
3903  7902.968503 10538.121290 9.71102
3904  7792.697982 10739.923571 10.01933
3905  7682.244774 10941.813069 10.32779
3906  7571.841227 11143.752955 10.63628
3907  7461.580209 11345.689700 10.94481
3908  7351.353730 11547.635993 11.25332
3909  7241.155017 11749.537917 11.56176
3910  7130.953802 11951.420059 11.87021
3911  7020.723827 12153.257986 12.17854
3912  6910.430663 12355.007198 12.48680
3913  6800.210475 12556.769066 12.79510
3914  6022.727273 13803.176045 14.69933
3915  5909.090909 14000.000000 14.80010
3916  6137.660919 13685.047788 14.51885
3917  6249.832826 13566.760775 14.33811
3918  6359.968347 13364.806779 14.02955
3919  6469.966105 13162.490306 13.72051
3920  6690.041933 12758.518940 13.10327
3921  6579.965916 12960.376030 13.41166
3922  10191.029315 6800.000000 4.07327
3923  10094.484788 7007.917583 4.31769
3924  9943.779935 7133.141479 4.50899
3925  9876.853743 7311.134898 4.78089
3926  9782.408432 7507.448122 5.08082
3927  9678.962686 7702.635348 5.37905
3928  9570.306552 7899.807553 5.68029
3929  9460.685122 8099.994608 5.98609
3930  9350.500650 8303.401484 6.29686
3931  9239.242705 8507.959266 6.60939
3932  9127.521445 8712.351351 6.92164
3933  9016.023525 8915.659373 7.23225
3934  8904.916332 9118.582694 7.54230
3935  8794.065151 9321.134367 7.85173
3936  8683.498518 9523.181065 8.16039
3937  8573.217293 9725.066334 8.46885
3938  8462.964273 9926.972803 8.77734
3939  8352.711145 10128.861652 9.08577
3940  8242.566782 10330.743471 9.39419
3941  8132.377294 10532.601799 9.70255
3942  8022.242034 10734.454564 10.01096
3943  7912.059862 10936.321216 10.31941
3944  7801.744309 11138.232699 10.62781
3945  7691.512671 11340.149094 10.93630
3946  7581.292975 11542.079789 11.24486
3947  7471.089595 11743.975575 11.55330
3948  7360.880814 11945.860380 11.86173
3949  7250.626276 12147.694054 12.17008
3950  7140.296667 12349.446788 12.47829
3951  7029.906887 12551.088239 12.78636
3952  6919.638531 12752.702217 13.09442
3953  6250.249725 13810.104550 14.70988
3954  6136.363636 14000.000000 14.80310
3955  6364.768177 13687.975846 14.52331
3956  6479.765545 13561.197963 14.32963
3957  6589.828887 13358.777171 14.02039
3958  6699.553612 13156.075691 13.71066
3959  6809.503576 12954.268799 13.40236
3960  10420.027919 6800.000000 4.06828
3961  10649.026523 6800.000000 4.07088
3962  10326.764543 6958.449561 4.24208
3963  10268.973147 7133.249535 4.50914
3964  10114.714096 7261.476581 4.70504
3965  10008.308141 7493.613934 5.05967
3966  9903.758142 7698.636160 5.37291
3967  9796.468543 7899.473596 5.67976
3968  9687.470430 8100.515908 5.98690
3969  9578.061312 8301.504571 6.29398
3970  9467.842882 8503.889473 6.60316
3971  9356.980258 8707.311241 6.91393
3972  9245.937456 8910.343502 7.22413
3973  9134.934422 9113.322565 7.53426
3974  9024.108232 9315.740421 7.84347
3975  8913.483064 9517.724435 8.15206
3976  8803.053489 9719.549200 8.46041
3977  8692.740939 9921.398921 8.76884
3978  8582.533217 10123.279661 9.07724
3979  8472.308635 10325.156273 9.38564
3980  8362.070485 10527.030154 9.69409
3981  8251.886684 10728.918306 10.00255
3982  8141.809812 10930.803134 10.31096
3983  8031.620260 11132.700261 10.61941
3984  7921.413809 11334.609663 10.92791
3985  7811.222078 11536.525183 11.23636
3986  7701.038741 11738.439456 11.54487
3987  7590.816292 11940.299915 11.85328
3988  7480.536498 12142.123322 12.16156
3989  7370.137617 12343.859477 12.46975
3990  7259.627276 12545.489329 12.77780
3991  7149.185925 12747.066598 13.08579
3992  7038.848437 12948.377188 13.39334
3993  6477.882534 13815.948913 14.71883
3994  6363.636364 14000.000000 14.80960
3995  6593.217514 13688.795089 14.52456
3996  6709.698263 13555.635151 14.32115
3997  6819.153170 13351.024658 14.00851
3998  6928.787875 13149.380253 13.70041
3999  10546.230001 6964.575654 4.25144
4000  10878.025127 6800.000000 4.07272
4001  10770.219919 6970.685160 4.26078
4002  10455.647719 7133.818080 4.51002
4003  10353.254588 7304.585870 4.77091
4004  10239.608424 7490.239529 5.05451
4005  10132.365859 7693.071826 5.36445
4006  10024.035192 7895.574133 5.67376
4007  9915.304931 8097.171993 5.98178
4008  9805.825903 8299.271267 6.29055
4009  9696.237518 8500.493565 6.59800
4010  9586.034851 8702.666715 6.90683
4011  9475.466984 8905.177737 7.21625
4012  9364.738907 9107.889718 7.52592
4013  9254.029357 9310.321640 7.83521
4014  9143.440233 9512.274012 8.14373
4015  9033.005282 9714.055166 8.45201
4016  8922.645375 9915.873283 8.76036
4017  8812.378369 10117.716187 9.06875
4018  8702.174037 10319.589398 9.37715
4019  8591.983407 10521.474080 9.68555
4020  8481.782411 10723.360270 9.99405
4021  8371.626582 10925.257736 10.30245
4022  8261.473951 11127.158548 10.61096
4023  8151.310983 11329.063224 10.91941
4024  8041.138229 11530.971898 11.22786
4025  7930.967564 11732.867245 11.53636
4026  7820.764555 11934.741162 11.84478
4027  7710.479542 12136.555145 12.15307
4028  7600.001814 12338.237536 12.46120
4029  7489.394315 12539.869691 12.76923
4030  7378.763725 12741.534860 13.07736
4031  7268.070254 12942.975521 13.38513
4032  7157.598635 13143.587013 13.69159
4033  6706.166373 13823.355614 14.73011
4034  6590.909091 14000.000000 14.81630
4035  6821.024190 13688.657048 14.52433
4036  6939.093726 13543.442636 14.30249
4037  7047.931070 13342.813767 13.99598
4038  10666.383516 7130.620198 4.50510
4039  11107.023731 6800.000000 4.07507
4040  10993.096066 6975.313826 4.26784
4041  10889.995656 7133.538356 4.50957
4042  11336.022335 6800.000000 4.08550
4043  11794.019543 6800.000000 4.07050
4044  11565.020939 6800.000000 4.08895
4045  11910.668016 6930.689715 4.19969
4046  12023.018147 6800.000000 4.06199
4047  10572.275188 7311.444257 4.78136
4048  10468.298532 7497.320071 5.06538
4049  10360.636915 7691.558797 5.36211
4050  10252.591351 7891.369256 5.66739
4051  10143.898308 8092.618482 5.97484
4052  10034.566634 8294.387402 6.28309
4053  9924.791578 8496.553392 6.59192
4054  9814.989655 8698.141060 6.89993
4055  9704.779839 8900.247970 7.20869
4056  9594.330595 9102.607275 7.51786
4057  9483.809133 9304.826023 7.82682
4058  9373.322489 9506.764655 8.13532
4059  9262.876054 9708.566403 8.44368
4060  9152.573414 9910.346743 8.75196
4061  9042.304373 10112.175846 9.06025
4062  8932.057562 10314.027049 9.36864
4063  8821.874994 10515.909856 9.67705
4064  8711.689883 10717.798531 9.98555
4065  8601.520993 10919.697113 10.29395
4066  8491.353340 11121.602426 10.60245
4067  8381.217537 11323.507661 10.91095
4068  8271.063491 11525.411871 11.21935
4069  8160.891102 11727.300419 11.52783
4070  8050.689726 11929.157566 11.83625
4071  7940.428759 12130.972057 12.14452
4072  7830.012159 12332.680318 12.45271
4073  7719.320263 12534.223913 12.76063
4074  7608.409881 12735.782693 13.06854
4075  7497.384029 12937.576312 13.37686
4076  7386.219648 13139.344858 13.68510
4077  7275.555798 13338.466019 13.98934
4078  6926.557614 13839.551435 14.75489
4079  6818.181818 14000.000000 14.82830
4080  7051.411650 13681.162366 14.51289
4081  7167.397215 13530.982022 14.28347
4082  10794.769133 7308.587967 4.77701
4083  11221.523033 6998.318609 4.30302
4084  11094.248643 7123.570709 4.49437
4085  11021.256659 7292.452274 4.75236
4086  11439.774987 7026.740253 4.34643
4087  11707.977345 7023.502969 4.34145
4088  11926.978897 7101.689259 4.46091
4089  12109.233432 6962.334513 4.24799
4090  12252.016751 6800.000000 4.07883
4091  12124.890028 7134.322543 4.51076
4092  12481.015355 6800.000000 4.08855
4093  12710.013959 6800.000000 4.08578
4094  12939.012563 6800.000000 4.08427
4095  10694.667503 7496.328978 5.06385
4096  10589.283122 7689.919241 5.35961
4097  10481.548506 7887.719990 5.66180
4098  10372.894897 8087.975055 5.96770
4099  10263.647331 8289.328181 6.27536
4100  10154.005456 8491.145846 6.58368
4101  10044.097305 8693.174480 6.89237
4102  9934.080734 8895.090306 7.20086
4103  9823.860070 9097.106089 7.50947
4104  9713.501723 9299.235610 7.81830
4105  9603.137321 9501.172569 8.12679
4106  9492.769236 9703.018682 8.43513
4107  9382.482887 9904.806453 8.74345
4108  9272.225776 10106.628822 9.05181
4109  9161.976250 10308.472456 9.36015
4110  9051.791637 10510.349793 9.66855
4111  8941.609538 10712.236658 9.97705
4112  8831.450362 10914.137263 10.28545
4113  8721.289824 11116.040833 10.59395
4114  8611.138912 11317.947370 10.90245
4115  8500.986325 11519.853359 11.21086
4116  8390.832490 11721.760234 11.51936
4117  8280.586264 11923.545041 11.82762
4118  8170.301435 12125.304438 12.13584
4119  8059.948492 12327.021245 12.44404
4120  7949.326256 12528.523641 12.75193
4121  7838.373331 12729.893060 13.05958
4122  7727.093136 12931.484973 13.36754
4123  7615.217288 13133.884048 13.67678
4124  7501.606179 13338.096770 13.98873
4125  7382.822602 13531.803497 14.28471
4126  7117.107110 13844.133580 14.76188
4127  7045.454545 14000.000000 14.83890
4128  7273.292499 13734.321890 14.59413
4129  10924.032516 7487.154438 5.04979
4130  11263.125619 7232.823726 4.66125
4131  11161.351242 7469.085477 5.02220
4132  11537.950777 7243.004685 4.67682
4133  11781.428256 7262.396868 4.70643
4134  12014.547950 7283.860764 4.73921
4135  12320.295107 7033.294157 4.35641
4136  12248.937381 7276.522045 4.72802
4137  12575.049116 7019.029520 4.33464
4138  12808.827531 7012.323874 4.32440
4139  13168.011167 6800.000000 4.08341
4140  13038.741619 7008.726487 4.31889
4141  13397.009772 6800.000000 4.08282
4142  13626.008376 6800.000000 4.08234
4143  13855.006980 6800.000000 4.08196
4144  10819.238449 7683.796880 5.35023
4145  10711.308824 7882.790728 5.65424
4146  10602.402801 8083.034211 5.96016
4147  10493.045796 8284.168393 6.26748
4148  10383.399108 8485.784077 6.57547
4149  10273.527808 8687.656654 6.88393
4150  10163.520593 8889.608796 7.19245
4151  10053.396726 9091.538473 7.50098
4152  9943.153847 9293.570777 7.80965
4153  9832.881356 9495.543539 8.11820
4154  9722.607649 9697.399988 8.42656
4155  9612.376991 9899.232561 8.73495
4156  9502.122305 10101.061594 9.04330
4157  9391.895429 10302.909839 9.35164
4158  9281.700960 10504.781341 9.66004
4159  9171.530518 10706.671400 9.96855
4160  9061.371784 10908.572082 10.27695
4161  8951.220149 11110.478361 10.58545
4162  8841.069006 11312.385844 10.89395
4163  8730.917442 11514.294097 11.20241
4164  8620.745996 11716.169674 11.51081
4165  8510.541982 11918.004928 11.81917
4166  8400.260847 12119.742663 12.12737
4167  8289.860657 12321.345300 12.43537
4168  8179.246827 12522.715837 12.74304
4169  8068.309626 12723.796884 13.05025
4170  7957.059594 12924.832379 13.35736
4171  7845.545880 13126.415449 13.66534
4172  7733.044247 13329.916984 13.97628
4173  7616.665233 13554.943818 14.32005
4174  7462.366909 13693.965765 14.53246
4175  7272.727273 14000.000000 14.92230
4176  7425.637224 13847.463245 14.76695
4177  11052.845597 7672.850341 5.33355
4178  11403.072616 7454.248675 4.99956
4179  11287.733431 7664.450511 5.32068
4180  11649.373345 7456.859559 5.00356
4181  11887.054292 7463.902151 5.01432
4182  12119.015447 7464.354419 5.01497
4183  12456.188114 7240.777992 4.67346
4184  12343.703725 7452.346514 4.99664
4185  12684.428276 7226.031557 4.65089
4186  12911.772448 7218.773385 4.63982
4187  13266.339520 7006.753493 4.31588
4188  13138.486485 7214.508172 4.63330
4189  13495.110740 7004.937887 4.31313
4190  13722.966402 7003.611180 4.31107
4191  14084.005584 6800.000000 4.08155
4192  13951.733931 7002.453176 4.30930
4193  14313.004188 6800.000000 4.08094
4194  14542.002792 6800.000000 4.08304
4195  14771.001396 6800.000000 4.07509
4196  10942.418450 7876.046135 5.64399
4197  10832.715668 8076.988215 5.95094
4198  10722.885464 8278.594950 6.25896
4199  10613.045176 8480.293884 6.56711
4200  10503.125495 8682.126477 6.87545
4201  10393.104383 8884.027478 7.18397
4202  10282.992635 9085.960113 7.49243
4203  10172.772474 9287.894754 7.80091
4204  10062.646059 9489.834614 8.10944
4205  9952.459478 9691.749959 8.41794
4206  9842.248613 9893.625272 8.72639
4207  9732.031254 10095.483374 9.03479
4208  9621.818931 10297.343222 9.34314
4209  9511.629512 10499.218053 9.65159
4210  9401.459743 10701.108195 9.95999
4211  9291.301186 10903.008309 10.26850
4212  9181.149401 11104.914447 10.57695
4213  9071.000514 11306.822939 10.88545
4214  8960.850102 11508.731227 11.19391
4215  8850.689347 11710.621702 11.50230
4216  8740.508391 11912.483726 11.81077
4217  8630.273490 12114.270390 12.11903
4218  8519.865393 12315.818186 12.42697
4219  8409.158653 12516.936174 12.73423
4220  8298.217955 12717.765426 13.04103
4221  8186.802790 12917.955126 13.34688
4222  8075.575773 13118.607164 13.65344
4223  7964.612832 13318.367328 13.95861
4224  7854.618071 13507.794491 14.24803
4225  7766.560791 13670.325840 14.49633
4226  7613.416984 13801.296377 14.69643
4227  7500.000000 14000.000000 14.92230
4228  11175.068908 7868.724104 5.63279
4229  11525.734778 7659.186938 5.31260
4230  11409.154172 7862.672704 5.62356
4231  11762.533296 7658.491567 5.31160
4232  11995.427456 7657.449731 5.30997
4233  12224.869510 7652.060466 5.30175
4234  12564.715080 7437.444158 4.97386
4235  12450.487230 7642.889235 5.28774
4236  12792.231523 7427.352887 4.95846
4237  13020.300667 7420.567396 4.94810
4238  13366.763890 7210.882960 4.62772
4239  13248.304087 7415.509360 4.94039
4240  13592.521800 7208.273897 4.62374
4241  13822.861622 7205.392760 4.61937
4242  14182.225608 7001.070019 4.30717
4243  14052.606447 7203.188783 4.61600
4244  14413.229453 6998.904899 4.30389
4245  14652.134303 7018.158810 4.33330
4246  14834.886014 6964.014187 4.25056
4247  15000.000000 6800.000000 4.19810
4248  11063.720508 8071.193964 5.94209
4249  10953.071058 8272.924984 6.25029
4250  10842.930722 8474.631598 6.55848
4251  10732.903397 8676.542976 6.86696
4252  10622.847986 8878.431872 7.17540
4253  10512.738376 9080.337591 7.48384
4254  10402.562364 9282.246502 7.79228
4255  10292.420257 9484.172830 8.10079
4256  10182.278723 9686.098754 8.40929
4257  10072.111198 9888.005314 8.71779
4258  9961.936258 10089.896327 9.02620
4259  9851.746385 10291.774643 9.33465
4260  9741.562406 10493.655198 9.64309
4261  9631.396180 10695.548873 9.95150
4262  9521.235798 10897.447520 10.26000
4263  9411.081719 11099.351663 10.56845
4264  9300.931625 11301.259475 10.87695
4265  9190.782801 11503.168281 11.18540
4266  9080.630178 11705.070342 11.49385
4267  8970.473429 11906.966067 11.80232
4268  8860.276505 12108.799710 12.11068
4269  8749.959608 12310.452168 12.41870
4270  8639.470017 12511.859417 12.72644
4271  8528.291071 12712.112882 13.03237
4272  8416.652688 12911.588302 13.33719
4273  8305.001107 13111.140599 13.64202
4274  8193.392596 13310.368426 13.94641
4275  8079.729152 13500.796069 14.23730
4276  7966.983912 13672.195512 14.49922
4277  7843.655036 13835.251432 14.74831
4278  7727.272727 14000.000000 14.81490
4279  11295.672326 8065.263278 5.93305
4280  11642.959464 7858.437624 5.61705
4281  11527.756124 8059.973768 5.92494
4282  11875.507139 7855.154719 5.61203
4283  12106.213400 7850.808562 5.60537
4284  12334.938772 7844.521878 5.59581
4285  12676.266015 7633.590184 5.27356
4286  12562.600603 7837.118326 5.58446
4287  12904.478895 7625.905479 5.26181
4288  13132.403532 7619.853798 5.25252
4289  13475.250326 7411.560527 4.93430
4290  13360.075951 7614.842677 5.24488
4291  13703.571477 7407.797061 4.92857
4292  13932.816332 7404.253487 4.92315
4293  14278.774048 7201.873258 4.61396
4294  14161.262163 7400.861606 4.91798
4295  14493.389326 7205.474238 4.61947
4296  14680.040515 7220.790995 4.64290
4297  14830.390624 7137.927351 4.51627
4298  15000.000000 7025.000000 4.19810
4299  11183.938027 8267.299287 6.24171
4300  11073.153509 8469.121887 6.55008
4301  10962.783104 8670.934627 6.85837
4302  10852.698870 8872.846417 7.16685
4303  10742.575203 9074.742904 7.47530
4304  10632.428505 9276.646531 7.78375
4305  10522.263964 9478.551892 8.09224
4306  10412.109937 9680.463495 8.40068
4307  10301.977663 9882.388450 8.70919
4308  10191.825581 10084.298041 9.01769
4309  10081.654518 10286.191316 9.32614
4310  9971.490144 10488.087687 9.63455
4311  9861.327135 10689.984495 9.94300
4312  9751.167807 10891.884210 10.25150
4313  9641.015973 11093.790232 10.55995
4314  9530.864756 11295.696853 10.86840
4315  9420.715480 11497.604920 11.17690
4316  9310.566467 11699.513286 11.48540
4317  9200.413747 11901.413617 11.79382
4318  9090.243611 12103.282888 12.10225
4319  8980.079954 12305.164737 12.41069
4320  8869.569899 12506.475864 12.71823
4321  8758.983378 12707.737412 13.02574
4322  8646.829603 12906.009272 13.32861
4323  8534.193177 13103.414815 13.63023
4324  8422.191882 13302.397673 13.93422
4325  8307.590076 13494.610881 14.22789
4326  8190.321824 13670.435167 14.49650
4327  8070.884066 13837.408560 14.75158
4328  7954.545455 14000.000000 14.83330
4329  11414.813877 8261.754854 6.23323
4330  11759.151929 8055.303293 5.91778
4331  11645.549031 8256.494617 6.22522
4332  11990.122724 8050.625246 5.91067
4333  12220.178015 8045.230762 5.90244
4334  12449.229797 8039.055664 5.89299
4335  12790.963685 7829.832974 5.57334
4336  12677.920042 8032.567125 5.88312
4337  13019.200726 7823.376530 5.56350
4338  13247.719662 7817.635134 5.55473
4339  13588.028505 7610.294652 5.23798
4340  13476.190800 7812.419987 5.54675
4341  13817.743888 7605.650472 5.23085
4342  14047.189754 7601.013609 5.22375
4343  14275.186314 7596.005227 5.21613
4344  14386.745383 7397.512844 4.91288
4345  14609.005408 7392.794463 4.90568
4346  14815.282915 7349.600114 4.83968
4347  15000.000000 7250.000000 4.68110
4348  11303.543282 8463.581501 6.54154
4349  11192.961614 8665.418258 6.84994
4350  11082.627650 8867.270690 7.15830
4351  10972.455878 9069.155436 7.46674
4352  10862.309117 9271.056823 7.77524
4353  10752.155806 9472.963469 8.08369
4354  10642.011731 9674.877684 8.39214
4355  10531.865037 9876.790468 8.70064
4356  10421.721731 10078.705183 9.00914
4357  10311.567318 10280.610926 9.31759
4358  10201.410218 10482.513595 9.62605
4359  10091.254287 10684.416634 9.93455
4360  9981.099988 10886.320766 10.24300
4361  9870.948021 11088.226828 10.55145
4362  9760.797737 11290.134317 10.85990
4363  9650.648207 11492.042007 11.16840
4364  9540.498336 11693.947136 11.47690
4365  9430.348717 11895.853020 11.78532
4366  9320.179929 12097.713693 12.09375
4367  9210.012053 12299.583362 12.40216
4368  9099.786930 12501.349079 12.71040
4369  8988.965954 12702.023430 13.01697
4370  8877.325991 12901.146432 13.32118
4371  8764.048182 13097.001309 13.62043
4372  8650.435599 13292.351737 13.91890
4373  8536.589028 13487.791721 14.21744
4374  8418.234379 13665.837288 14.48947
4375  8299.601183 13835.757078 14.74907
4376  8181.818182 14000.000000 14.83360
4377  11533.773665 8458.098466 6.53318
4378  11876.268705 8251.395307 6.21743
4379  11764.047811 8452.723499 6.52498
4380  12107.058873 8246.164062 6.20941
4381  12336.663606 8240.478272 6.20074
4382  12566.052268 8234.528697 6.19161
4383  12906.266138 8026.278086 5.87344
4384  12794.921044 8228.509639 6.18242
4385  13135.251092 8020.337290 5.86438
4386  13364.178300 8014.757222 5.85588
4387  13704.875849 7807.427988 5.53912
4388  13593.162749 8009.369136 5.84764
4389  13934.211535 7802.314832 5.53135
4390  14163.140900 7796.767419 5.52284
4391  14393.516134 7790.930310 5.51393
4392  14509.948239 7591.343731 5.20899
4393  14775.559520 7585.381240 5.19990
4394  15000.000000 7475.000000 4.85280
4395  11423.017887 8659.876031 6.84148
4396  11312.644252 8861.724815 7.14985
4397  11202.391370 9063.593746 7.45829
4398  11092.231734 9265.491833 7.76675
4399  10982.079507 9467.396344 8.07515
4400  10871.929953 9669.305064 8.38365
4401  10761.780283 9871.214328 8.69215
4402  10651.629620 10073.122594 9.00064
4403  10541.486004 10275.036035 9.30905
4404  10431.335546 10476.944007 9.61755
4405  10321.183493 10678.850444 9.92605
4406  10211.031683 10880.756886 10.23445
4407  10100.880700 11082.663898 10.54295
4408  9990.730154 11284.571235 10.85140
4409  9880.580715 11486.478701 11.15985
4410  9770.431406 11688.385807 11.46841
4411  9660.279740 11890.283778 11.77681
4412  9550.119847 12092.158622 12.08527
4413  9439.941596 12293.990651 12.39360
4414  9329.733134 12495.769492 12.70186
4415  9219.382996 12697.267226 13.00971
4416  9106.636189 12894.116067 13.31048
4417  8993.938714 13090.850413 13.61101
4418  8879.251437 13283.666541 13.90558
4419  8765.011754 13476.885190 14.20076
4420  8647.506199 13660.374623 14.48114
4421  8527.896731 13833.146450 14.74507
4422  8409.090909 14000.000000 14.83140
4423  11653.022441 8654.366144 6.83306
4424  11994.614053 8447.396072 6.51687
4425  11883.130841 8648.893788 6.82473
4426  12224.951103 8441.929439 6.50851
4427  12454.555263 8436.221384 6.49979
4428  12684.084976 8430.441317 6.49096
4429  13023.482653 8222.622646 6.17349
4430  12913.100613 8424.628009 6.48209
4431  13252.505602 8216.998899 6.16485
4432  13482.236094 8211.378838 6.15629
4433  13822.190235 8004.025122 5.83949
4434  13711.358959 8205.707356 6.14759
4435  14051.032195 7998.819948 5.83153
4436  14279.385793 7994.012852 5.82418
4437  14510.886260 7991.756496 5.82075
4438  14622.452390 7785.364608 5.50546
4439  14827.547739 7798.677917 5.52577
4440  15000.000000 7700.000000 5.53980
4441  11542.629560 8856.180951 7.14135
4442  11432.329190 9058.030675 7.44978
4443  11322.155949 9259.924322 7.75825
4444  11212.007531 9461.831653 8.06665
4445  11101.856902 9663.738619 8.37515
4446  10991.707745 9865.647627 8.68365
4447  10881.558183 10067.556393 8.99210
4448  10771.411319 10269.467108 9.30055
4449  10661.262536 10471.376250 9.60905
4450  10551.113702 10673.285329 9.91755
4451  10440.963120 10875.192852 10.22595
4452  10330.813078 11077.100743 10.53445
4453  10220.662867 11279.008344 10.84290
4454  10110.510384 11480.910676 11.15140
4455  10000.360452 11682.816031 11.45987
4456  9890.208636 11884.713559 11.76832
4457  9780.057547 12086.605736 12.07678
4458  9669.877302 12288.417815 12.38511
4459  9559.656080 12490.141888 12.69327
4460  9449.579977 12692.201054 13.00193
4461  9337.016261 12889.346431 13.30318
4462  9223.187221 13084.062473 13.60069
4463  9108.399336 13276.597370 13.89480
4464  8991.610398 13464.921934 14.18250
4465  8874.300866 13649.886821 14.46508
4466  8756.330598 13829.370167 14.73929
4467  8636.363636 14000.000000 14.82810
4468  11772.542123 8850.627632 7.13291
4469  12113.350212 8643.427085 6.81637
4470  12002.559605 8845.102974 7.12445
4471  12343.464614 8637.889760 6.80788
4472  12573.317879 8632.253900 6.79929
4473  12802.767728 8626.542461 6.79056
4474  13142.490815 8418.929205 6.47335
4475  13032.283991 8620.855223 6.78183
4476  13372.021822 8413.264121 6.46469
4477  13601.269015 8407.515510 6.45593
4478  13939.714258 8200.114928 6.13909
4479  13829.813130 8401.605197 6.44688
4480  14166.612928 8194.816822 6.13100
4481  14391.037945 8190.934579 6.12504
4482  14611.168540 8192.137314 6.12687
4483  14763.204086 8007.210830 5.84438
4484  15000.000000 7925.000000 5.87520
4485  11662.287925 9052.481091 7.44125
4486  11552.088308 9254.361296 7.74969
4487  11441.936166 9456.266126 8.05815
4488  11331.788002 9658.175159 8.36665
4489  11221.638385 9860.083420 8.67515
4490  11111.489451 10061.992423 8.98360
4491  11001.340148 10263.901140 9.29205
4492  10891.192215 10465.810885 9.60055
4493  10781.043424 10667.719929 9.90905
4494  10670.894539 10869.628853 10.21745
4495  10560.744694 11071.536952 10.52595
4496  10450.595186 11273.445074 10.83445
4497  10340.443972 11475.349864 11.14291
4498  10230.284142 11677.239879 11.45132
4499  10120.107988 11879.100190 11.75971
4500  10009.965335 12080.998195 12.06821
4501  9899.824233 12282.891293 12.37665
4502  9789.466720 12484.340939 12.68440
4503  9679.169485 12685.813285 12.99223
4504  9567.207671 12884.198351 13.29530
4505  9453.213838 13079.023052 13.59292
4506  9337.326153 13270.160267 13.88497
4507  9220.197098 13458.490777 14.17272
4508  9101.620527 13642.856760 14.45440
4509  8983.124367 13824.140214 14.73132
4510  8863.636364 14000.000000 14.82350
4511  11892.212809 9046.917731 7.43282
4512  12232.678973 8839.598226 7.11602
4513  12122.199955 9041.378979 7.42432
4514  12462.584165 8834.015438 7.10752
4515  12692.450527 8828.413040 7.09893
4516  12922.148225 8822.769427 7.09033
4517  13261.989573 8615.195013 6.77319
4518  13151.926114 8817.129414 7.08168
4519  13491.462773 8609.444849 6.76443
4520  13720.500525 8603.481026 6.75533
4521  14057.066473 8395.555739 6.43763
4522  13948.784709 8597.121451 6.74561
4523  14281.362607 8389.405499 6.42827
4524  14496.670969 8383.396477 6.41908
4525  14675.434257 8378.825210 6.41210
4526  14807.593329 8263.722724 6.23624
4527  15000.000000 8150.000000 6.23500
4528  11782.023715 9248.800357 7.74119
4529  11671.867482 9450.702146 8.04970
4530  11561.718885 9652.611119 8.35815
4531  11451.570143 9854.520017 8.66665
4532  11341.421067 10056.428837 8.97510
4533  11231.272461 10258.337990 9.28355
4534  11121.123254 10460.246699 9.59205
4535  11010.974503 10662.155739 9.90055
4536  10900.825698 10864.064734 10.20895
4537  10790.676595 11065.973325 10.51745
4538  10680.523974 11267.877942 10.82590
4539  10570.371952 11469.782039 11.13441
4540  10460.209487 11671.670120 11.44283
4541  10350.010121 11873.503219 11.75123
4542  10239.819244 12075.330257 12.05955
4543  10129.609693 12277.111760 12.36782
4544  10018.893083 12478.058196 12.67481
4545  9908.009999 12678.593977 12.98119
4546  9796.627843 12877.975405 13.28580
4547  9682.991843 13073.678128 13.58478
4548  9566.192820 13264.466605 13.87629
4549  9448.929800 13453.475224 14.16502
4550  9329.851066 13638.589239 14.44785
4551  9210.639368 13821.111577 14.72671
4552  9090.909091 14000.000000 14.81930
4553  12011.968091 9243.244130 7.73274
4554  12352.171059 9035.829258 7.41584
4555  12241.924613 9237.692796 7.72429
4556  12582.100878 9030.259563 7.40734
4557  12811.989231 9024.673642 7.39879
4558  13041.829202 9019.070456 7.39022
4559  13381.560232 8811.389133 7.07299
4560  13271.591169 9013.374991 7.38152
4561  13611.030136 8805.521768 7.06399
4562  13840.184614 8799.320074 7.05451
4563  14176.004663 8590.192749 6.73501
4564  14069.138850 8792.573921 7.04421
4565  14400.632205 8581.434462 6.72166
4566  14620.390259 8567.641800 6.70056
4567  14813.991954 8488.179521 6.57915
4568  15000.000000 8375.000000 6.40720
4569  11901.802254 9445.140966 8.04120
4570  11791.651408 9647.048137 8.34965
4571  11681.502565 9848.957029 8.65810
4572  11571.353725 10050.865989 8.96660
4573  11461.204854 10252.774941 9.27505
4574  11351.055993 10454.683900 9.58355
4575  11240.907156 10656.592873 9.89205
4576  11130.758309 10858.501836 10.20050
4577  11020.608999 11060.410301 10.50895
4578  10910.456820 11262.315934 10.81740
4579  10800.298596 11464.214326 11.12590
4580  10690.136289 11666.105164 11.43433
4581  10579.913809 11867.917208 11.74262
4582  10469.652986 12069.667453 12.05088
4583  10359.206406 12271.148003 12.35871
4584  10248.649675 12472.394352 12.66615
4585  10137.034924 12672.041793 12.97117
4586  10025.424903 12871.291708 13.27561
4587  9912.236362 13067.938838 13.57599
4588  9796.436429 13260.687379 13.87050
4589  9678.258856 13449.775582 14.15937
4590  9558.425694 13635.500136 14.44312
4591  9438.692558 13819.328927 14.72397
4592  9318.181818 14000.000000 14.81690
4593  12131.746781 9439.585282 8.03270
4594  12471.868673 9232.133538 7.71575
4595  12361.689234 9434.026903 8.02420
4596  12701.794945 9226.565076 7.70725
4597  12931.693084 9220.984792 7.69871
4598  13161.562892 9215.369473 7.69012
4599  13501.230647 9007.556142 7.37267
4600  13391.352323 9209.661809 7.68144
4601  13730.818050 9001.591232 7.36352
4602  13960.367910 8995.262518 7.35387
4603  14298.750890 8784.872840 7.03245
4604  14190.501221 8988.508262 7.34357
4605  14530.520702 8773.047333 7.01440
4606  14780.533879 8743.887392 6.96982
4607  15000.000000 8600.000000 6.57850
4608  12021.586256 9641.486867 8.34115
4609  11911.435616 9843.394535 8.64960
4610  11801.286317 10045.303109 8.95813
4611  11691.137514 10247.212096 9.26655
4612  11580.988691 10449.121075 9.57505
4613  11470.839854 10651.030044 9.88355
4614  11360.690991 10852.938981 10.19200
4615  11250.541647 11054.847458 10.50045
4616  11140.389617 11256.753478 10.80890
4617  11030.232202 11458.654509 11.11740
4618  10920.067602 11660.547256 11.42582
4619  10809.879320 11862.407518 11.73426
4620  10699.594650 12064.149776 12.04246
4621  10589.081866 12265.600237 12.35025
4622  10478.424971 12466.783957 12.65757
4623  10367.081768 12666.933013 12.96336
4624  10254.150114 12864.979513 13.26593
4625  10140.549911 13061.654791 13.56639
4626  10025.333964 13255.739194 13.86296
4627  9907.362553 13446.064708 14.15374
4628  9787.313079 13633.069825 14.43938
4629  9666.653377 13817.779735 14.72160
4630  9545.454545 14000.000000 14.81520
4631  12251.525271 9635.927573 8.33270
4632  12591.620010 9428.461914 8.01575
4633  12481.458330 9630.364438 8.32415
4634  12821.538924 9422.891165 8.00720
4635  13051.446974 9417.305686 7.99866
4636  13281.318980 9411.677922 7.99008
4637  13621.031969 9203.797921 7.67244
4638  13511.094457 9405.935047 7.98132
4639  13850.658909 9197.738315 7.66321
4640  14080.562230 9191.564378 7.65379
4641  14311.242257 9185.225626 7.64409
4642  14422.363480 8981.080410 7.33224
4643  14654.790986 8970.681789 7.31636
4644  14845.382361 8937.500000 7.26560
4645  15000.000000 8825.000000 7.26560
4646  12141.369154 9837.832368 8.64110
4647  12031.218908 10039.740369 8.94963
4648  11921.070109 10241.649288 9.25805
4649  11810.921366 10443.558256 9.56655
4650  11700.772564 10645.467229 9.87503
4651  11590.623575 10847.376062 10.18350
4652  11480.474257 11049.284589 10.49195
4653  11370.320949 11251.189901 10.80040
4654  11260.162278 11453.090811 11.10890
4655  11149.996132 11654.985090 11.41732
4656  11039.792825 11856.842957 11.72577
4657  10929.500207 12058.602319 12.03395
4658  10818.920499 12260.045264 12.34177
4659  10708.142467 12461.207229 12.64908
4660  10596.849474 12661.605702 12.95524
4661  10483.928025 12859.987708 13.25831
4662  10370.117897 13056.993005 13.55929
4663  10253.221144 13250.336059 13.85468
4664  10135.836908 13442.146613 14.14770
4665  10015.212917 13630.097605 14.43488
4666  9894.063076 13816.006240 14.71892
4667  9772.727273 14000.000000 14.81350
4668  12371.301871 9832.269581 8.63265
4669  12711.385166 9624.796687 8.31565
4670  12601.233244 9826.705655 8.62415
4671  12941.302966 9619.220646 8.30715
4672  13171.211008 9613.630989 8.29861
4673  13401.074929 9607.989759 8.28997
4674  13630.844840 9602.253976 8.28122
4675  13740.773271 9400.069616 7.97235
4676  13970.400021 9394.144224 7.96328
4677  14199.908322 9388.253025 7.95426
4678  14429.233410 9383.122536 7.94645
4679  14544.783235 9178.742101 7.63419
4680  14793.651889 9170.052986 7.62091
4681  15000.000000 9050.000000 7.44130
4682  12261.151306 10034.177629 8.94110
4683  12151.002170 10236.086531 9.24955
4684  12040.853772 10437.995465 9.55805
4685  11930.705215 10639.904423 9.86655
4686  11820.556433 10841.813388 10.17500
4687  11710.407352 11043.722142 10.48345
4688  11600.257563 11245.630271 10.79190
4689  11490.100334 11447.532797 11.10040
4690  11379.931118 11649.426505 11.40882
4691  11269.712368 11851.281281 11.71726
4692  11159.298188 12052.980679 12.02538
4693  11048.765353 12254.540327 12.33334
4694  10937.686052 12455.567141 12.64047
4695  10826.528350 12656.300942 12.94708
4696  10714.209862 12855.533677 13.25151
4697  10600.013466 13052.628453 13.55267
4698  10483.330427 13247.002219 13.84955
4699  10364.157760 13438.480529 14.14215
4700  10243.555306 13627.703581 14.43126
4701  10122.471812 13815.090276 14.71750
4702  10000.000000 14000.000000 14.81210
4703  12491.083106 10028.614619 8.93260
4704  12831.157524 9821.136304 8.61565
4705  12721.011737 10023.050656 8.92410
4706  13061.074820 9815.559396 8.60710
4707  13290.976247 9809.962468 8.59856
4708  13520.834668 9804.318949 8.58991
4709  13750.601662 9798.582945 8.58119
4710  13860.454538 9596.410879 8.27228
4711  14089.768780 9590.581754 8.26339
4712  14318.095435 9584.749413 8.25448
4713  14543.938628 9579.464058 8.24642
4714  14657.410617 9382.283976 7.94512
4715  14849.040441 9387.500000 7.95309
4716  15000.000000 9275.000000 7.78510
4717  12380.933616 10230.523744 9.24105
4718  12270.785285 10432.432724 9.54955
4719  12160.637312 10634.341620 9.85805
4720  12050.488982 10836.250566 10.16650
4721  11940.340248 11038.159514 10.47495
4722  11830.191297 11240.068387 10.78345
4723  11720.040757 11441.975962 11.09190
4724  11609.877091 11643.873860 11.40037
4725  11499.654119 11845.733516 11.70875
4726  11389.258196 12047.480420 12.01698
4727  11278.453908 12248.944738 12.32477
4728  11167.272499 12450.055222 12.63201
4729  11055.964330 12650.901766 12.93885
4730  10943.436318 12850.413855 13.24368
4731  10829.255566 13048.020002 13.54558
4732  10712.670787 13243.177791 13.84371
4733  10593.021327 13435.394228 14.13741
4734  10471.709137 13625.362846 14.42760
4735  10350.382105 13813.895831 14.71564
4736  10227.272727 14000.000000 14.81110
4737  12610.862494 10224.960960 9.23255
4738  12950.928946 10017.480905 8.91560
4739  12840.786120 10219.397964 9.22405
4740  13180.838891 10011.905746 8.90705
4741  13410.738219 10006.318230 8.89854
4742  13640.616485 10000.700686 8.88994
4743  13870.560713 9995.011241 8.88126
4744  13980.298731 9792.801939 8.57234
4745  14209.400352 9787.081257 8.56360
4746  14434.127170 9778.620161 8.55069
4747  14629.803057 9752.535985 8.51084
4748  14783.816098 9594.822176 8.26988
4749  15000.000000 9500.000000 8.11600
4750  12500.714218 10426.870133 9.54105
4751  12390.567586 10628.778883 9.84955
4752  12280.421161 10830.687696 10.15800
4753  12170.272561 11032.596575 10.46645
4754  12060.123256 11234.505197 10.77495
4755  11949.971400 11436.412461 11.08345
4756  11839.814033 11638.315208 11.39186
4757  11729.610711 11840.189667 11.70029
4758  11619.186664 12041.944831 12.00854
4759  11508.332756 12243.465296 12.31641
4760  11397.273640 12444.794393 12.62396
4761  11285.491714 12645.582964 12.93072
4762  11172.411109 12845.211820 13.23573
4763  11057.087747 13042.782556 13.53760
4764  10941.116246 13239.109044 13.83751
4765  10821.855305 13432.493052 14.13301
4766  10699.902675 13623.234178 14.42439
4767  10578.011738 13812.692995 14.71385
4768  10454.545455 14000.000000 14.80980
4769  12730.640517 10421.308112 9.53255
4770  13070.696150 10213.834127 9.21555
4771  12960.554358 10415.747933 9.52405
4772  13300.601749 10208.274887 9.20709
4773  13530.498133 10202.726330 9.19858
4774  13760.399763 10197.201704 9.19016
4775  13990.483127 10191.682154 9.18173
4776  14100.870897 9989.027206 8.87216
4777  14333.626604 9981.493924 8.86061
4778  14586.212060 9967.713646 8.83957
4779  14800.921327 9842.059883 8.64758
4780  15000.000000 9725.000000 8.64290
4781  12620.494970 10623.216377 9.84105
4782  12510.352568 10825.124748 10.14950
4783  12400.202780 11027.033081 10.45795
4784  12290.054408 11228.941768 10.76645
4785  12179.898259 11430.847304 11.07495
4786  12069.720107 11632.742629 11.38335
4787  11959.553893 11834.637494 11.69181
4788  11849.238206 12036.459296 12.00013
4789  11738.392254 12238.043080 12.30810
4790  11627.125604 12439.392282 12.61572
4791  11515.263716 12640.369348 12.92279
4792  11401.803080 12840.245852 13.22813
4793  11285.736408 13038.134485 13.53051
4794  11169.099670 13234.964062 13.83119
4795  11049.890676 13429.361321 14.12820
4796  10928.173370 13621.286898 14.42138
4797  10805.266286 13811.410690 14.71189
4798  10681.818182 14000.000000 14.80860
4799  12850.414548 10617.654848 9.83255
4800  13190.446583 10410.194355 9.51560
4801  13080.316474 10612.096690 9.82405
4802  13420.294917 10404.661802 9.50709
4803  13650.097922 10399.187484 9.49877
4804  13879.904724 10393.861835 9.49066
4805  14110.259322 10388.920958 9.48306
4806  14220.819031 10186.062950 9.17315
4807  14450.330112 10180.458327 9.16458
4808  14648.731741 10177.190795 9.15962
4809  14805.144284 10062.500000 8.98438
4810  15000.000000 9950.000000 8.64290
4811  12740.272854 10819.560616 10.14095
4812  12630.124503 11021.467345 10.44945
4813  12519.980497 11223.376922 10.75795
4814  12409.827892 11425.283841 11.06645
4815  12299.644037 11627.179206 11.37485
4816  12189.439022 11829.064099 11.68332
4817  12079.212051 12030.933107 11.99175
4818  11968.653376 12232.666868 12.29988
4819  11857.497370 12434.165822 12.60775
4820  11745.360145 12635.218046 12.91489
4821  11631.482426 12835.341000 13.22067
4822  11515.497839 13034.020343 13.52421
4823  11396.919634 13230.697221 13.82469
4824  11277.667759 13426.134673 14.12324
4825  11155.530273 13618.957780 14.41788
4826  11032.528179 13810.191969 14.70998
4827  10909.090909 14000.000000 14.80730
4828  12970.186444 10813.996312 10.13246
4829  13310.162844 10606.549095 9.81554
4830  13200.087082 10808.432191 10.12397
4831  13539.890844 10601.037646 9.80711
4832  13769.394122 10595.627301 9.79890
4833  13998.442053 10590.508437 9.79103
4834  14226.910781 10586.260903 9.78453
4835  14342.324105 10385.819871 9.47830
4836  14593.043489 10389.554426 9.48406
4837  14808.928761 10285.727574 9.32544
4838  15000.000000 10175.000000 9.15530
4839  12860.023376 11015.894746 10.44096
4840  12749.882832 11217.804183 10.74946
4841  12639.750142 11419.718070 11.05786
4842  12529.566739 11621.615766 11.36636
4843  12419.318854 11823.491666 11.67476
4844  12308.904530 12025.316647 11.98309
4845  12198.487353 12227.120585 12.29140
4846  12087.412243 12428.716121 12.59942
4847  11975.345255 12629.942463 12.90682
4848  11861.491490 12830.410900 13.21310
4849  11744.410266 13029.294152 13.51695
4850  11626.404322 13227.195524 13.81930
4851  11505.619101 13422.913599 14.11833
4852  11383.504192 13616.930720 14.41472
4853  11260.744597 13809.496446 14.70899
4854  11136.363636 14000.000000 14.80630
4855  13089.890275 11010.311971 10.43242
4856  13429.880320 10802.867703 10.11546
4857  13319.622502 11004.689766 10.42380
4858  13659.158100 10797.270295 10.10696
4859  13887.986261 10791.765035 10.09852
4860  14115.769432 10786.547118 10.09057
4861  14342.133394 10782.092287 10.08378
4862  14452.096464 10583.616494 9.78051
4863  14642.102613 10603.948366 9.81159
4864  14806.653053 10510.120223 9.66825
4865  15000.000000 10400.000000 9.49790
4866  12979.705411 11212.202441 10.74086
4867  12869.618181 11414.133991 11.04936
4868  12759.461683 11616.044634 11.35786
4869  12649.162160 11817.913583 11.66625
4870  12538.773360 12019.754314 11.97460
4871  12428.196538 12221.536110 12.28287
4872  12316.990211 12423.152333 12.59091
4873  12204.543063 12624.403152 12.89843
4874  12091.262594 12825.305012 13.20529
4875  11975.279738 13025.191286 13.51070
4876  11856.305780 13223.605858 13.81384
4877  11735.055775 13420.275824 14.11431
4878  11611.934502 13615.022228 14.41186
4879  11487.747487 13808.099700 14.70685
4880  11363.636364 14000.000000 14.90300
4881  13209.456484 11206.568977 10.73228
4882  13549.066451 10998.995960 10.41514
4883  13438.952529 11200.831022 10.72350
4884  13777.899692 10993.172858 10.40623
4885  14005.473469 10987.155121 10.39706
4886  14231.525033 10981.138378 10.38785
4887  14454.570014 10975.434959 10.37914
4888  14566.240234 10778.849653 10.07881
4889  14792.479826 10757.601035 10.04633
4890  15000.000000 10625.000000 9.67070
4891  13099.361321 11408.500777 11.04076
4892  12989.318581 11610.459568 11.34932
4893  12879.028481 11812.341983 11.65775
4894  12768.712445 12014.207544 11.96616
4895  12658.090613 12215.993236 12.27441
4896  12546.780783 12417.630917 12.58248
4897  12433.878205 12618.909857 12.88998
4898  12320.209118 12819.913371 13.19712
4899  12205.117244 13020.419326 13.50345
4900  12086.276966 13219.643869 13.80781
4901  11964.182661 13417.136049 14.10953
4902  11840.639049 13613.038550 14.40882
4903  11715.756175 13807.148807 14.70536
4904  11590.909091 14000.000000 14.90230
4905  13329.030468 11402.818676 11.03204
4906  13668.049981 11194.913199 10.71445
4907  13558.357919 11396.954496 11.02311
4908  13896.119737 11188.566376 10.70477
4909  14122.530479 11181.514228 10.69397
4910  14345.939111 11173.469132 10.68166
4911  14563.851191 11165.739060 10.66990
4912  14672.564820 10970.055570 10.37093
4913  14859.276549 10965.070730 10.36332
4914  15000.000000 10850.000000 10.19900
4915  13218.991479 11604.805040 11.34070
4916  13108.930001 11806.776028 11.64926
4917  12998.586018 12008.650539 11.95764
4918  12888.089980 12210.471737 12.26601
4919  12776.907597 12412.159476 12.57411
4920  12664.148378 12613.577389 12.88184
4921  12550.597676 12814.781982 13.18926
4922  12434.972271 13015.475841 13.49589
4923  12316.145241 13215.315962 13.80114
4924  12193.824673 13413.820733 14.10445
4925  12069.329052 13610.742326 14.40530
4926  11944.554787 13806.420650 14.70422
4927  11818.181818 14000.000000 14.90180
4928  13448.578071 11599.086934 11.33196
4929  13786.961611 11390.671675 11.01349
4930  13677.607410 11593.073731 11.32274
4931  14014.488212 11383.585596 11.00272
4932  14240.429050 11374.831857 10.98929
4933  14461.839666 11361.915776 10.96958
4934  14648.919936 11335.827666 10.92973
4935  14798.971109 11177.637981 10.68807
4936  15000.000000 11075.000000 10.52750
4937  13338.639758 11801.157512 11.64063
4938  13228.522356 12003.116321 11.94921
4939  13118.121446 12204.964027 12.25755
4940  13007.141410 12406.697779 12.56576
4941  12894.973907 12608.260104 12.87373
4942  12780.868447 12809.536942 13.18123
4943  12665.454956 13010.528547 13.48829
4944  12546.607259 13210.878237 13.79437
4945  12423.482692 13410.151108 14.09883
4946  12298.073696 13608.163587 14.40136
4947  12171.820409 13804.821061 14.70182
4948  12045.454545 14000.000000 14.90140
4949  13567.992102 11795.409430 11.63188
4950  13905.800134 11586.493160 11.31267
4951  13796.743064 11789.417445 11.62275
4952  14133.811875 11579.016867 11.30130
4953  14363.040497 11569.193090 11.28626
4954  14608.793940 11552.413714 11.26064
4955  14811.143773 11421.431797 11.06053
4956  15000.000000 11300.000000 10.87450
4957  13458.142187 11997.530855 11.94065
4958  13348.082009 12199.467071 12.24919
4959  13237.464598 12401.251923 12.55744
4960  13125.399964 12602.868665 12.86547
4961  13011.905772 12804.328604 13.17330
4962  12896.355759 13005.540474 13.48070
4963  12778.177404 13206.343609 13.78749
4964  12655.321357 13406.506273 14.09328
4965  12528.565058 13605.637597 14.39750
4966  12400.783100 13803.599805 14.69993
4967  12272.727273 14000.000000 14.90060
4968  13687.243364 11991.871850 11.93203
4969  14024.937796 11783.119685 11.61310
4970  13915.857640 11986.249924 11.92342
4971  14253.249438 11776.586736 11.60312
4972  14479.765856 11770.285496 11.59347
4973  14666.391178 11754.940508 11.57001
4974  14809.871057 11637.500000 11.39061
4975  15000.000000 11525.000000 11.05140
4976  13577.558321 12193.960120 12.24077
4977  13467.879353 12395.849927 12.54924
4978  13356.657249 12597.537435 12.85736
4979  13243.409213 12799.116696 13.16529
4980  13128.961550 13000.579184 13.47313
4981  13010.727147 13201.717380 13.78042
4982  12889.150775 13402.495562 14.08714
4983  12761.226234 13602.767068 14.39308
4984  12629.985830 13802.076994 14.69765
4985  12500.000000 14000.000000 14.90000
4986  13806.722933 12188.576247 12.23254
4987  14144.164626 11980.953976 11.91537
4988  14035.083222 12183.486384 12.22476
4989  14373.225242 11976.809232 11.90902
4990  14615.850931 11975.034670 11.90629
4991  14818.539555 11863.147366 11.73534
4992  15000.000000 11750.000000 11.56280
4993  13697.280082 12390.464774 12.54099
4994  13587.553854 12592.202741 12.84921
4995  13475.646794 12793.871923 13.15732
4996  13361.883951 12995.514362 13.46539
4997  13244.926837 13197.048406 13.77326
4998  13124.779306 13398.251857 14.08066
4999  13001.736250 13599.322046 14.38784
5000  12862.067863 13800.457494 14.69515
5001  12727.272727 14000.000000 14.89920
5002  13926.430343 12385.269929 12.53306
5003  14262.052440 12179.321187 12.21837
5004  14154.484040 12380.393830 12.52558
5005  14484.268161 12178.673328 12.21743
5006  14671.159173 12200.000000 12.25001
5007  14819.219390 12086.327844 12.07630
5008  15000.000000 11975.000000 11.90600
5009  13817.323662 12586.897652 12.84110
5010  13706.819915 12788.574015 13.14921
5011  13594.546312 12990.356647 13.45752
5012  13479.178709 13192.249763 13.76591
5013  13360.638496 13394.003276 14.07416
5014  13237.416362 13595.264656 14.38166
5015  13096.332059 13798.362231 14.69191
5016  12954.545455 14000.000000 14.89840
5017  14046.898194 12581.722321 12.83315
5018  14380.650682 12375.529612 12.51814
5019  14275.275290 12576.985099 12.82596
5020  14602.571271 12365.323573 12.50261
5021  14809.766684 12304.785030 12.41009
5022  15000.000000 12200.000000 12.24550
5023  13937.678007 12783.204546 13.14098
5024  13826.931204 12985.006800 13.44929
5025  13713.212599 13187.223267 13.75828
5026  13596.294775 13389.688463 14.06755
5027  13472.048823 13592.558230 14.37752
5028  13328.879806 13796.580820 14.68921
5029  13181.818182 14000.000000 14.89730
5030  14167.109635 12778.177963 13.13331
5031  14505.116717 12572.478526 12.81909
5032  14397.392471 12773.608341 13.12637
5033  14765.650273 12552.058766 12.78786
5034  15000.000000 12425.000000 12.41790
5035  14057.618809 12979.454666 13.44083
5036  13943.054534 13182.276192 13.75073
5037  13826.039009 13385.460130 14.06111
5038  13704.175750 13589.206734 14.37242
5039  13557.651610 13795.212289 14.68713
5040  13409.090909 14000.000000 14.89640
5041  14287.693326 12974.102335 13.43266
5042  14628.917295 12769.597047 13.12024
5043  14520.164875 12970.315503 13.42687
5044  14832.761848 12764.195886 13.11195
5045  15000.000000 12650.000000 13.11020
5046  14172.209792 13176.958005 13.74259
5047  14055.190578 13380.985128 14.05429
5048  13933.330940 13585.069908 14.36605
5049  13785.620429 13793.759830 14.68494
5050  13636.363636 14000.000000 14.89570
5051  14399.209074 13170.781239 13.73314
5052  14619.341536 13171.529096 13.73427
5053  14778.183248 12978.452906 13.43930
5054  15000.000000 12875.000000 13.11020
5055  14287.183344 13375.171831 14.04537
5056  14168.907938 13581.058625 14.35994
5057  14013.980443 13792.805758 14.68344
5058  13863.636364 14000.000000 14.89500
5059  14508.610584 13356.632632 14.01707
5060  14685.671772 13334.650164 13.98348
5061  14824.209664 13218.342132 13.80583
5062  15000.000000 13100.000000 13.79990
5063  14418.787671 13584.649070 14.36542
5064  14241.477897 13796.946187 14.68978
5065  14090.909091 14000.000000 14.89450
5066  14641.463115 13503.017802 14.24071
5067  14831.568718 13428.619256 14.12706
5068  15000.000000 13325.000000 13.96720
5069  14599.450887 13680.480020 14.51185
5070  14464.421268 13817.148271 14.72068
5071  14318.181818 14000.000000 14.89660
5072  14798.045774 13660.108280 14.48073
5073  15000.000000 13550.000000 14.30680
5074  14666.762008 13840.134759 14.75575
5075  14545.454545 14000.000000 14.82550
5076  14836.551032 13837.184239 14.75126
5077  15000.000000 13775.000000 14.80250
5078  14772.727273 14000.000000 14.83570
5079  15000.000000 14000.000000 14.80250
$EndNodes
$Elements
9768
1 2 2 0 1 4 1 3
2 2 2 0 1 1 2 3
3 2 2 0 1 2 6 7
4 2 2 0 1 2 7 3
5 2 2 0 1 8 4 3
6 2 2 0 1 7 8 3
7 2 2 0 1 5 4 8
8 2 2 0 1 10 5 9
9 2 2 0 1 5 8 9
10 2 2 0 1 6 15 7
11 2 2 0 1 6 14 15
12 2 2 0 1 15 16 7
13 2 2 0 1 16 8 7
14 2 2 0 1 8 16 9
15 2 2 0 1 20 10 9
16 2 2 0 1 20 9 17
17 2 2 0 1 9 16 17
18 2 2 0 1 11 10 20
19 2 2 0 1 19 11 21
20 2 2 0 1 11 20 21
21 2 2 0 1 12 13 22
22 2 2 0 1 23 12 22
23 2 2 0 1 13 25 24
24 2 2 0 1 13 24 22
25 2 2 0 1 14 27 28
26 2 2 0 1 14 28 15
27 2 2 0 1 28 31 15
28 2 2 0 1 15 31 16
29 2 2 0 1 16 31 33
30 2 2 0 1 16 33 17
31 2 2 0 1 33 34 17
32 2 2 0 1 34 20 17
33 2 2 0 1 29 18 32
34 2 2 0 1 32 18 35
35 2 2 0 1 18 19 35
36 2 2 0 1 35 19 21
37 2 2 0 1 36 20 34
38 2 2 0 1 20 36 21
39 2 2 0 1 36 35 21
40 2 2 0 1 37 23 22
41 2 2 0 1 24 37 22
42 2 2 0 1 38 23 37
43 2 2 0 1 24 25 40
44 2 2 0 1 37 24 39
45 2 2 0 1 24 40 39
46 2 2 0 1 25 26 40
47 2 2 0 1 26 41 40
48 2 2 0 1 26 42 41
49 2 2 0 1 27 43 44
50 2 2 0 1 28 27 44
51 2 2 0 1 28 47 31
52 2 2 0 1 47 28 44
53 2 2 0 1 29 32 48
54 2 2 0 1 30 29 48
55 2 2 0 1 46 30 49
56 2 2 0 1 49 30 48
57 2 2 0 1 31 51 33
58 2 2 0 1 31 47 51
59 2 2 0 1 32 35 52
60 2 2 0 1 32 52 50
61 2 2 0 1 48 32 50
62 2 2 0 1 51 53 33
63 2 2 0 1 53 34 33
64 2 2 0 1 53 54 34
65 2 2 0 1 54 36 34
66 2 2 0 1 36 55 35
67 2 2 0 1 35 55 52
68 2 2 0 1 54 55 36
69 2 2 0 1 56 38 37
70 2 2 0 1 56 37 39
71 2 2 0 1 57 38 56
72 2 2 0 1 40 60 39
73 2 2 0 1 56 39 59
74 2 2 0 1 39 60 59
75 2 2 0 1 40 41 61
76 2 2 0 1 60 40 61
77 2 2 0 1 41 63 62
78 2 2 0 1 61 41 62
79 2 2 0 1 41 42 63
80 2 2 0 1 42 64 63
81 2 2 0 1 43 66 67
82 2 2 0 1 44 43 67
83 2 2 0 1 68 44 67
84 2 2 0 1 68 47 44
85 2 2 0 1 45 46 71
86 2 2 0 1 45 71 70
87 2 2 0 1 69 45 70
88 2 2 0 1 71 46 49
89 2 2 0 1 47 73 51
90 2 2 0 1 68 73 47
91 2 2 0 1 74 48 50
92 2 2 0 1 74 49 48
93 2 2 0 1 49 74 72
94 2 2 0 1 71 49 72
95 2 2 0 1 75 74 50
96 2 2 0 1 52 75 50
97 2 2 0 1 73 76 51
98 2 2 0 1 76 53 51
99 2 2 0 1 77 75 52
100 2 2 0 1 55 77 52
101 2 2 0 1 53 78 54
102 2 2 0 1 76 78 53
103 2 2 0 1 78 79 54
104 2 2 0 1 79 55 54
105 2 2 0 1 79 77 55
106 2 2 0 1 81 57 56
107 2 2 0 1 81 56 59
108 2 2 0 1 58 57 81
109 2 2 0 1 80 58 82
110 2 2 0 1 58 81 82
111 2 2 0 1 84 83 59
112 2 2 0 1 83 81 59
113 2 2 0 1 60 84 59
114 2 2 0 1 85 60 61
115 2 2 0 1 85 84 60
116 2 2 0 1 86 85 61
117 2 2 0 1 86 61 62
118 2 2 0 1 63 87 62
119 2 2 0 1 87 86 62
120 2 2 0 1 64 88 63
121 2 2 0 1 88 87 63
122 2 2 0 1 64 65 88
123 2 2 0 1 65 90 89
124 2 2 0 1 65 89 88
125 2 2 0 1 66 92 93
126 2 2 0 1 66 93 67
127 2 2 0 1 94 68 67
128 2 2 0 1 93 94 67
129 2 2 0 1 97 68 94
130 2 2 0 1 97 73 68
131 2 2 0 1 96 69 98
132 2 2 0 1 98 69 70
133 2 2 0 1 99 98 70
134 2 2 0 1 71 99 70
135 2 2 0 1 100 71 72
136 2 2 0 1 99 71 100
137 2 2 0 1 74 101 72
138 2 2 0 1 101 100 72
139 2 2 0 1 102 73 97
140 2 2 0 1 102 76 73
141 2 2 0 1 74 103 101
142 2 2 0 1 75 103 74
143 2 2 0 1 104 103 75
144 2 2 0 1 104 75 77
145 2 2 0 1 105 78 76
146 2 2 0 1 105 76 102
147 2 2 0 1 77 79 106
148 2 2 0 1 104 77 106
149 2 2 0 1 78 107 79
150 2 2 0 1 105 107 78
151 2 2 0 1 79 107 106
152 2 2 0 1 108 80 109
153 2 2 0 1 109 80 82
154 2 2 0 1 81 110 82
155 2 2 0 1 110 81 83
156 2 2 0 1 110 109 82
157 2 2 0 1 111 110 83
158 2 2 0 1 84 111 83
159 2 2 0 1 112 111 84
160 2 2 0 1 112 84 85
161 2 2 0 1 112 85 113
162 2 2 0 1 113 85 86
163 2 2 0 1 114 113 86
164 2 2 0 1 87 114 86
165 2 2 0 1 115 114 87
166 2 2 0 1 115 87 88
167 2 2 0 1 115 88 116
168 2 2 0 1 88 89 116
169 2 2 0 1 89 90 117
170 2 2 0 1 89 117 116
171 2 2 0 1 90 91 117
172 2 2 0 1 91 119 118
173 2 2 0 1 117 91 118
174 2 2 0 1 92 120 121
175 2 2 0 1 93 92 121
176 2 2 0 1 93 122 94
177 2 2 0 1 122 93 121
178 2 2 0 1 125 97 94
179 2 2 0 1 122 125 94
180 2 2 0 1 95 127 126
181 2 2 0 1 95 96 127
182 2 2 0 1 124 95 126
183 2 2 0 1 127 96 98
184 2 2 0 1 129 97 125
185 2 2 0 1 102 97 129
186 2 2 0 1 99 130 98
187 2 2 0 1 127 98 128
188 2 2 0 1 98 130 128
189 2 2 0 1 131 99 100
190 2 2 0 1 131 130 99
191 2 2 0 1 132 131 100
192 2 2 0 1 101 132 100
193 2 2 0 1 101 133 132
194 2 2 0 1 101 103 133
195 2 2 0 1 102 129 134
196 2 2 0 1 105 102 134
197 2 2 0 1 104 135 103
198 2 2 0 1 103 135 133
199 2 2 0 1 136 104 106
200 2 2 0 1 136 135 104
201 2 2 0 1 137 105 134
202 2 2 0 1 137 107 105
203 2 2 0 1 107 138 106
204 2 2 0 1 138 136 106
205 2 2 0 1 137 138 107
206 2 2 0 1 139 108 140
207 2 2 0 1 140 108 109
208 2 2 0 1 110 141 109
209 2 2 0 1 141 140 109
210 2 2 0 1 111 142 110
211 2 2 0 1 110 142 141
212 2 2 0 1 112 143 111
213 2 2 0 1 143 142 111
214 2 2 0 1 144 143 112
215 2 2 0 1 144 112 113
216 2 2 0 1 145 113 114
217 2 2 0 1 145 144 113
218 2 2 0 1 146 114 115
219 2 2 0 1 145 114 146
220 2 2 0 1 146 115 147
221 2 2 0 1 147 115 116
222 2 2 0 1 117 148 116
223 2 2 0 1 148 147 116
224 2 2 0 1 149 117 118
225 2 2 0 1 149 148 117
226 2 2 0 1 151 149 118
227 2 2 0 1 119 151 118
228 2 2 0 1 119 150 151
229 2 2 0 1 120 154 121
230 2 2 0 1 120 153 154
231 2 2 0 1 122 121 157
232 2 2 0 1 121 154 157
233 2 2 0 1 158 125 122
234 2 2 0 1 158 122 157
235 2 2 0 1 123 160 159
236 2 2 0 1 123 124 160
237 2 2 0 1 156 123 159
238 2 2 0 1 160 124 126
239 2 2 0 1 129 125 161
240 2 2 0 1 125 158 161
241 2 2 0 1 127 163 126
242 2 2 0 1 126 163 162
243 2 2 0 1 160 126 162
244 2 2 0 1 163 127 128
245 2 2 0 1 130 164 128
246 2 2 0 1 164 163 128
247 2 2 0 1 134 129 165
248 2 2 0 1 165 129 161
249 2 2 0 1 166 164 130
250 2 2 0 1 166 130 131
251 2 2 0 1 167 131 132
252 2 2 0 1 166 131 167
253 2 2 0 1 168 167 132
254 2 2 0 1 133 168 132
255 2 2 0 1 169 168 133
256 2 2 0 1 135 169 133
257 2 2 0 1 137 134 170
258 2 2 0 1 134 165 170
259 2 2 0 1 135 171 169
260 2 2 0 1 136 171 135
261 2 2 0 1 138 172 136
262 2 2 0 1 136 172 171
263 2 2 0 1 173 137 170
264 2 2 0 1 173 138 137
265 2 2 0 1 173 172 138
266 2 2 0 1 174 139 175
267 2 2 0 1 139 140 175
268 2 2 0 1 175 140 176
269 2 2 0 1 140 141 176
270 2 2 0 1 142 177 141
271 2 2 0 1 141 177 176
272 2 2 0 1 142 178 177
273 2 2 0 1 143 178 142
274 2 2 0 1 144 179 143
275 2 2 0 1 143 179 178
276 2 2 0 1 180 179 144
277 2 2 0 1 180 144 145
278 2 2 0 1 145 146 181
279 2 2 0 1 180 145 181
280 2 2 0 1 182 146 147
281 2 2 0 1 181 146 182
282 2 2 0 1 183 182 147
283 2 2 0 1 183 147 148
284 2 2 0 1 184 148 149
285 2 2 0 1 183 148 184
286 2 2 0 1 185 184 149
287 2 2 0 1 151 185 149
288 2 2 0 1 150 152 188
289 2 2 0 1 151 150 188
290 2 2 0 1 151 188 189
291 2 2 0 1 185 151 189
292 2 2 0 1 152 186 190
293 2 2 0 1 152 190 188
294 2 2 0 1 153 191 192
295 2 2 0 1 154 153 192
296 2 2 0 1 193 154 192
297 2 2 0 1 154 193 157
298 2 2 0 1 195 155 196
299 2 2 0 1 155 156 197
300 2 2 0 1 155 197 196
301 2 2 0 1 197 156 159
302 2 2 0 1 193 198 157
303 2 2 0 1 198 158 157
304 2 2 0 1 158 199 161
305 2 2 0 1 198 199 158
306 2 2 0 1 159 201 200
307 2 2 0 1 197 159 200
308 2 2 0 1 160 201 159
309 2 2 0 1 201 160 162
310 2 2 0 1 202 165 161
311 2 2 0 1 199 202 161
312 2 2 0 1 163 203 162
313 2 2 0 1 203 201 162
314 2 2 0 1 204 203 163
315 2 2 0 1 164 204 163
316 2 2 0 1 166 205 164
317 2 2 0 1 164 205 204
318 2 2 0 1 202 206 165
319 2 2 0 1 165 206 170
320 2 2 0 1 207 166 167
321 2 2 0 1 207 205 166
322 2 2 0 1 168 208 167
323 2 2 0 1 208 207 167
324 2 2 0 1 168 209 208
325 2 2 0 1 169 209 168
326 2 2 0 1 169 210 209
327 2 2 0 1 169 171 210
328 2 2 0 1 206 211 170
329 2 2 0 1 211 173 170
330 2 2 0 1 171 172 212
331 2 2 0 1 210 171 212
332 2 2 0 1 173 213 172
333 2 2 0 1 172 213 212
334 2 2 0 1 211 213 173
335 2 2 0 1 214 174 215
336 2 2 0 1 215 174 175
337 2 2 0 1 216 175 176
338 2 2 0 1 215 175 216
339 2 2 0 1 217 216 176
340 2 2 0 1 177 217 176
341 2 2 0 1 177 178 218
342 2 2 0 1 217 177 218
343 2 2 0 1 178 179 219
344 2 2 0 1 178 219 218
345 2 2 0 1 179 220 219
346 2 2 0 1 180 220 179
347 2 2 0 1 221 220 180
348 2 2 0 1 221 180 181
349 2 2 0 1 222 221 181
350 2 2 0 1 222 181 182
351 2 2 0 1 223 222 182
352 2 2 0 1 183 223 182
353 2 2 0 1 224 183 184
354 2 2 0 1 224 223 183
355 2 2 0 1 185 225 184
356 2 2 0 1 225 224 184
357 2 2 0 1 227 185 189
358 2 2 0 1 227 225 185
359 2 2 0 1 190 186 229
360 2 2 0 1 186 187 229
361 2 2 0 1 187 226 228
362 2 2 0 1 229 187 228
363 2 2 0 1 190 230 188
364 2 2 0 1 188 230 189
365 2 2 0 1 230 227 189
366 2 2 0 1 190 229 231
367 2 2 0 1 230 190 231
368 2 2 0 1 191 233 192
369 2 2 0 1 191 232 233
370 2 2 0 1 192 233 234
371 2 2 0 1 193 192 234
372 2 2 0 1 237 198 193
373 2 2 0 1 237 193 234
374 2 2 0 1 194 195 239
375 2 2 0 1 194 239 238
376 2 2 0 1 236 194 238
377 2 2 0 1 239 195 196
378 2 2 0 1 197 240 196
379 2 2 0 1 240 239 196
380 2 2 0 1 241 197 200
381 2 2 0 1 240 197 241
382 2 2 0 1 242 199 198
383 2 2 0 1 242 198 237
384 2 2 0 1 243 199 242
385 2 2 0 1 243 202 199
386 2 2 0 1 244 241 200
387 2 2 0 1 201 244 200
388 2 2 0 1 245 244 201
389 2 2 0 1 245 201 203
390 2 2 0 1 246 206 202
391 2 2 0 1 246 202 243
392 2 2 0 1 245 203 247
393 2 2 0 1 203 204 247
394 2 2 0 1 205 248 204
395 2 2 0 1 204 248 247
396 2 2 0 1 249 205 207
397 2 2 0 1 249 248 205
398 2 2 0 1 250 206 246
399 2 2 0 1 250 211 206
400 2 2 0 1 249 207 251
401 2 2 0 1 207 208 251
402 2 2 0 1 209 252 208
403 2 2 0 1 208 252 251
404 2 2 0 1 209 210 253
405 2 2 0 1 209 253 252
406 2 2 0 1 254 210 212
407 2 2 0 1 253 210 254
408 2 2 0 1 250 255 211
409 2 2 0 1 211 255 213
410 2 2 0 1 212 213 256
411 2 2 0 1 254 212 256
412 2 2 0 1 213 255 256
413 2 2 0 1 257 214 258
414 2 2 0 1 214 215 258
415 2 2 0 1 259 215 216
416 2 2 0 1 258 215 259
417 2 2 0 1 260 259 216
418 2 2 0 1 217 260 216
419 2 2 0 1 261 260 217
420 2 2 0 1 261 217 218
421 2 2 0 1 219 262 218
422 2 2 0 1 262 261 218
423 2 2 0 1 219 220 263
424 2 2 0 1 262 219 263
425 2 2 0 1 221 264 220
426 2 2 0 1 220 264 263
427 2 2 0 1 265 264 221
428 2 2 0 1 265 221 222
429 2 2 0 1 266 222 223
430 2 2 0 1 265 222 266
431 2 2 0 1 266 223 267
432 2 2 0 1 267 223 224
433 2 2 0 1 268 224 225
434 2 2 0 1 267 224 268
435 2 2 0 1 271 225 227
436 2 2 0 1 268 225 271
437 2 2 0 1 226 272 228
438 2 2 0 1 226 269 272
439 2 2 0 1 273 227 230
440 2 2 0 1 271 227 273
441 2 2 0 1 272 274 228
442 2 2 0 1 274 229 228
443 2 2 0 1 274 275 229
444 2 2 0 1 229 275 231
445 2 2 0 1 273 230 276
446 2 2 0 1 276 230 231
447 2 2 0 1 275 276 231
448 2 2 0 1 232 277 280
449 2 2 0 1 233 232 280
450 2 2 0 1 233 281 234
451 2 2 0 1 281 233 280
452 2 2 0 1 281 282 234
453 2 2 0 1 282 237 234
454 2 2 0 1 278 235 283
455 2 2 0 1 235 236 284
456 2 2 0 1 235 284 283
457 2 2 0 1 284 236 238
458 2 2 0 1 242 237 285
459 2 2 0 1 285 237 282
460 2 2 0 1 239 286 238
461 2 2 0 1 286 284 238
462 2 2 0 1 239 287 286
463 2 2 0 1 287 239 240
464 2 2 0 1 288 240 241
465 2 2 0 1 288 287 240
466 2 2 0 1 289 288 241
467 2 2 0 1 244 289 241
468 2 2 0 1 242 285 290
469 2 2 0 1 243 242 290
470 2 2 0 1 291 243 290
471 2 2 0 1 246 243 291
472 2 2 0 1 292 289 244
473 2 2 0 1 292 244 245
474 2 2 0 1 245 247 293
475 2 2 0 1 292 245 293
476 2 2 0 1 246 291 294
477 2 2 0 1 250 246 294
478 2 2 0 1 248 295 247
479 2 2 0 1 247 295 293
480 2 2 0 1 296 295 248
481 2 2 0 1 249 296 248
482 2 2 0 1 297 296 249
483 2 2 0 1 297 249 251
484 2 2 0 1 298 250 294
485 2 2 0 1 298 255 250
486 2 2 0 1 251 252 299
487 2 2 0 1 297 251 299
488 2 2 0 1 252 253 300
489 2 2 0 1 252 300 299
490 2 2 0 1 300 253 301
491 2 2 0 1 253 254 301
492 2 2 0 1 302 254 256
493 2 2 0 1 254 302 301
494 2 2 0 1 298 303 255
495 2 2 0 1 255 303 256
496 2 2 0 1 303 302 256
497 2 2 0 1 306 257 307
498 2 2 0 1 307 257 258
499 2 2 0 1 308 258 259
500 2 2 0 1 307 258 308
501 2 2 0 1 309 308 259
502 2 2 0 1 260 309 259
503 2 2 0 1 310 309 260
504 2 2 0 1 261 310 260
505 2 2 0 1 311 261 262
506 2 2 0 1 311 310 261
507 2 2 0 1 312 311 262
508 2 2 0 1 312 262 263
509 2 2 0 1 313 312 263
510 2 2 0 1 264 313 263
511 2 2 0 1 314 313 264
512 2 2 0 1 314 264 265
513 2 2 0 1 314 265 315
514 2 2 0 1 265 266 315
515 2 2 0 1 266 267 316
516 2 2 0 1 266 316 315
517 2 2 0 1 316 267 317
518 2 2 0 1 267 268 317
519 2 2 0 1 268 320 317
520 2 2 0 1 268 271 320
521 2 2 0 1 269 270 321
522 2 2 0 1 272 269 321
523 2 2 0 1 270 322 321
524 2 2 0 1 270 318 322
525 2 2 0 1 271 273 323
526 2 2 0 1 320 271 323
527 2 2 0 1 325 272 324
528 2 2 0 1 272 321 324
529 2 2 0 1 274 272 325
530 2 2 0 1 326 273 276
531 2 2 0 1 273 326 323
532 2 2 0 1 327 275 274
533 2 2 0 1 327 274 325
534 2 2 0 1 328 276 275
535 2 2 0 1 328 275 327
536 2 2 0 1 326 276 328
537 2 2 0 1 277 330 331
538 2 2 0 1 277 331 280
539 2 2 0 1 333 278 283
540 2 2 0 1 279 278 333
541 2 2 0 1 279 333 334
542 2 2 0 1 332 279 334
543 2 2 0 1 281 280 335
544 2 2 0 1 280 331 335
545 2 2 0 1 336 282 281
546 2 2 0 1 336 281 335
547 2 2 0 1 285 282 338
548 2 2 0 1 282 336 338
549 2 2 0 1 283 339 337
550 2 2 0 1 333 283 337
551 2 2 0 1 283 284 339
552 2 2 0 1 340 284 286
553 2 2 0 1 284 340 339
554 2 2 0 1 285 341 290
555 2 2 0 1 285 338 341
556 2 2 0 1 340 286 342
557 2 2 0 1 286 287 342
558 2 2 0 1 287 343 342
559 2 2 0 1 288 343 287
560 2 2 0 1 288 344 343
561 2 2 0 1 289 344 288
562 2 2 0 1 289 345 344
563 2 2 0 1 292 345 289
564 2 2 0 1 346 291 290
565 2 2 0 1 341 346 290
566 2 2 0 1 294 291 347
567 2 2 0 1 291 346 347
568 2 2 0 1 348 292 293
569 2 2 0 1 348 345 292
570 2 2 0 1 295 349 293
571 2 2 0 1 349 348 293
572 2 2 0 1 350 298 294
573 2 2 0 1 350 294 347
574 2 2 0 1 351 295 296
575 2 2 0 1 351 349 295
576 2 2 0 1 351 296 352
577 2 2 0 1 352 296 297
578 2 2 0 1 353 297 299
579 2 2 0 1 352 297 353
580 2 2 0 1 354 303 298
581 2 2 0 1 354 298 350
582 2 2 0 1 300 355 299
583 2 2 0 1 355 353 299
584 2 2 0 1 300 356 355
585 2 2 0 1 300 301 356
586 2 2 0 1 301 357 356
587 2 2 0 1 302 357 301
588 2 2 0 1 303 358 302
589 2 2 0 1 358 357 302
590 2 2 0 1 354 358 303
591 2 2 0 1 304 359 363
592 2 2 0 1 304 363 364
593 2 2 0 1 305 304 364
594 2 2 0 1 365 305 364
595 2 2 0 1 306 307 366
596 2 2 0 1 329 306 366
597 2 2 0 1 366 307 367
598 2 2 0 1 367 307 308
599 2 2 0 1 369 367 308
600 2 2 0 1 309 369 308
601 2 2 0 1 310 370 309
602 2 2 0 1 309 370 369
603 2 2 0 1 311 371 310
604 2 2 0 1 310 371 370
605 2 2 0 1 312 372 311
606 2 2 0 1 311 372 371
607 2 2 0 1 312 373 372
608 2 2 0 1 313 373 312
609 2 2 0 1 314 374 313
610 2 2 0 1 313 374 373
611 2 2 0 1 375 314 315
612 2 2 0 1 375 374 314
613 2 2 0 1 375 315 376
614 2 2 0 1 315 316 376
615 2 2 0 1 316 317 377
616 2 2 0 1 376 316 377
617 2 2 0 1 317 378 377
618 2 2 0 1 317 320 378
619 2 2 0 1 322 318 379
620 2 2 0 1 318 319 379
621 2 2 0 1 319 380 379
622 2 2 0 1 319 368 380
623 2 2 0 1 320 323 382
624 2 2 0 1 320 382 378
625 2 2 0 1 321 322 383
626 2 2 0 1 321 383 324
627 2 2 0 1 322 379 381
628 2 2 0 1 383 322 381
629 2 2 0 1 323 384 382
630 2 2 0 1 326 384 323
631 2 2 0 1 385 325 324
632 2 2 0 1 383 385 324
633 2 2 0 1 386 327 325
634 2 2 0 1 385 386 325
635 2 2 0 1 387 384 326
636 2 2 0 1 387 326 328
637 2 2 0 1 388 328 327
638 2 2 0 1 388 327 386
639 2 2 0 1 388 387 328
640 2 2 0 1 389 329 390
641 2 2 0 1 390 329 366
642 2 2 0 1 331 330 392
643 2 2 0 1 330 391 392
644 2 2 0 1 393 331 392
645 2 2 0 1 331 393 335
646 2 2 0 1 394 332 334
647 2 2 0 1 361 332 362
648 2 2 0 1 332 394 362
649 2 2 0 1 395 333 337
650 2 2 0 1 333 395 334
651 2 2 0 1 395 394 334
652 2 2 0 1 393 396 335
653 2 2 0 1 396 336 335
654 2 2 0 1 396 397 336
655 2 2 0 1 336 397 338
656 2 2 0 1 398 395 337
657 2 2 0 1 339 398 337
658 2 2 0 1 397 399 338
659 2 2 0 1 338 399 341
660 2 2 0 1 340 400 339
661 2 2 0 1 400 398 339
662 2 2 0 1 401 340 342
663 2 2 0 1 401 400 340
664 2 2 0 1 399 402 341
665 2 2 0 1 402 346 341
666 2 2 0 1 403 401 342
667 2 2 0 1 343 403 342
668 2 2 0 1 403 343 404
669 2 2 0 1 343 344 404
670 2 2 0 1 344 405 404
671 2 2 0 1 344 345 405
672 2 2 0 1 345 406 405
673 2 2 0 1 348 406 345
674 2 2 0 1 346 407 347
675 2 2 0 1 402 407 346
676 2 2 0 1 408 350 347
677 2 2 0 1 407 408 347
678 2 2 0 1 409 348 349
679 2 2 0 1 409 406 348
680 2 2 0 1 410 349 351
681 2 2 0 1 409 349 410
682 2 2 0 1 408 411 350
683 2 2 0 1 411 354 350
684 2 2 0 1 351 352 412
685 2 2 0 1 410 351 412
686 2 2 0 1 352 413 412
687 2 2 0 1 352 353 413
688 2 2 0 1 353 414 413
689 2 2 0 1 414 353 355
690 2 2 0 1 415 358 354
691 2 2 0 1 415 354 411
692 2 2 0 1 416 414 355
693 2 2 0 1 356 416 355
694 2 2 0 1 357 417 356
695 2 2 0 1 417 416 356
696 2 2 0 1 358 418 357
697 2 2 0 1 357 418 417
698 2 2 0 1 415 418 358
699 2 2 0 1 363 359 419
700 2 2 0 1 359 360 419
701 2 2 0 1 360 420 419
702 2 2 0 1 360 361 420
703 2 2 0 1 420 361 362
704 2 2 0 1 394 421 362
705 2 2 0 1 421 420 362
706 2 2 0 1 363 419 422
707 2 2 0 1 423 363 422
708 2 2 0 1 363 423 364
709 2 2 0 1 423 365 364
710 2 2 0 1 424 365 423
711 2 2 0 1 390 366 425
712 2 2 0 1 425 366 367
713 2 2 0 1 426 425 367
714 2 2 0 1 369 426 367
715 2 2 0 1 380 368 429
716 2 2 0 1 368 427 429
717 2 2 0 1 369 370 430
718 2 2 0 1 426 369 430
719 2 2 0 1 370 431 430
720 2 2 0 1 370 371 431
721 2 2 0 1 371 372 432
722 2 2 0 1 431 371 432
723 2 2 0 1 372 433 432
724 2 2 0 1 372 373 433
725 2 2 0 1 433 373 434
726 2 2 0 1 373 374 434
727 2 2 0 1 375 435 374
728 2 2 0 1 374 435 434
729 2 2 0 1 436 435 375
730 2 2 0 1 436 375 376
731 2 2 0 1 437 376 377
732 2 2 0 1 437 436 376
733 2 2 0 1 378 438 377
734 2 2 0 1 438 437 377
735 2 2 0 1 382 440 378
736 2 2 0 1 440 438 378
737 2 2 0 1 380 441 379
738 2 2 0 1 379 441 381
739 2 2 0 1 380 429 439
740 2 2 0 1 441 380 439
741 2 2 0 1 441 442 381
742 2 2 0 1 442 383 381
743 2 2 0 1 443 440 382
744 2 2 0 1 384 443 382
745 2 2 0 1 442 444 383
746 2 2 0 1 444 385 383
747 2 2 0 1 384 445 443
748 2 2 0 1 387 445 384
749 2 2 0 1 446 386 385
750 2 2 0 1 444 446 385
751 2 2 0 1 388 386 447
752 2 2 0 1 447 386 446
753 2 2 0 1 448 387 388
754 2 2 0 1 448 445 387
755 2 2 0 1 448 388 447
756 2 2 0 1 389 390 450
757 2 2 0 1 449 389 450
758 2 2 0 1 450 390 451
759 2 2 0 1 451 390 425
760 2 2 0 1 391 453 392
761 2 2 0 1 391 452 453
762 2 2 0 1 393 392 454
763 2 2 0 1 392 453 454
764 2 2 0 1 455 393 454
765 2 2 0 1 455 396 393
766 2 2 0 1 456 394 395
767 2 2 0 1 456 421 394
768 2 2 0 1 457 456 395
769 2 2 0 1 398 457 395
770 2 2 0 1 396 458 397
771 2 2 0 1 455 458 396
772 2 2 0 1 458 459 397
773 2 2 0 1 459 399 397
774 2 2 0 1 400 460 398
775 2 2 0 1 398 460 457
776 2 2 0 1 459 461 399
777 2 2 0 1 399 461 402
778 2 2 0 1 462 460 400
779 2 2 0 1 462 400 401
780 2 2 0 1 462 401 463
781 2 2 0 1 463 401 403
782 2 2 0 1 402 461 464
783 2 2 0 1 402 464 407
784 2 2 0 1 465 463 403
785 2 2 0 1 465 403 404
786 2 2 0 1 466 465 404
787 2 2 0 1 405 466 404
788 2 2 0 1 405 467 466
789 2 2 0 1 406 467 405
790 2 2 0 1 468 406 409
791 2 2 0 1 468 467 406
792 2 2 0 1 407 464 469
793 2 2 0 1 407 469 408
794 2 2 0 1 469 470 408
795 2 2 0 1 470 411 408
796 2 2 0 1 409 410 471
797 2 2 0 1 468 409 471
798 2 2 0 1 410 472 471
799 2 2 0 1 472 410 412
800 2 2 0 1 411 470 473
801 2 2 0 1 415 411 473
802 2 2 0 1 474 472 412
803 2 2 0 1 413 474 412
804 2 2 0 1 475 474 413
805 2 2 0 1 414 475 413
806 2 2 0 1 476 475 414
807 2 2 0 1 476 414 416
808 2 2 0 1 477 418 415
809 2 2 0 1 477 415 473
810 2 2 0 1 478 416 417
811 2 2 0 1 476 416 478
812 2 2 0 1 418 479 417
813 2 2 0 1 479 478 417
814 2 2 0 1 477 479 418
815 2 2 0 1 419 480 422
816 2 2 0 1 420 480 419
817 2 2 0 1 420 481 480
818 2 2 0 1 481 420 421
819 2 2 0 1 482 421 456
820 2 2 0 1 482 481 421
821 2 2 0 1 483 423 422
822 2 2 0 1 480 483 422
823 2 2 0 1 424 423 484
824 2 2 0 1 423 483 484
825 2 2 0 1 485 424 484
826 2 2 0 1 489 451 425
827 2 2 0 1 426 489 425
828 2 2 0 1 490 426 430
829 2 2 0 1 490 489 426
830 2 2 0 1 427 491 429
831 2 2 0 1 427 428 491
832 2 2 0 1 428 486 488
833 2 2 0 1 491 428 488
834 2 2 0 1 491 492 429
835 2 2 0 1 429 492 439
836 2 2 0 1 431 493 430
837 2 2 0 1 493 490 430
838 2 2 0 1 494 431 432
839 2 2 0 1 493 431 494
840 2 2 0 1 433 495 432
841 2 2 0 1 495 494 432
842 2 2 0 1 495 433 496
843 2 2 0 1 496 433 434
844 2 2 0 1 496 434 497
845 2 2 0 1 434 435 497
846 2 2 0 1 435 498 497
847 2 2 0 1 436 498 435
848 2 2 0 1 499 498 436
849 2 2 0 1 499 436 437
850 2 2 0 1 500 437 438
851 2 2 0 1 499 437 500
852 2 2 0 1 501 438 440
853 2 2 0 1 500 438 501
854 2 2 0 1 502 441 439
855 2 2 0 1 492 502 439
856 2 2 0 1 440 443 503
857 2 2 0 1 501 440 503
858 2 2 0 1 504 442 441
859 2 2 0 1 502 504 441
860 2 2 0 1 504 505 442
861 2 2 0 1 442 505 444
862 2 2 0 1 445 506 443
863 2 2 0 1 443 506 503
864 2 2 0 1 444 505 507
865 2 2 0 1 444 507 446
866 2 2 0 1 445 508 506
867 2 2 0 1 448 508 445
868 2 2 0 1 507 509 446
869 2 2 0 1 509 447 446
870 2 2 0 1 510 448 447
871 2 2 0 1 509 510 447
872 2 2 0 1 510 508 448
873 2 2 0 1 511 449 512
874 2 2 0 1 512 449 450
875 2 2 0 1 513 512 450
876 2 2 0 1 513 450 451
877 2 2 0 1 489 514 451
878 2 2 0 1 514 513 451
879 2 2 0 1 453 452 516
880 2 2 0 1 452 515 516
881 2 2 0 1 453 517 454
882 2 2 0 1 517 453 516
883 2 2 0 1 517 518 454
884 2 2 0 1 518 455 454
885 2 2 0 1 519 455 518
886 2 2 0 1 519 458 455
887 2 2 0 1 520 482 456
888 2 2 0 1 457 520 456
889 2 2 0 1 520 457 521
890 2 2 0 1 457 460 521
891 2 2 0 1 522 459 458
892 2 2 0 1 522 458 519
893 2 2 0 1 459 523 461
894 2 2 0 1 522 523 459
895 2 2 0 1 462 524 460
896 2 2 0 1 460 524 521
897 2 2 0 1 464 461 525
898 2 2 0 1 461 523 525
899 2 2 0 1 526 462 463
900 2 2 0 1 526 524 462
901 2 2 0 1 465 527 463
902 2 2 0 1 527 526 463
903 2 2 0 1 528 464 525
904 2 2 0 1 469 464 528
905 2 2 0 1 529 465 466
906 2 2 0 1 529 527 465
907 2 2 0 1 467 530 466
908 2 2 0 1 530 529 466
909 2 2 0 1 531 467 468
910 2 2 0 1 531 530 467
911 2 2 0 1 532 468 471
912 2 2 0 1 531 468 532
913 2 2 0 1 533 470 469
914 2 2 0 1 533 469 528
915 2 2 0 1 533 534 470
916 2 2 0 1 470 534 473
917 2 2 0 1 471 472 535
918 2 2 0 1 532 471 535
919 2 2 0 1 474 536 472
920 2 2 0 1 472 536 535
921 2 2 0 1 537 477 473
922 2 2 0 1 534 537 473
923 2 2 0 1 474 538 536
924 2 2 0 1 475 538 474
925 2 2 0 1 476 539 475
926 2 2 0 1 475 539 538
927 2 2 0 1 540 476 478
928 2 2 0 1 540 539 476
929 2 2 0 1 541 477 537
930 2 2 0 1 541 479 477
931 2 2 0 1 542 540 478
932 2 2 0 1 479 542 478
933 2 2 0 1 541 542 479
934 2 2 0 1 481 543 480
935 2 2 0 1 480 543 483
936 2 2 0 1 544 481 482
937 2 2 0 1 544 543 481
938 2 2 0 1 544 482 545
939 2 2 0 1 545 482 520
940 2 2 0 1 483 546 484
941 2 2 0 1 483 543 546
942 2 2 0 1 546 547 484
943 2 2 0 1 547 485 484
944 2 2 0 1 548 485 547
945 2 2 0 1 486 551 488
946 2 2 0 1 486 487 551
947 2 2 0 1 551 487 550
948 2 2 0 1 487 549 550
949 2 2 0 1 552 491 488
950 2 2 0 1 551 552 488
951 2 2 0 1 553 514 489
952 2 2 0 1 490 553 489
953 2 2 0 1 554 553 490
954 2 2 0 1 554 490 493
955 2 2 0 1 555 491 552
956 2 2 0 1 491 555 492
957 2 2 0 1 555 556 492
958 2 2 0 1 556 502 492
959 2 2 0 1 557 493 494
960 2 2 0 1 554 493 557
961 2 2 0 1 558 557 494
962 2 2 0 1 495 558 494
963 2 2 0 1 559 558 495
964 2 2 0 1 559 495 496
965 2 2 0 1 560 496 497
966 2 2 0 1 559 496 560
967 2 2 0 1 561 560 497
968 2 2 0 1 498 561 497
969 2 2 0 1 562 561 498
970 2 2 0 1 562 498 499
971 2 2 0 1 499 500 563
972 2 2 0 1 562 499 563
973 2 2 0 1 500 564 563
974 2 2 0 1 500 501 564
975 2 2 0 1 565 501 503
976 2 2 0 1 564 501 565
977 2 2 0 1 502 566 504
978 2 2 0 1 556 566 502
979 2 2 0 1 565 503 567
980 2 2 0 1 503 506 567
981 2 2 0 1 504 568 505
982 2 2 0 1 504 566 568
983 2 2 0 1 505 569 507
984 2 2 0 1 505 568 569
985 2 2 0 1 567 506 570
986 2 2 0 1 506 508 570
987 2 2 0 1 571 509 507
988 2 2 0 1 569 571 507
989 2 2 0 1 508 572 570
990 2 2 0 1 510 572 508
991 2 2 0 1 573 510 509
992 2 2 0 1 573 509 571
993 2 2 0 1 573 572 510
994 2 2 0 1 574 511 575
995 2 2 0 1 511 512 575
996 2 2 0 1 575 512 576
997 2 2 0 1 512 513 576
998 2 2 0 1 513 577 576
999 2 2 0 1 514 577 513
1000 2 2 0 1 514 578 577
1001 2 2 0 1 553 578 514
1002 2 2 0 1 515 597 516
1003 2 2 0 1 515 581 597
1004 2 2 0 1 517 516 598
1005 2 2 0 1 516 597 598
1006 2 2 0 1 599 518 517
1007 2 2 0 1 599 517 598
1008 2 2 0 1 518 599 600
1009 2 2 0 1 519 518 600
1010 2 2 0 1 519 600 601
1011 2 2 0 1 522 519 601
1012 2 2 0 1 602 545 520
1013 2 2 0 1 602 520 521
1014 2 2 0 1 524 603 521
1015 2 2 0 1 603 602 521
1016 2 2 0 1 604 522 601
1017 2 2 0 1 604 523 522
1018 2 2 0 1 523 605 525
1019 2 2 0 1 604 605 523
1020 2 2 0 1 526 606 524
1021 2 2 0 1 524 606 603
1022 2 2 0 1 607 528 525
1023 2 2 0 1 605 607 525
1024 2 2 0 1 527 608 526
1025 2 2 0 1 526 608 606
1026 2 2 0 1 529 609 527
1027 2 2 0 1 527 609 608
1028 2 2 0 1 607 610 528
1029 2 2 0 1 610 533 528
1030 2 2 0 1 530 611 529
1031 2 2 0 1 529 611 609
1032 2 2 0 1 612 611 530
1033 2 2 0 1 612 530 531
1034 2 2 0 1 531 532 613
1035 2 2 0 1 612 531 613
1036 2 2 0 1 613 532 614
1037 2 2 0 1 614 532 535
1038 2 2 0 1 533 615 534
1039 2 2 0 1 610 615 533
1040 2 2 0 1 534 616 537
1041 2 2 0 1 534 615 616
1042 2 2 0 1 614 535 617
1043 2 2 0 1 535 536 617
1044 2 2 0 1 536 538 618
1045 2 2 0 1 536 618 617
1046 2 2 0 1 619 541 537
1047 2 2 0 1 616 619 537
1048 2 2 0 1 618 538 620
1049 2 2 0 1 538 539 620
1050 2 2 0 1 540 621 539
1051 2 2 0 1 539 621 620
1052 2 2 0 1 623 621 540
1053 2 2 0 1 623 540 542
1054 2 2 0 1 622 541 619
1055 2 2 0 1 622 542 541
1056 2 2 0 1 623 542 622
1057 2 2 0 1 544 624 543
1058 2 2 0 1 543 624 546
1059 2 2 0 1 625 624 544
1060 2 2 0 1 625 544 545
1061 2 2 0 1 602 626 545
1062 2 2 0 1 626 625 545
1063 2 2 0 1 624 627 546
1064 2 2 0 1 627 547 546
1065 2 2 0 1 548 547 628
1066 2 2 0 1 547 627 628
1067 2 2 0 1 629 548 628
1068 2 2 0 1 549 630 632
1069 2 2 0 1 549 632 550
1070 2 2 0 1 550 632 633
1071 2 2 0 1 634 550 633
1072 2 2 0 1 551 550 634
1073 2 2 0 1 552 551 635
1074 2 2 0 1 635 551 634
1075 2 2 0 1 638 552 635
1076 2 2 0 1 638 555 552
1077 2 2 0 1 553 639 578
1078 2 2 0 1 554 639 553
1079 2 2 0 1 640 639 554
1080 2 2 0 1 640 554 557
1081 2 2 0 1 641 556 555
1082 2 2 0 1 641 555 638
1083 2 2 0 1 556 642 566
1084 2 2 0 1 641 642 556
1085 2 2 0 1 558 643 557
1086 2 2 0 1 643 640 557
1087 2 2 0 1 644 643 558
1088 2 2 0 1 644 558 559
1089 2 2 0 1 644 559 645
1090 2 2 0 1 559 560 645
1091 2 2 0 1 645 560 646
1092 2 2 0 1 560 561 646
1093 2 2 0 1 562 647 561
1094 2 2 0 1 561 647 646
1095 2 2 0 1 648 647 562
1096 2 2 0 1 648 562 563
1097 2 2 0 1 564 649 563
1098 2 2 0 1 649 648 563
1099 2 2 0 1 564 650 649
1100 2 2 0 1 564 565 650
1101 2 2 0 1 650 565 651
1102 2 2 0 1 565 567 651
1103 2 2 0 1 568 566 652
1104 2 2 0 1 566 642 652
1105 2 2 0 1 567 653 651
1106 2 2 0 1 653 567 570
1107 2 2 0 1 568 652 654
1108 2 2 0 1 568 654 569
1109 2 2 0 1 654 655 569
1110 2 2 0 1 655 571 569
1111 2 2 0 1 572 656 570
1112 2 2 0 1 656 653 570
1113 2 2 0 1 657 573 571
1114 2 2 0 1 655 657 571
1115 2 2 0 1 572 658 656
1116 2 2 0 1 573 658 572
1117 2 2 0 1 657 658 573
1118 2 2 0 1 579 574 659
1119 2 2 0 1 659 574 575
1120 2 2 0 1 660 575 576
1121 2 2 0 1 660 659 575
1122 2 2 0 1 661 660 576
1123 2 2 0 1 577 661 576
1124 2 2 0 1 577 578 662
1125 2 2 0 1 577 662 661
1126 2 2 0 1 578 639 663
1127 2 2 0 1 662 578 663
1128 2 2 0 1 579 659 664
1129 2 2 0 1 580 579 664
1130 2 2 0 1 582 580 665
1131 2 2 0 1 665 580 664
1132 2 2 0 1 581 583 666
1133 2 2 0 1 597 581 666
1134 2 2 0 1 582 665 667
1135 2 2 0 1 587 582 667
1136 2 2 0 1 583 584 668
1137 2 2 0 1 583 668 666
1138 2 2 0 1 668 584 669
1139 2 2 0 1 584 585 669
1140 2 2 0 1 585 670 669
1141 2 2 0 1 585 586 670
1142 2 2 0 1 670 586 671
1143 2 2 0 1 586 589 671
1144 2 2 0 1 672 587 667
1145 2 2 0 1 588 587 672
1146 2 2 0 1 673 588 674
1147 2 2 0 1 588 672 674
1148 2 2 0 1 589 590 676
1149 2 2 0 1 589 676 671
1150 2 2 0 1 676 590 677
1151 2 2 0 1 590 591 677
1152 2 2 0 1 591 592 682
1153 2 2 0 1 591 682 677
1154 2 2 0 1 592 593 684
1155 2 2 0 1 682 592 684
1156 2 2 0 1 684 593 685
1157 2 2 0 1 593 594 685
1158 2 2 0 1 594 595 690
1159 2 2 0 1 594 690 685
1160 2 2 0 1 595 596 691
1161 2 2 0 1 690 595 691
1162 2 2 0 1 596 694 693
1163 2 2 0 1 596 693 691
1164 2 2 0 1 597 697 598
1165 2 2 0 1 697 597 666
1166 2 2 0 1 697 698 598
1167 2 2 0 1 698 599 598
1168 2 2 0 1 698 699 599
1169 2 2 0 1 599 699 600
1170 2 2 0 1 600 700 601
1171 2 2 0 1 600 699 700
1172 2 2 0 1 700 701 601
1173 2 2 0 1 701 604 601
1174 2 2 0 1 702 602 603
1175 2 2 0 1 702 626 602
1176 2 2 0 1 703 702 603
1177 2 2 0 1 606 703 603
1178 2 2 0 1 704 605 604
1179 2 2 0 1 704 604 701
1180 2 2 0 1 704 705 605
1181 2 2 0 1 605 705 607
1182 2 2 0 1 606 608 706
1183 2 2 0 1 606 706 703
1184 2 2 0 1 607 707 610
1185 2 2 0 1 607 705 707
1186 2 2 0 1 706 608 708
1187 2 2 0 1 608 609 708
1188 2 2 0 1 609 611 709
1189 2 2 0 1 609 709 708
1190 2 2 0 1 610 707 710
1191 2 2 0 1 610 710 615
1192 2 2 0 1 612 711 611
1193 2 2 0 1 611 711 709
1194 2 2 0 1 712 711 612
1195 2 2 0 1 712 612 613
1196 2 2 0 1 713 613 614
1197 2 2 0 1 713 712 613
1198 2 2 0 1 714 614 617
1199 2 2 0 1 713 614 714
1200 2 2 0 1 615 715 616
1201 2 2 0 1 615 710 715
1202 2 2 0 1 715 716 616
1203 2 2 0 1 716 619 616
1204 2 2 0 1 618 717 617
1205 2 2 0 1 717 714 617
1206 2 2 0 1 718 717 618
1207 2 2 0 1 718 618 620
1208 2 2 0 1 719 619 716
1209 2 2 0 1 622 619 719
1210 2 2 0 1 621 720 620
1211 2 2 0 1 720 718 620
1212 2 2 0 1 721 720 621
1213 2 2 0 1 721 621 623
1214 2 2 0 1 622 719 722
1215 2 2 0 1 623 622 722
1216 2 2 0 1 721 623 722
1217 2 2 0 1 625 723 624
1218 2 2 0 1 624 723 627
1219 2 2 0 1 626 724 625
1220 2 2 0 1 625 724 723
1221 2 2 0 1 702 725 626
1222 2 2 0 1 626 725 724
1223 2 2 0 1 627 723 726
1224 2 2 0 1 627 726 628
1225 2 2 0 1 726 727 628
1226 2 2 0 1 727 629 628
1227 2 2 0 1 728 629 727
1228 2 2 0 1 630 631 729
1229 2 2 0 1 630 729 632
1230 2 2 0 1 729 631 730
1231 2 2 0 1 631 636 730
1232 2 2 0 1 632 729 731
1233 2 2 0 1 632 731 633
1234 2 2 0 1 732 634 633
1235 2 2 0 1 731 732 633
1236 2 2 0 1 732 733 634
1237 2 2 0 1 733 635 634
1238 2 2 0 1 638 635 734
1239 2 2 0 1 635 733 734
1240 2 2 0 1 636 735 730
1241 2 2 0 1 636 637 735
1242 2 2 0 1 637 736 737
1243 2 2 0 1 735 637 737
1244 2 2 0 1 641 638 738
1245 2 2 0 1 738 638 734
1246 2 2 0 1 640 739 639
1247 2 2 0 1 639 739 663
1248 2 2 0 1 740 739 640
1249 2 2 0 1 740 640 643
1250 2 2 0 1 741 642 641
1251 2 2 0 1 741 641 738
1252 2 2 0 1 642 742 652
1253 2 2 0 1 741 742 642
1254 2 2 0 1 740 643 743
1255 2 2 0 1 743 643 644
1256 2 2 0 1 743 644 744
1257 2 2 0 1 744 644 645
1258 2 2 0 1 744 645 745
1259 2 2 0 1 745 645 646
1260 2 2 0 1 746 745 646
1261 2 2 0 1 647 746 646
1262 2 2 0 1 648 747 647
1263 2 2 0 1 647 747 746
1264 2 2 0 1 748 648 649
1265 2 2 0 1 748 747 648
1266 2 2 0 1 650 749 649
1267 2 2 0 1 749 748 649
1268 2 2 0 1 749 650 750
1269 2 2 0 1 750 650 651
1270 2 2 0 1 653 751 651
1271 2 2 0 1 751 750 651
1272 2 2 0 1 652 742 752
1273 2 2 0 1 652 752 654
1274 2 2 0 1 656 753 653
1275 2 2 0 1 753 751 653
1276 2 2 0 1 754 655 654
1277 2 2 0 1 752 754 654
1278 2 2 0 1 755 655 754
1279 2 2 0 1 755 657 655
1280 2 2 0 1 656 756 753
1281 2 2 0 1 658 756 656
1282 2 2 0 1 755 757 657
1283 2 2 0 1 657 757 658
1284 2 2 0 1 658 757 756
1285 2 2 0 1 664 659 758
1286 2 2 0 1 659 660 758
1287 2 2 0 1 660 759 758
1288 2 2 0 1 661 759 660
1289 2 2 0 1 759 661 760
1290 2 2 0 1 661 662 760
1291 2 2 0 1 662 761 760
1292 2 2 0 1 761 662 663
1293 2 2 0 1 762 761 663
1294 2 2 0 1 739 762 663
1295 2 2 0 1 763 665 664
1296 2 2 0 1 763 664 758
1297 2 2 0 1 667 665 764
1298 2 2 0 1 665 763 764
1299 2 2 0 1 666 668 765
1300 2 2 0 1 697 666 765
1301 2 2 0 1 766 667 764
1302 2 2 0 1 766 672 667
1303 2 2 0 1 767 668 669
1304 2 2 0 1 668 767 765
1305 2 2 0 1 767 669 768
1306 2 2 0 1 669 670 768
1307 2 2 0 1 769 670 671
1308 2 2 0 1 670 769 768
1309 2 2 0 1 676 769 671
1310 2 2 0 1 674 672 770
1311 2 2 0 1 672 766 770
1312 2 2 0 1 675 673 771
1313 2 2 0 1 771 673 674
1314 2 2 0 1 772 674 770
1315 2 2 0 1 772 771 674
1316 2 2 0 1 675 771 774
1317 2 2 0 1 678 675 774
1318 2 2 0 1 775 676 677
1319 2 2 0 1 769 676 773
1320 2 2 0 1 676 775 773
1321 2 2 0 1 682 775 677
1322 2 2 0 1 679 678 776
1323 2 2 0 1 776 678 774
1324 2 2 0 1 777 679 776
1325 2 2 0 1 680 679 777
1326 2 2 0 1 680 777 778
1327 2 2 0 1 681 680 778
1328 2 2 0 1 779 681 778
1329 2 2 0 1 683 681 779
1330 2 2 0 1 781 682 684
1331 2 2 0 1 682 781 780
1332 2 2 0 1 775 682 780
1333 2 2 0 1 686 683 782
1334 2 2 0 1 782 683 779
1335 2 2 0 1 783 781 684
1336 2 2 0 1 783 684 685
1337 2 2 0 1 690 783 685
1338 2 2 0 1 686 782 784
1339 2 2 0 1 687 686 784
1340 2 2 0 1 688 687 785
1341 2 2 0 1 785 687 784
1342 2 2 0 1 786 688 785
1343 2 2 0 1 689 688 786
1344 2 2 0 1 692 689 788
1345 2 2 0 1 689 786 788
1346 2 2 0 1 783 690 787
1347 2 2 0 1 789 690 691
1348 2 2 0 1 690 789 787
1349 2 2 0 1 693 789 691
1350 2 2 0 1 696 692 790
1351 2 2 0 1 790 692 788
1352 2 2 0 1 693 694 792
1353 2 2 0 1 789 693 791
1354 2 2 0 1 693 792 791
1355 2 2 0 1 694 695 792
1356 2 2 0 1 695 793 792
1357 2 2 0 1 695 696 793
1358 2 2 0 1 696 790 793
1359 2 2 0 1 794 698 697
1360 2 2 0 1 794 697 765
1361 2 2 0 1 795 698 794
1362 2 2 0 1 795 699 698
1363 2 2 0 1 699 796 700
1364 2 2 0 1 795 796 699
1365 2 2 0 1 700 797 701
1366 2 2 0 1 796 797 700
1367 2 2 0 1 798 704 701
1368 2 2 0 1 797 798 701
1369 2 2 0 1 703 799 702
1370 2 2 0 1 702 799 725
1371 2 2 0 1 703 800 799
1372 2 2 0 1 703 706 800
1373 2 2 0 1 704 801 705
1374 2 2 0 1 798 801 704
1375 2 2 0 1 705 801 802
1376 2 2 0 1 707 705 802
1377 2 2 0 1 800 706 803
1378 2 2 0 1 803 706 708
1379 2 2 0 1 710 707 804
1380 2 2 0 1 804 707 802
1381 2 2 0 1 803 708 805
1382 2 2 0 1 708 709 805
1383 2 2 0 1 711 806 709
1384 2 2 0 1 709 806 805
1385 2 2 0 1 807 710 804
1386 2 2 0 1 715 710 807
1387 2 2 0 1 711 808 806
1388 2 2 0 1 712 808 711
1389 2 2 0 1 809 808 712
1390 2 2 0 1 809 712 713
1391 2 2 0 1 810 713 714
1392 2 2 0 1 809 713 810
1393 2 2 0 1 811 810 714
1394 2 2 0 1 717 811 714
1395 2 2 0 1 716 715 812
1396 2 2 0 1 715 807 812
1397 2 2 0 1 813 716 812
1398 2 2 0 1 719 716 813
1399 2 2 0 1 814 811 717
1400 2 2 0 1 718 814 717
1401 2 2 0 1 720 815 718
1402 2 2 0 1 718 815 814
1403 2 2 0 1 719 813 816
1404 2 2 0 1 722 719 816
1405 2 2 0 1 817 815 720
1406 2 2 0 1 817 720 721
1407 2 2 0 1 817 721 818
1408 2 2 0 1 818 721 722
1409 2 2 0 1 818 722 816
1410 2 2 0 1 723 724 819
1411 2 2 0 1 726 723 819
1412 2 2 0 1 724 820 819
1413 2 2 0 1 724 725 820
1414 2 2 0 1 725 799 821
1415 2 2 0 1 820 725 821
1416 2 2 0 1 726 822 727
1417 2 2 0 1 726 819 822
1418 2 2 0 1 822 823 727
1419 2 2 0 1 823 728 727
1420 2 2 0 1 824 728 823
1421 2 2 0 1 729 826 731
1422 2 2 0 1 825 729 730
1423 2 2 0 1 826 729 825
1424 2 2 0 1 735 825 730
1425 2 2 0 1 826 827 731
1426 2 2 0 1 827 732 731
1427 2 2 0 1 732 828 733
1428 2 2 0 1 827 828 732
1429 2 2 0 1 733 828 829
1430 2 2 0 1 734 733 829
1431 2 2 0 1 830 738 734
1432 2 2 0 1 830 734 829
1433 2 2 0 1 832 735 737
1434 2 2 0 1 825 735 831
1435 2 2 0 1 735 832 831
1436 2 2 0 1 736 833 737
1437 2 2 0 1 833 832 737
1438 2 2 0 1 830 834 738
1439 2 2 0 1 834 741 738
1440 2 2 0 1 835 739 740
1441 2 2 0 1 835 762 739
1442 2 2 0 1 740 743 836
1443 2 2 0 1 835 740 836
1444 2 2 0 1 834 837 741
1445 2 2 0 1 741 837 742
1446 2 2 0 1 742 837 838
1447 2 2 0 1 742 838 752
1448 2 2 0 1 743 744 839
1449 2 2 0 1 836 743 839
1450 2 2 0 1 744 745 840
1451 2 2 0 1 839 744 840
1452 2 2 0 1 745 746 841
1453 2 2 0 1 745 841 840
1454 2 2 0 1 746 842 841
1455 2 2 0 1 746 747 842
1456 2 2 0 1 748 843 747
1457 2 2 0 1 747 843 842
1458 2 2 0 1 844 748 749
1459 2 2 0 1 844 843 748
1460 2 2 0 1 749 750 845
1461 2 2 0 1 844 749 845
1462 2 2 0 1 751 846 750
1463 2 2 0 1 750 846 845
1464 2 2 0 1 753 847 751
1465 2 2 0 1 751 847 846
1466 2 2 0 1 848 754 752
1467 2 2 0 1 838 848 752
1468 2 2 0 1 753 849 847
1469 2 2 0 1 753 756 849
1470 2 2 0 1 850 755 754
1471 2 2 0 1 850 754 848
1472 2 2 0 1 755 851 757
1473 2 2 0 1 850 851 755
1474 2 2 0 1 849 756 852
1475 2 2 0 1 756 757 852
1476 2 2 0 1 757 851 852
1477 2 2 0 1 759 853 758
1478 2 2 0 1 853 763 758
1479 2 2 0 1 854 853 759
1480 2 2 0 1 854 759 760
1481 2 2 0 1 855 854 760
1482 2 2 0 1 761 855 760
1483 2 2 0 1 762 856 761
1484 2 2 0 1 761 856 855
1485 2 2 0 1 857 856 762
1486 2 2 0 1 857 762 835
1487 2 2 0 1 763 858 764
1488 2 2 0 1 853 858 763
1489 2 2 0 1 858 859 764
1490 2 2 0 1 859 766 764
1491 2 2 0 1 860 794 765
1492 2 2 0 1 767 860 765
1493 2 2 0 1 766 861 770
1494 2 2 0 1 859 861 766
1495 2 2 0 1 862 767 768
1496 2 2 0 1 862 860 767
1497 2 2 0 1 863 862 768
1498 2 2 0 1 769 863 768
1499 2 2 0 1 864 769 773
1500 2 2 0 1 864 863 769
1501 2 2 0 1 865 772 770
1502 2 2 0 1 861 865 770
1503 2 2 0 1 771 772 866
1504 2 2 0 1 771 866 774
1505 2 2 0 1 865 867 772
1506 2 2 0 1 772 867 866
1507 2 2 0 1 775 868 773
1508 2 2 0 1 868 864 773
1509 2 2 0 1 866 869 774
1510 2 2 0 1 869 776 774
1511 2 2 0 1 870 868 775
1512 2 2 0 1 870 775 780
1513 2 2 0 1 869 871 776
1514 2 2 0 1 871 777 776
1515 2 2 0 1 777 872 778
1516 2 2 0 1 872 777 871
1517 2 2 0 1 872 873 778
1518 2 2 0 1 873 779 778
1519 2 2 0 1 874 782 779
1520 2 2 0 1 873 874 779
1521 2 2 0 1 875 870 780
1522 2 2 0 1 781 875 780
1523 2 2 0 1 876 875 781
1524 2 2 0 1 783 876 781
1525 2 2 0 1 877 782 874
1526 2 2 0 1 782 877 784
1527 2 2 0 1 878 783 787
1528 2 2 0 1 878 876 783
1529 2 2 0 1 877 879 784
1530 2 2 0 1 879 785 784
1531 2 2 0 1 879 880 785
1532 2 2 0 1 880 786 785
1533 2 2 0 1 881 786 880
1534 2 2 0 1 786 881 788
1535 2 2 0 1 882 878 787
1536 2 2 0 1 789 882 787
1537 2 2 0 1 881 883 788
1538 2 2 0 1 883 790 788
1539 2 2 0 1 884 882 789
1540 2 2 0 1 884 789 791
1541 2 2 0 1 790 883 885
1542 2 2 0 1 790 885 793
1543 2 2 0 1 792 886 791
1544 2 2 0 1 886 884 791
1545 2 2 0 1 793 887 792
1546 2 2 0 1 887 886 792
1547 2 2 0 1 793 885 887
1548 2 2 0 1 795 794 888
1549 2 2 0 1 888 794 860
1550 2 2 0 1 889 795 888
1551 2 2 0 1 889 796 795
1552 2 2 0 1 890 796 889
1553 2 2 0 1 890 797 796
1554 2 2 0 1 891 798 797
1555 2 2 0 1 891 797 890
1556 2 2 0 1 891 892 798
1557 2 2 0 1 798 892 801
1558 2 2 0 1 799 800 893
1559 2 2 0 1 799 893 821
1560 2 2 0 1 800 803 894
1561 2 2 0 1 893 800 894
1562 2 2 0 1 801 895 802
1563 2 2 0 1 801 892 895
1564 2 2 0 1 804 802 896
1565 2 2 0 1 802 895 896
1566 2 2 0 1 894 803 897
1567 2 2 0 1 897 803 805
1568 2 2 0 1 898 804 896
1569 2 2 0 1 898 807 804
1570 2 2 0 1 897 805 899
1571 2 2 0 1 805 806 899
1572 2 2 0 1 806 900 899
1573 2 2 0 1 806 808 900
1574 2 2 0 1 901 807 898
1575 2 2 0 1 807 901 812
1576 2 2 0 1 808 902 900
1577 2 2 0 1 809 902 808
1578 2 2 0 1 903 902 809
1579 2 2 0 1 903 809 810
1580 2 2 0 1 811 904 810
1581 2 2 0 1 904 903 810
1582 2 2 0 1 905 904 811
1583 2 2 0 1 905 811 814
1584 2 2 0 1 901 906 812
1585 2 2 0 1 906 813 812
1586 2 2 0 1 813 906 907
1587 2 2 0 1 813 907 816
1588 2 2 0 1 815 908 814
1589 2 2 0 1 908 905 814
1590 2 2 0 1 909 908 815
1591 2 2 0 1 909 815 817
1592 2 2 0 1 910 818 816
1593 2 2 0 1 907 910 816
1594 2 2 0 1 909 817 911
1595 2 2 0 1 817 818 911
1596 2 2 0 1 818 910 911
1597 2 2 0 1 820 912 819
1598 2 2 0 1 819 912 822
1599 2 2 0 1 820 821 913
1600 2 2 0 1 912 820 913
1601 2 2 0 1 893 914 821
1602 2 2 0 1 821 914 913
1603 2 2 0 1 912 915 822
1604 2 2 0 1 915 823 822
1605 2 2 0 1 823 915 916
1606 2 2 0 1 824 823 916
1607 2 2 0 1 917 824 916
1608 2 2 0 1 918 826 825
1609 2 2 0 1 918 825 831
1610 2 2 0 1 919 827 826
1611 2 2 0 1 919 826 918
1612 2 2 0 1 920 828 827
1613 2 2 0 1 920 827 919
1614 2 2 0 1 920 921 828
1615 2 2 0 1 828 921 829
1616 2 2 0 1 922 830 829
1617 2 2 0 1 921 922 829
1618 2 2 0 1 830 923 834
1619 2 2 0 1 922 923 830
1620 2 2 0 1 831 925 924
1621 2 2 0 1 918 831 924
1622 2 2 0 1 832 925 831
1623 2 2 0 1 832 926 925
1624 2 2 0 1 833 926 832
1625 2 2 0 1 927 837 834
1626 2 2 0 1 923 927 834
1627 2 2 0 1 857 835 928
1628 2 2 0 1 928 835 836
1629 2 2 0 1 929 928 836
1630 2 2 0 1 929 836 839
1631 2 2 0 1 837 930 838
1632 2 2 0 1 927 930 837
1633 2 2 0 1 838 931 848
1634 2 2 0 1 930 931 838
1635 2 2 0 1 932 839 840
1636 2 2 0 1 932 929 839
1637 2 2 0 1 933 932 840
1638 2 2 0 1 841 933 840
1639 2 2 0 1 934 933 841
1640 2 2 0 1 842 934 841
1641 2 2 0 1 843 935 842
1642 2 2 0 1 935 934 842
1643 2 2 0 1 843 936 935
1644 2 2 0 1 844 936 843
1645 2 2 0 1 937 844 845
1646 2 2 0 1 937 936 844
1647 2 2 0 1 938 937 845
1648 2 2 0 1 846 938 845
1649 2 2 0 1 846 847 939
1650 2 2 0 1 938 846 939
1651 2 2 0 1 847 849 940
1652 2 2 0 1 847 940 939
1653 2 2 0 1 931 941 848
1654 2 2 0 1 941 850 848
1655 2 2 0 1 940 849 942
1656 2 2 0 1 849 852 942
1657 2 2 0 1 850 943 851
1658 2 2 0 1 941 943 850
1659 2 2 0 1 851 943 944
1660 2 2 0 1 851 944 852
1661 2 2 0 1 852 944 942
1662 2 2 0 1 945 853 854
1663 2 2 0 1 945 858 853
1664 2 2 0 1 946 854 855
1665 2 2 0 1 945 854 946
1666 2 2 0 1 856 947 855
1667 2 2 0 1 947 946 855
1668 2 2 0 1 856 948 947
1669 2 2 0 1 857 948 856
1670 2 2 0 1 949 948 857
1671 2 2 0 1 949 857 928
1672 2 2 0 1 950 859 858
1673 2 2 0 1 950 858 945
1674 2 2 0 1 951 861 859
1675 2 2 0 1 951 859 950
1676 2 2 0 1 952 888 860
1677 2 2 0 1 862 952 860
1678 2 2 0 1 953 861 951
1679 2 2 0 1 953 865 861
1680 2 2 0 1 862 954 952
1681 2 2 0 1 863 954 862
1682 2 2 0 1 955 954 863
1683 2 2 0 1 955 863 864
1684 2 2 0 1 868 956 864
1685 2 2 0 1 956 955 864
1686 2 2 0 1 957 865 953
1687 2 2 0 1 957 867 865
1688 2 2 0 1 958 869 866
1689 2 2 0 1 867 958 866
1690 2 2 0 1 959 867 957
1691 2 2 0 1 959 958 867
1692 2 2 0 1 870 960 868
1693 2 2 0 1 868 960 956
1694 2 2 0 1 869 961 871
1695 2 2 0 1 958 961 869
1696 2 2 0 1 962 960 870
1697 2 2 0 1 962 870 875
1698 2 2 0 1 961 963 871
1699 2 2 0 1 963 872 871
1700 2 2 0 1 964 873 872
1701 2 2 0 1 963 964 872
1702 2 2 0 1 873 965 874
1703 2 2 0 1 964 965 873
1704 2 2 0 1 966 877 874
1705 2 2 0 1 965 966 874
1706 2 2 0 1 962 875 967
1707 2 2 0 1 875 876 967
1708 2 2 0 1 876 968 967
1709 2 2 0 1 878 968 876
1710 2 2 0 1 969 879 877
1711 2 2 0 1 966 969 877
1712 2 2 0 1 970 878 882
1713 2 2 0 1 970 968 878
1714 2 2 0 1 879 971 880
1715 2 2 0 1 969 971 879
1716 2 2 0 1 971 972 880
1717 2 2 0 1 972 881 880
1718 2 2 0 1 972 973 881
1719 2 2 0 1 881 973 883
1720 2 2 0 1 884 974 882
1721 2 2 0 1 974 970 882
1722 2 2 0 1 885 883 975
1723 2 2 0 1 883 973 975
1724 2 2 0 1 976 884 886
1725 2 2 0 1 976 974 884
1726 2 2 0 1 977 885 975
1727 2 2 0 1 885 977 887
1728 2 2 0 1 976 886 978
1729 2 2 0 1 886 887 978
1730 2 2 0 1 887 977 978
1731 2 2 0 1 979 889 888
1732 2 2 0 1 979 888 952
1733 2 2 0 1 980 889 979
1734 2 2 0 1 890 889 980
1735 2 2 0 1 890 980 981
1736 2 2 0 1 891 890 981
1737 2 2 0 1 982 891 981
1738 2 2 0 1 982 892 891
1739 2 2 0 1 982 983 892
1740 2 2 0 1 892 983 895
1741 2 2 0 1 984 893 894
1742 2 2 0 1 914 893 984
1743 2 2 0 1 985 894 897
1744 2 2 0 1 985 984 894
1745 2 2 0 1 895 986 896
1746 2 2 0 1 895 983 986
1747 2 2 0 1 987 898 896
1748 2 2 0 1 986 987 896
1749 2 2 0 1 985 897 988
1750 2 2 0 1 988 897 899
1751 2 2 0 1 901 898 989
1752 2 2 0 1 898 987 989
1753 2 2 0 1 990 988 899
1754 2 2 0 1 900 990 899
1755 2 2 0 1 902 991 900
1756 2 2 0 1 991 990 900
1757 2 2 0 1 992 901 989
1758 2 2 0 1 992 906 901
1759 2 2 0 1 902 993 991
1760 2 2 0 1 903 993 902
1761 2 2 0 1 903 994 993
1762 2 2 0 1 904 994 903
1763 2 2 0 1 904 995 994
1764 2 2 0 1 905 995 904
1765 2 2 0 1 905 996 995
1766 2 2 0 1 908 996 905
1767 2 2 0 1 992 997 906
1768 2 2 0 1 906 997 907
1769 2 2 0 1 997 998 907
1770 2 2 0 1 998 910 907
1771 2 2 0 1 999 996 908
1772 2 2 0 1 999 908 909
1773 2 2 0 1 1000 909 911
1774 2 2 0 1 999 909 1000
1775 2 2 0 1 998 1001 910
1776 2 2 0 1 910 1001 911
1777 2 2 0 1 1001 1000 911
1778 2 2 0 1 1002 912 913
1779 2 2 0 1 1002 915 912
1780 2 2 0 1 914 1003 913
1781 2 2 0 1 1003 1002 913
1782 2 2 0 1 1004 914 984
1783 2 2 0 1 1004 1003 914
1784 2 2 0 1 915 1005 916
1785 2 2 0 1 1002 1005 915
1786 2 2 0 1 916 1005 1006
1787 2 2 0 1 917 916 1006
1788 2 2 0 1 1007 917 1006
1789 2 2 0 1 919 918 1009
1790 2 2 0 1 1009 918 924
1791 2 2 0 1 919 1009 1010
1792 2 2 0 1 920 919 1010
1793 2 2 0 1 1011 920 1010
1794 2 2 0 1 1011 921 920
1795 2 2 0 1 1012 922 921
1796 2 2 0 1 1012 921 1011
1797 2 2 0 1 1013 923 922
1798 2 2 0 1 1013 922 1012
1799 2 2 0 1 1014 923 1013
1800 2 2 0 1 1014 927 923
1801 2 2 0 1 1015 1009 924
1802 2 2 0 1 1016 1015 924
1803 2 2 0 1 925 1016 924
1804 2 2 0 1 1017 1016 925
1805 2 2 0 1 926 1017 925
1806 2 2 0 1 1018 930 927
1807 2 2 0 1 1018 927 1014
1808 2 2 0 1 1019 949 928
1809 2 2 0 1 929 1019 928
1810 2 2 0 1 1020 929 932
1811 2 2 0 1 1020 1019 929
1812 2 2 0 1 1021 931 930
1813 2 2 0 1 1021 930 1018
1814 2 2 0 1 1022 931 1021
1815 2 2 0 1 1022 941 931
1816 2 2 0 1 1023 932 933
1817 2 2 0 1 1023 1020 932
1818 2 2 0 1 933 934 1024
1819 2 2 0 1 1023 933 1024
1820 2 2 0 1 934 1025 1024
1821 2 2 0 1 935 1025 934
1822 2 2 0 1 935 936 1026
1823 2 2 0 1 1025 935 1026
1824 2 2 0 1 936 1027 1026
1825 2 2 0 1 937 1027 936
1826 2 2 0 1 1028 1027 937
1827 2 2 0 1 1028 937 938
1828 2 2 0 1 1028 938 1029
1829 2 2 0 1 938 939 1029
1830 2 2 0 1 1029 939 1030
1831 2 2 0 1 939 940 1030
1832 2 2 0 1 940 1031 1030
1833 2 2 0 1 1031 940 942
1834 2 2 0 1 1032 943 941
1835 2 2 0 1 1032 941 1022
1836 2 2 0 1 1033 1031 942
1837 2 2 0 1 944 1033 942
1838 2 2 0 1 1032 1034 943
1839 2 2 0 1 943 1034 944
1840 2 2 0 1 944 1034 1033
1841 2 2 0 1 1035 945 946
1842 2 2 0 1 950 945 1035
1843 2 2 0 1 947 1036 946
1844 2 2 0 1 1036 1035 946
1845 2 2 0 1 947 948 1037
1846 2 2 0 1 947 1037 1036
1847 2 2 0 1 949 1038 948
1848 2 2 0 1 948 1038 1037
1849 2 2 0 1 1039 1038 949
1850 2 2 0 1 1039 949 1019
1851 2 2 0 1 1040 950 1035
1852 2 2 0 1 951 950 1040
1853 2 2 0 1 951 1040 1041
1854 2 2 0 1 953 951 1041
1855 2 2 0 1 979 952 1042
1856 2 2 0 1 952 954 1042
1857 2 2 0 1 1043 953 1041
1858 2 2 0 1 957 953 1043
1859 2 2 0 1 954 1044 1042
1860 2 2 0 1 955 1044 954
1861 2 2 0 1 1045 1044 955
1862 2 2 0 1 1045 955 956
1863 2 2 0 1 1046 1045 956
1864 2 2 0 1 960 1046 956
1865 2 2 0 1 959 957 1047
1866 2 2 0 1 957 1043 1047
1867 2 2 0 1 1048 961 958
1868 2 2 0 1 1048 958 959
1869 2 2 0 1 1049 959 1047
1870 2 2 0 1 1048 959 1049
1871 2 2 0 1 1050 1046 960
1872 2 2 0 1 1050 960 962
1873 2 2 0 1 1051 961 1048
1874 2 2 0 1 1051 963 961
1875 2 2 0 1 1052 962 967
1876 2 2 0 1 1050 962 1052
1877 2 2 0 1 1053 964 963
1878 2 2 0 1 1053 963 1051
1879 2 2 0 1 1054 965 964
1880 2 2 0 1 1054 964 1053
1881 2 2 0 1 1055 965 1054
1882 2 2 0 1 1055 966 965
1883 2 2 0 1 1056 969 966
1884 2 2 0 1 1056 966 1055
1885 2 2 0 1 1057 1052 967
1886 2 2 0 1 968 1057 967
1887 2 2 0 1 968 1058 1057
1888 2 2 0 1 970 1058 968
1889 2 2 0 1 1059 971 969
1890 2 2 0 1 1059 969 1056
1891 2 2 0 1 974 1060 970
1892 2 2 0 1 970 1060 1058
1893 2 2 0 1 1061 971 1059
1894 2 2 0 1 1061 972 971
1895 2 2 0 1 1062 972 1061
1896 2 2 0 1 1062 973 972
1897 2 2 0 1 973 1063 975
1898 2 2 0 1 1062 1063 973
1899 2 2 0 1 974 1064 1060
1900 2 2 0 1 976 1064 974
1901 2 2 0 1 1065 977 975
1902 2 2 0 1 1063 1065 975
1903 2 2 0 1 1066 976 978
1904 2 2 0 1 1066 1064 976
1905 2 2 0 1 977 1067 978
1906 2 2 0 1 1065 1067 977
1907 2 2 0 1 1067 1066 978
1908 2 2 0 1 980 979 1068
1909 2 2 0 1 1068 979 1042
1910 2 2 0 1 980 1068 1069
1911 2 2 0 1 980 1069 981
1912 2 2 0 1 1070 982 981
1913 2 2 0 1 1069 1070 981
1914 2 2 0 1 1071 982 1070
1915 2 2 0 1 1071 983 982
1916 2 2 0 1 1071 1072 983
1917 2 2 0 1 983 1072 986
1918 2 2 0 1 1073 984 985
1919 2 2 0 1 1073 1004 984
1920 2 2 0 1 985 988 1074
1921 2 2 0 1 1073 985 1074
1922 2 2 0 1 1075 987 986
1923 2 2 0 1 1072 1075 986
1924 2 2 0 1 1075 1076 987
1925 2 2 0 1 987 1076 989
1926 2 2 0 1 990 1077 988
1927 2 2 0 1 988 1077 1074
1928 2 2 0 1 1078 992 989
1929 2 2 0 1 1076 1078 989
1930 2 2 0 1 991 1079 990
1931 2 2 0 1 1079 1077 990
1932 2 2 0 1 991 993 1080
1933 2 2 0 1 991 1080 1079
1934 2 2 0 1 1078 1081 992
1935 2 2 0 1 992 1081 997
1936 2 2 0 1 1080 993 1082
1937 2 2 0 1 993 994 1082
1938 2 2 0 1 994 995 1083
1939 2 2 0 1 994 1083 1082
1940 2 2 0 1 995 996 1084
1941 2 2 0 1 1083 995 1084
1942 2 2 0 1 999 1085 996
1943 2 2 0 1 996 1085 1084
1944 2 2 0 1 997 1081 1086
1945 2 2 0 1 997 1086 998
1946 2 2 0 1 998 1087 1001
1947 2 2 0 1 998 1086 1087
1948 2 2 0 1 1088 1085 999
1949 2 2 0 1 1088 999 1000
1950 2 2 0 1 1001 1089 1000
1951 2 2 0 1 1089 1088 1000
1952 2 2 0 1 1087 1089 1001
1953 2 2 0 1 1002 1090 1005
1954 2 2 0 1 1003 1090 1002
1955 2 2 0 1 1004 1091 1003
1956 2 2 0 1 1003 1091 1090
1957 2 2 0 1 1092 1004 1073
1958 2 2 0 1 1092 1091 1004
1959 2 2 0 1 1005 1090 1093
1960 2 2 0 1 1005 1093 1006
1961 2 2 0 1 1094 1007 1006
1962 2 2 0 1 1093 1094 1006
1963 2 2 0 1 1095 1007 1094
1964 2 2 0 1 1008 1099 1098
1965 2 2 0 1 1097 1008 1098
1966 2 2 0 1 1009 1100 1010
1967 2 2 0 1 1100 1009 1015
1968 2 2 0 1 1101 1011 1010
1969 2 2 0 1 1100 1101 1010
1970 2 2 0 1 1102 1011 1101
1971 2 2 0 1 1012 1011 1102
1972 2 2 0 1 1013 1012 1103
1973 2 2 0 1 1012 1102 1103
1974 2 2 0 1 1104 1013 1103
1975 2 2 0 1 1014 1013 1104
1976 2 2 0 1 1018 1014 1105
1977 2 2 0 1 1014 1104 1105
1978 2 2 0 1 1106 1015 1107
1979 2 2 0 1 1015 1016 1107
1980 2 2 0 1 1106 1100 1015
1981 2 2 0 1 1017 1108 1016
1982 2 2 0 1 1016 1108 1107
1983 2 2 0 1 1109 1018 1105
1984 2 2 0 1 1021 1018 1109
1985 2 2 0 1 1110 1019 1020
1986 2 2 0 1 1039 1019 1110
1987 2 2 0 1 1110 1020 1111
1988 2 2 0 1 1111 1020 1023
1989 2 2 0 1 1022 1021 1112
1990 2 2 0 1 1021 1109 1112
1991 2 2 0 1 1032 1022 1113
1992 2 2 0 1 1022 1112 1113
1993 2 2 0 1 1111 1023 1114
1994 2 2 0 1 1114 1023 1024
1995 2 2 0 1 1025 1115 1024
1996 2 2 0 1 1115 1114 1024
1997 2 2 0 1 1116 1025 1026
1998 2 2 0 1 1116 1115 1025
1999 2 2 0 1 1116 1026 1117
2000 2 2 0 1 1026 1027 1117
2001 2 2 0 1 1027 1118 1117
2002 2 2 0 1 1028 1118 1027
2003 2 2 0 1 1119 1118 1028
2004 2 2 0 1 1119 1028 1029
2005 2 2 0 1 1120 1119 1029
2006 2 2 0 1 1120 1029 1030
2007 2 2 0 1 1031 1121 1030
2008 2 2 0 1 1121 1120 1030
2009 2 2 0 1 1122 1031 1033
2010 2 2 0 1 1122 1121 1031
2011 2 2 0 1 1123 1032 1113
2012 2 2 0 1 1123 1034 1032
2013 2 2 0 1 1124 1122 1033
2014 2 2 0 1 1034 1124 1033
2015 2 2 0 1 1123 1124 1034
2016 2 2 0 1 1125 1035 1036
2017 2 2 0 1 1040 1035 1125
2018 2 2 0 1 1037 1126 1036
2019 2 2 0 1 1126 1125 1036
2020 2 2 0 1 1127 1126 1037
2021 2 2 0 1 1038 1127 1037
2022 2 2 0 1 1128 1038 1039
2023 2 2 0 1 1128 1127 1038
2024 2 2 0 1 1128 1039 1129
2025 2 2 0 1 1039 1110 1129
2026 2 2 0 1 1040 1125 1130
2027 2 2 0 1 1041 1040 1130
2028 2 2 0 1 1131 1041 1130
2029 2 2 0 1 1043 1041 1131
2030 2 2 0 1 1132 1068 1042
2031 2 2 0 1 1044 1132 1042
2032 2 2 0 1 1133 1043 1131
2033 2 2 0 1 1047 1043 1133
2034 2 2 0 1 1045 1134 1044
2035 2 2 0 1 1044 1134 1132
2036 2 2 0 1 1045 1135 1134
2037 2 2 0 1 1046 1135 1045
2038 2 2 0 1 1046 1136 1135
2039 2 2 0 1 1050 1136 1046
2040 2 2 0 1 1049 1047 1137
2041 2 2 0 1 1137 1047 1133
2042 2 2 0 1 1051 1048 1138
2043 2 2 0 1 1048 1049 1138
2044 2 2 0 1 1139 1049 1137
2045 2 2 0 1 1138 1049 1139
2046 2 2 0 1 1140 1136 1050
2047 2 2 0 1 1140 1050 1052
2048 2 2 0 1 1141 1051 1138
2049 2 2 0 1 1053 1051 1141
2050 2 2 0 1 1057 1142 1052
2051 2 2 0 1 1142 1140 1052
2052 2 2 0 1 1054 1053 1143
2053 2 2 0 1 1053 1141 1143
2054 2 2 0 1 1144 1054 1143
2055 2 2 0 1 1055 1054 1144
2056 2 2 0 1 1056 1055 1145
2057 2 2 0 1 1145 1055 1144
2058 2 2 0 1 1059 1056 1146
2059 2 2 0 1 1056 1145 1146
2060 2 2 0 1 1142 1057 1147
2061 2 2 0 1 1057 1058 1147
2062 2 2 0 1 1147 1058 1148
2063 2 2 0 1 1058 1060 1148
2064 2 2 0 1 1061 1059 1149
2065 2 2 0 1 1149 1059 1146
2066 2 2 0 1 1060 1064 1150
2067 2 2 0 1 1060 1150 1148
2068 2 2 0 1 1062 1061 1151
2069 2 2 0 1 1061 1149 1151
2070 2 2 0 1 1152 1062 1151
2071 2 2 0 1 1152 1063 1062
2072 2 2 0 1 1153 1065 1063
2073 2 2 0 1 1153 1063 1152
2074 2 2 0 1 1064 1154 1150
2075 2 2 0 1 1066 1154 1064
2076 2 2 0 1 1155 1065 1153
2077 2 2 0 1 1155 1067 1065
2078 2 2 0 1 1156 1066 1067
2079 2 2 0 1 1156 1154 1066
2080 2 2 0 1 1156 1067 1155
2081 2 2 0 1 1068 1132 1157
2082 2 2 0 1 1069 1068 1157
2083 2 2 0 1 1158 1069 1157
2084 2 2 0 1 1070 1069 1158
2085 2 2 0 1 1159 1071 1070
2086 2 2 0 1 1159 1070 1158
2087 2 2 0 1 1159 1160 1071
2088 2 2 0 1 1071 1160 1072
2089 2 2 0 1 1072 1161 1075
2090 2 2 0 1 1072 1160 1161
2091 2 2 0 1 1092 1073 1162
2092 2 2 0 1 1073 1074 1162
2093 2 2 0 1 1074 1163 1162
2094 2 2 0 1 1077 1163 1074
2095 2 2 0 1 1075 1164 1076
2096 2 2 0 1 1075 1161 1164
2097 2 2 0 1 1076 1164 1165
2098 2 2 0 1 1076 1165 1078
2099 2 2 0 1 1079 1166 1077
2100 2 2 0 1 1077 1166 1163
2101 2 2 0 1 1078 1165 1167
2102 2 2 0 1 1078 1167 1081
2103 2 2 0 1 1079 1080 1168
2104 2 2 0 1 1079 1168 1166
2105 2 2 0 1 1168 1080 1169
2106 2 2 0 1 1169 1080 1082
2107 2 2 0 1 1086 1081 1170
2108 2 2 0 1 1081 1167 1170
2109 2 2 0 1 1083 1171 1082
2110 2 2 0 1 1171 1169 1082
2111 2 2 0 1 1083 1172 1171
2112 2 2 0 1 1083 1084 1172
2113 2 2 0 1 1084 1173 1172
2114 2 2 0 1 1085 1173 1084
2115 2 2 0 1 1088 1174 1085
2116 2 2 0 1 1085 1174 1173
2117 2 2 0 1 1175 1086 1170
2118 2 2 0 1 1087 1086 1175
2119 2 2 0 1 1087 1175 1176
2120 2 2 0 1 1089 1087 1176
2121 2 2 0 1 1177 1174 1088
2122 2 2 0 1 1177 1088 1089
2123 2 2 0 1 1177 1089 1176
2124 2 2 0 1 1090 1091 1178
2125 2 2 0 1 1093 1090 1178
2126 2 2 0 1 1092 1179 1091
2127 2 2 0 1 1091 1179 1178
2128 2 2 0 1 1180 1179 1092
2129 2 2 0 1 1180 1092 1162
2130 2 2 0 1 1093 1178 1181
2131 2 2 0 1 1094 1093 1181
2132 2 2 0 1 1095 1094 1182
2133 2 2 0 1 1094 1181 1182
2134 2 2 0 1 1183 1095 1182
2135 2 2 0 1 1185 1096 1186
2136 2 2 0 1 1096 1097 1187
2137 2 2 0 1 1096 1187 1186
2138 2 2 0 1 1187 1097 1098
2139 2 2 0 1 1099 1188 1098
2140 2 2 0 1 1188 1187 1098
2141 2 2 0 1 1099 1189 1188
2142 2 2 0 1 1190 1100 1106
2143 2 2 0 1 1190 1101 1100
2144 2 2 0 1 1191 1101 1190
2145 2 2 0 1 1102 1101 1191
2146 2 2 0 1 1102 1191 1192
2147 2 2 0 1 1102 1192 1103
2148 2 2 0 1 1104 1103 1193
2149 2 2 0 1 1103 1192 1193
2150 2 2 0 1 1104 1194 1105
2151 2 2 0 1 1194 1104 1193
2152 2 2 0 1 1195 1109 1105
2153 2 2 0 1 1194 1195 1105
2154 2 2 0 1 1197 1106 1107
2155 2 2 0 1 1106 1197 1196
2156 2 2 0 1 1190 1106 1196
2157 2 2 0 1 1198 1197 1107
2158 2 2 0 1 1108 1198 1107
2159 2 2 0 1 1112 1109 1199
2160 2 2 0 1 1199 1109 1195
2161 2 2 0 1 1110 1111 1200
2162 2 2 0 1 1110 1200 1129
2163 2 2 0 1 1111 1201 1200
2164 2 2 0 1 1111 1114 1201
2165 2 2 0 1 1112 1202 1113
2166 2 2 0 1 1112 1199 1202
2167 2 2 0 1 1202 1203 1113
2168 2 2 0 1 1203 1123 1113
2169 2 2 0 1 1204 1114 1115
2170 2 2 0 1 1201 1114 1204
2171 2 2 0 1 1204 1115 1205
2172 2 2 0 1 1205 1115 1116
2173 2 2 0 1 1206 1116 1117
2174 2 2 0 1 1206 1205 1116
2175 2 2 0 1 1118 1207 1117
2176 2 2 0 1 1207 1206 1117
2177 2 2 0 1 1208 1207 1118
2178 2 2 0 1 1208 1118 1119
2179 2 2 0 1 1208 1119 1209
2180 2 2 0 1 1209 1119 1120
2181 2 2 0 1 1210 1120 1121
2182 2 2 0 1 1209 1120 1210
2183 2 2 0 1 1210 1121 1211
2184 2 2 0 1 1211 1121 1122
2185 2 2 0 1 1211 1122 1212
2186 2 2 0 1 1212 1122 1124
2187 2 2 0 1 1213 1124 1123
2188 2 2 0 1 1213 1123 1203
2189 2 2 0 1 1212 1124 1213
2190 2 2 0 1 1126 1214 1125
2191 2 2 0 1 1125 1214 1130
2192 2 2 0 1 1127 1215 1126
2193 2 2 0 1 1126 1215 1214
2194 2 2 0 1 1216 1127 1128
2195 2 2 0 1 1216 1215 1127
2196 2 2 0 1 1216 1128 1217
2197 2 2 0 1 1217 1128 1129
2198 2 2 0 1 1129 1200 1218
2199 2 2 0 1 1217 1129 1218
2200 2 2 0 1 1219 1131 1130
2201 2 2 0 1 1214 1219 1130
2202 2 2 0 1 1220 1133 1131
2203 2 2 0 1 1219 1220 1131
2204 2 2 0 1 1132 1221 1157
2205 2 2 0 1 1134 1221 1132
2206 2 2 0 1 1220 1222 1133
2207 2 2 0 1 1222 1137 1133
2208 2 2 0 1 1134 1135 1223
2209 2 2 0 1 1134 1223 1221
2210 2 2 0 1 1135 1136 1224
2211 2 2 0 1 1223 1135 1224
2212 2 2 0 1 1140 1225 1136
2213 2 2 0 1 1136 1225 1224
2214 2 2 0 1 1226 1139 1137
2215 2 2 0 1 1222 1226 1137
2216 2 2 0 1 1141 1138 1227
2217 2 2 0 1 1227 1138 1139
2218 2 2 0 1 1226 1228 1139
2219 2 2 0 1 1228 1227 1139
2220 2 2 0 1 1229 1140 1142
2221 2 2 0 1 1229 1225 1140
2222 2 2 0 1 1230 1141 1227
2223 2 2 0 1 1143 1141 1230
2224 2 2 0 1 1229 1142 1231
2225 2 2 0 1 1231 1142 1147
2226 2 2 0 1 1232 1143 1230
2227 2 2 0 1 1232 1144 1143
2228 2 2 0 1 1232 1233 1144
2229 2 2 0 1 1233 1145 1144
2230 2 2 0 1 1145 1233 1234
2231 2 2 0 1 1146 1145 1234
2232 2 2 0 1 1235 1146 1234
2233 2 2 0 1 1235 1149 1146
2234 2 2 0 1 1236 1231 1147
2235 2 2 0 1 1236 1147 1148
2236 2 2 0 1 1150 1237 1148
2237 2 2 0 1 1237 1236 1148
2238 2 2 0 1 1151 1149 1238
2239 2 2 0 1 1149 1235 1238
2240 2 2 0 1 1154 1239 1150
2241 2 2 0 1 1239 1237 1150
2242 2 2 0 1 1152 1151 1240
2243 2 2 0 1 1240 1151 1238
2244 2 2 0 1 1152 1240 1241
2245 2 2 0 1 1153 1152 1241
2246 2 2 0 1 1155 1153 1242
2247 2 2 0 1 1242 1153 1241
2248 2 2 0 1 1243 1239 1154
2249 2 2 0 1 1243 1154 1156
2250 2 2 0 1 1155 1242 1244
2251 2 2 0 1 1156 1155 1244
2252 2 2 0 1 1243 1156 1244
2253 2 2 0 1 1245 1158 1157
2254 2 2 0 1 1221 1245 1157
2255 2 2 0 1 1246 1159 1158
2256 2 2 0 1 1245 1246 1158
2257 2 2 0 1 1246 1247 1159
2258 2 2 0 1 1159 1247 1160
2259 2 2 0 1 1161 1160 1248
2260 2 2 0 1 1160 1247 1248
2261 2 2 0 1 1164 1161 1249
2262 2 2 0 1 1249 1161 1248
2263 2 2 0 1 1250 1180 1162
2264 2 2 0 1 1163 1250 1162
2265 2 2 0 1 1166 1251 1163
2266 2 2 0 1 1251 1250 1163
2267 2 2 0 1 1252 1164 1249
2268 2 2 0 1 1165 1164 1252
2269 2 2 0 1 1165 1252 1253
2270 2 2 0 1 1167 1165 1253
2271 2 2 0 1 1166 1168 1254
2272 2 2 0 1 1166 1254 1251
2273 2 2 0 1 1170 1167 1255
2274 2 2 0 1 1255 1167 1253
2275 2 2 0 1 1254 1168 1256
2276 2 2 0 1 1168 1169 1256
2277 2 2 0 1 1169 1171 1257
2278 2 2 0 1 1256 1169 1257
2279 2 2 0 1 1175 1170 1258
2280 2 2 0 1 1170 1255 1258
2281 2 2 0 1 1171 1172 1259
2282 2 2 0 1 1257 1171 1259
2283 2 2 0 1 1173 1260 1172
2284 2 2 0 1 1172 1260 1259
2285 2 2 0 1 1173 1174 1261
2286 2 2 0 1 1173 1261 1260
2287 2 2 0 1 1174 1262 1261
2288 2 2 0 1 1177 1262 1174
2289 2 2 0 1 1175 1263 1176
2290 2 2 0 1 1263 1175 1258
2291 2 2 0 1 1263 1264 1176
2292 2 2 0 1 1264 1177 1176
2293 2 2 0 1 1264 1262 1177
2294 2 2 0 1 1178 1265 1181
2295 2 2 0 1 1179 1265 1178
2296 2 2 0 1 1180 1266 1179
2297 2 2 0 1 1179 1266 1265
2298 2 2 0 1 1250 1267 1180
2299 2 2 0 1 1180 1267 1266
2300 2 2 0 1 1181 1265 1268
2301 2 2 0 1 1181 1268 1182
2302 2 2 0 1 1268 1270 1182
2303 2 2 0 1 1270 1183 1182
2304 2 2 0 1 1271 1183 1270
2305 2 2 0 1 1184 1275 1274
2306 2 2 0 1 1273 1184 1274
2307 2 2 0 1 1184 1185 1275
2308 2 2 0 1 1275 1185 1186
2309 2 2 0 1 1187 1276 1186
2310 2 2 0 1 1276 1275 1186
2311 2 2 0 1 1276 1187 1278
2312 2 2 0 1 1187 1188 1278
2313 2 2 0 1 1188 1279 1278
2314 2 2 0 1 1189 1279 1188
2315 2 2 0 1 1189 1277 1279
2316 2 2 0 1 1191 1190 1280
2317 2 2 0 1 1280 1190 1196
2318 2 2 0 1 1192 1191 1281
2319 2 2 0 1 1191 1280 1281
2320 2 2 0 1 1192 1282 1193
2321 2 2 0 1 1282 1192 1281
2322 2 2 0 1 1282 1283 1193
2323 2 2 0 1 1283 1194 1193
2324 2 2 0 1 1285 1195 1194
2325 2 2 0 1 1285 1194 1283
2326 2 2 0 1 1195 1285 1284
2327 2 2 0 1 1199 1195 1284
2328 2 2 0 1 1287 1286 1196
2329 2 2 0 1 1286 1280 1196
2330 2 2 0 1 1197 1287 1196
2331 2 2 0 1 1288 1287 1197
2332 2 2 0 1 1198 1288 1197
2333 2 2 0 1 1202 1199 1289
2334 2 2 0 1 1199 1284 1289
2335 2 2 0 1 1201 1290 1200
2336 2 2 0 1 1200 1290 1218
2337 2 2 0 1 1201 1291 1290
2338 2 2 0 1 1201 1204 1291
2339 2 2 0 1 1292 1202 1289
2340 2 2 0 1 1202 1292 1203
2341 2 2 0 1 1292 1293 1203
2342 2 2 0 1 1293 1213 1203
2343 2 2 0 1 1204 1205 1294
2344 2 2 0 1 1291 1204 1294
2345 2 2 0 1 1205 1295 1294
2346 2 2 0 1 1205 1206 1295
2347 2 2 0 1 1207 1296 1206
2348 2 2 0 1 1206 1296 1295
2349 2 2 0 1 1297 1296 1207
2350 2 2 0 1 1297 1207 1208
2351 2 2 0 1 1208 1209 1298
2352 2 2 0 1 1297 1208 1298
2353 2 2 0 1 1298 1209 1299
2354 2 2 0 1 1209 1210 1299
2355 2 2 0 1 1210 1211 1300
2356 2 2 0 1 1210 1300 1299
2357 2 2 0 1 1300 1211 1301
2358 2 2 0 1 1211 1212 1301
2359 2 2 0 1 1212 1302 1301
2360 2 2 0 1 1212 1213 1302
2361 2 2 0 1 1302 1213 1293
2362 2 2 0 1 1303 1219 1214
2363 2 2 0 1 1215 1303 1214
2364 2 2 0 1 1304 1215 1216
2365 2 2 0 1 1304 1303 1215
2366 2 2 0 1 1216 1217 1305
2367 2 2 0 1 1304 1216 1305
2368 2 2 0 1 1217 1306 1305
2369 2 2 0 1 1306 1217 1218
2370 2 2 0 1 1307 1306 1218
2371 2 2 0 1 1290 1307 1218
2372 2 2 0 1 1303 1308 1219
2373 2 2 0 1 1219 1308 1220
2374 2 2 0 1 1309 1222 1220
2375 2 2 0 1 1308 1309 1220
2376 2 2 0 1 1221 1223 1310
2377 2 2 0 1 1245 1221 1310
2378 2 2 0 1 1309 1311 1222
2379 2 2 0 1 1222 1311 1226
2380 2 2 0 1 1223 1312 1310
2381 2 2 0 1 1312 1223 1224
2382 2 2 0 1 1313 1312 1224
2383 2 2 0 1 1225 1313 1224
2384 2 2 0 1 1314 1225 1229
2385 2 2 0 1 1314 1313 1225
2386 2 2 0 1 1315 1228 1226
2387 2 2 0 1 1311 1315 1226
2388 2 2 0 1 1316 1230 1227
2389 2 2 0 1 1228 1316 1227
2390 2 2 0 1 1315 1317 1228
2391 2 2 0 1 1228 1317 1316
2392 2 2 0 1 1314 1229 1318
2393 2 2 0 1 1318 1229 1231
2394 2 2 0 1 1319 1232 1230
2395 2 2 0 1 1316 1319 1230
2396 2 2 0 1 1318 1231 1320
2397 2 2 0 1 1231 1236 1320
2398 2 2 0 1 1232 1321 1233
2399 2 2 0 1 1319 1321 1232
2400 2 2 0 1 1321 1322 1233
2401 2 2 0 1 1233 1322 1234
2402 2 2 0 1 1322 1323 1234
2403 2 2 0 1 1323 1235 1234
2404 2 2 0 1 1235 1324 1238
2405 2 2 0 1 1323 1324 1235
2406 2 2 0 1 1237 1325 1236
2407 2 2 0 1 1236 1325 1320
2408 2 2 0 1 1237 1326 1325
2409 2 2 0 1 1239 1326 1237
2410 2 2 0 1 1327 1240 1238
2411 2 2 0 1 1324 1327 1238
2412 2 2 0 1 1328 1239 1243
2413 2 2 0 1 1328 1326 1239
2414 2 2 0 1 1240 1327 1329
2415 2 2 0 1 1241 1240 1329
2416 2 2 0 1 1330 1242 1241
2417 2 2 0 1 1330 1241 1329
2418 2 2 0 1 1242 1330 1331
2419 2 2 0 1 1244 1242 1331
2420 2 2 0 1 1328 1243 1332
2421 2 2 0 1 1243 1244 1332
2422 2 2 0 1 1332 1244 1331
2423 2 2 0 1 1333 1245 1310
2424 2 2 0 1 1333 1246 1245
2425 2 2 0 1 1246 1334 1247
2426 2 2 0 1 1333 1334 1246
2427 2 2 0 1 1247 1335 1248
2428 2 2 0 1 1247 1334 1335
2429 2 2 0 1 1336 1249 1248
2430 2 2 0 1 1335 1336 1248
2431 2 2 0 1 1252 1249 1337
2432 2 2 0 1 1249 1336 1337
2433 2 2 0 1 1251 1338 1250
2434 2 2 0 1 1250 1338 1267
2435 2 2 0 1 1251 1254 1339
2436 2 2 0 1 1251 1339 1338
2437 2 2 0 1 1253 1252 1340
2438 2 2 0 1 1340 1252 1337
2439 2 2 0 1 1341 1253 1340
2440 2 2 0 1 1341 1255 1253
2441 2 2 0 1 1342 1254 1256
2442 2 2 0 1 1339 1254 1342
2443 2 2 0 1 1343 1255 1341
2444 2 2 0 1 1258 1255 1343
2445 2 2 0 1 1344 1342 1256
2446 2 2 0 1 1344 1256 1257
2447 2 2 0 1 1345 1344 1257
2448 2 2 0 1 1345 1257 1259
2449 2 2 0 1 1258 1343 1346
2450 2 2 0 1 1263 1258 1346
2451 2 2 0 1 1259 1260 1347
2452 2 2 0 1 1345 1259 1347
2453 2 2 0 1 1260 1261 1348
2454 2 2 0 1 1260 1348 1347
2455 2 2 0 1 1261 1349 1348
2456 2 2 0 1 1262 1349 1261
2457 2 2 0 1 1262 1350 1349
2458 2 2 0 1 1264 1350 1262
2459 2 2 0 1 1351 1263 1346
2460 2 2 0 1 1351 1264 1263
2461 2 2 0 1 1351 1350 1264
2462 2 2 0 1 1265 1266 1352
2463 2 2 0 1 1268 1265 1352
2464 2 2 0 1 1266 1267 1353
2465 2 2 0 1 1266 1353 1352
2466 2 2 0 1 1267 1338 1354
2467 2 2 0 1 1353 1267 1354
2468 2 2 0 1 1270 1268 1269
2469 2 2 0 1 1268 1355 1269
2470 2 2 0 1 1355 1268 1352
2471 2 2 0 1 1356 1270 1269
2472 2 2 0 1 1355 1356 1269
2473 2 2 0 1 1271 1270 1357
2474 2 2 0 1 1270 1356 1357
2475 2 2 0 1 1358 1271 1357
2476 2 2 0 1 1272 1273 1361
2477 2 2 0 1 1359 1272 1360
2478 2 2 0 1 1360 1272 1361
2479 2 2 0 1 1361 1273 1274
2480 2 2 0 1 1274 1275 1363
2481 2 2 0 1 1274 1363 1362
2482 2 2 0 1 1361 1274 1362
2483 2 2 0 1 1364 1275 1276
2484 2 2 0 1 1275 1364 1363
2485 2 2 0 1 1366 1276 1278
2486 2 2 0 1 1366 1364 1276
2487 2 2 0 1 1279 1277 1367
2488 2 2 0 1 1277 1365 1367
2489 2 2 0 1 1366 1278 1368
2490 2 2 0 1 1278 1279 1368
2491 2 2 0 1 1279 1367 1368
2492 2 2 0 1 1369 1280 1286
2493 2 2 0 1 1280 1369 1281
2494 2 2 0 1 1369 1370 1281
2495 2 2 0 1 1370 1282 1281
2496 2 2 0 1 1282 1371 1283
2497 2 2 0 1 1370 1371 1282
2498 2 2 0 1 1371 1373 1283
2499 2 2 0 1 1373 1285 1283
2500 2 2 0 1 1374 1372 1284
2501 2 2 0 1 1284 1372 1289
2502 2 2 0 1 1285 1374 1284
2503 2 2 0 1 1373 1374 1285
2504 2 2 0 1 1375 1286 1376
2505 2 2 0 1 1375 1369 1286
2506 2 2 0 1 1286 1287 1376
2507 2 2 0 1 1288 1377 1287
2508 2 2 0 1 1287 1377 1376
2509 2 2 0 1 1372 1378 1289
2510 2 2 0 1 1378 1292 1289
2511 2 2 0 1 1290 1379 1307
2512 2 2 0 1 1290 1291 1379
2513 2 2 0 1 1379 1291 1380
2514 2 2 0 1 1380 1291 1294
2515 2 2 0 1 1381 1292 1378
2516 2 2 0 1 1381 1293 1292
2517 2 2 0 1 1302 1293 1382
2518 2 2 0 1 1382 1293 1381
2519 2 2 0 1 1295 1383 1294
2520 2 2 0 1 1383 1380 1294
2521 2 2 0 1 1384 1383 1295
2522 2 2 0 1 1296 1384 1295
2523 2 2 0 1 1385 1384 1296
2524 2 2 0 1 1385 1296 1297
2525 2 2 0 1 1385 1297 1386
2526 2 2 0 1 1386 1297 1298
2527 2 2 0 1 1386 1298 1387
2528 2 2 0 1 1298 1299 1387
2529 2 2 0 1 1300 1388 1299
2530 2 2 0 1 1299 1388 1387
2531 2 2 0 1 1300 1301 1389
2532 2 2 0 1 1388 1300 1389
2533 2 2 0 1 1301 1390 1389
2534 2 2 0 1 1302 1390 1301
2535 2 2 0 1 1302 1382 1390
2536 2 2 0 1 1391 1303 1304
2537 2 2 0 1 1391 1308 1303
2538 2 2 0 1 1392 1304 1305
2539 2 2 0 1 1391 1304 1392
2540 2 2 0 1 1392 1305 1393
2541 2 2 0 1 1305 1306 1393
2542 2 2 0 1 1307 1394 1306
2543 2 2 0 1 1306 1394 1393
2544 2 2 0 1 1307 1379 1395
2545 2 2 0 1 1307 1395 1394
2546 2 2 0 1 1396 1309 1308
2547 2 2 0 1 1396 1308 1391
2548 2 2 0 1 1397 1311 1309
2549 2 2 0 1 1397 1309 1396
2550 2 2 0 1 1312 1398 1310
2551 2 2 0 1 1398 1333 1310
2552 2 2 0 1 1399 1311 1397
2553 2 2 0 1 1399 1315 1311
2554 2 2 0 1 1400 1398 1312
2555 2 2 0 1 1313 1400 1312
2556 2 2 0 1 1401 1400 1313
2557 2 2 0 1 1401 1313 1314
2558 2 2 0 1 1314 1318 1402
2559 2 2 0 1 1401 1314 1402
2560 2 2 0 1 1403 1315 1399
2561 2 2 0 1 1403 1317 1315
2562 2 2 0 1 1317 1404 1316
2563 2 2 0 1 1404 1319 1316
2564 2 2 0 1 1405 1404 1317
2565 2 2 0 1 1405 1317 1403
2566 2 2 0 1 1318 1320 1406
2567 2 2 0 1 1402 1318 1406
2568 2 2 0 1 1404 1407 1319
2569 2 2 0 1 1407 1321 1319
2570 2 2 0 1 1320 1408 1406
2571 2 2 0 1 1325 1408 1320
2572 2 2 0 1 1321 1409 1322
2573 2 2 0 1 1407 1409 1321
2574 2 2 0 1 1409 1410 1322
2575 2 2 0 1 1410 1323 1322
2576 2 2 0 1 1323 1411 1324
2577 2 2 0 1 1410 1411 1323
2578 2 2 0 1 1412 1327 1324
2579 2 2 0 1 1411 1412 1324
2580 2 2 0 1 1325 1326 1413
2581 2 2 0 1 1325 1413 1408
2582 2 2 0 1 1328 1414 1326
2583 2 2 0 1 1326 1414 1413
2584 2 2 0 1 1412 1415 1327
2585 2 2 0 1 1327 1415 1329
2586 2 2 0 1 1416 1414 1328
2587 2 2 0 1 1416 1328 1332
2588 2 2 0 1 1417 1330 1329
2589 2 2 0 1 1415 1417 1329
2590 2 2 0 1 1417 1418 1330
2591 2 2 0 1 1330 1418 1331
2592 2 2 0 1 1418 1419 1331
2593 2 2 0 1 1419 1332 1331
2594 2 2 0 1 1419 1416 1332
2595 2 2 0 1 1333 1420 1334
2596 2 2 0 1 1398 1420 1333
2597 2 2 0 1 1334 1421 1335
2598 2 2 0 1 1334 1420 1421
2599 2 2 0 1 1421 1422 1335
2600 2 2 0 1 1422 1336 1335
2601 2 2 0 1 1422 1423 1336
2602 2 2 0 1 1336 1423 1337
2603 2 2 0 1 1424 1340 1337
2604 2 2 0 1 1423 1424 1337
2605 2 2 0 1 1338 1339 1425
2606 2 2 0 1 1338 1425 1354
2607 2 2 0 1 1339 1342 1426
2608 2 2 0 1 1339 1426 1425
2609 2 2 0 1 1341 1340 1427
2610 2 2 0 1 1427 1340 1424
2611 2 2 0 1 1343 1341 1428
2612 2 2 0 1 1428 1341 1427
2613 2 2 0 1 1429 1342 1344
2614 2 2 0 1 1426 1342 1429
2615 2 2 0 1 1343 1430 1346
2616 2 2 0 1 1430 1343 1428
2617 2 2 0 1 1431 1344 1345
2618 2 2 0 1 1431 1429 1344
2619 2 2 0 1 1431 1345 1432
2620 2 2 0 1 1345 1347 1432
2621 2 2 0 1 1430 1433 1346
2622 2 2 0 1 1433 1351 1346
2623 2 2 0 1 1348 1434 1347
2624 2 2 0 1 1347 1434 1432
2625 2 2 0 1 1434 1348 1435
2626 2 2 0 1 1348 1349 1435
2627 2 2 0 1 1349 1436 1435
2628 2 2 0 1 1349 1350 1436
2629 2 2 0 1 1351 1437 1350
2630 2 2 0 1 1350 1437 1436
2631 2 2 0 1 1433 1437 1351
2632 2 2 0 1 1352 1353 1438
2633 2 2 0 1 1355 1352 1438
2634 2 2 0 1 1353 1439 1438
2635 2 2 0 1 1439 1353 1354
2636 2 2 0 1 1440 1439 1354
2637 2 2 0 1 1425 1440 1354
2638 2 2 0 1 1441 1356 1355
2639 2 2 0 1 1441 1355 1438
2640 2 2 0 1 1441 1442 1356
2641 2 2 0 1 1356 1442 1357
2642 2 2 0 1 1442 1358 1357
2643 2 2 0 1 1443 1358 1442
2644 2 2 0 1 1359 1360 1446
2645 2 2 0 1 1445 1359 1446
2646 2 2 0 1 1360 1448 1447
2647 2 2 0 1 1360 1361 1448
2648 2 2 0 1 1446 1360 1447
2649 2 2 0 1 1448 1361 1362
2650 2 2 0 1 1363 1449 1362
2651 2 2 0 1 1449 1448 1362
2652 2 2 0 1 1450 1449 1363
2653 2 2 0 1 1364 1450 1363
2654 2 2 0 1 1366 1451 1364
2655 2 2 0 1 1364 1451 1450
2656 2 2 0 1 1365 1452 1453
2657 2 2 0 1 1365 1453 1367
2658 2 2 0 1 1454 1366 1368
2659 2 2 0 1 1454 1451 1366
2660 2 2 0 1 1367 1453 1455
2661 2 2 0 1 1368 1367 1455
2662 2 2 0 1 1454 1368 1455
2663 2 2 0 1 1456 1370 1369
2664 2 2 0 1 1456 1369 1375
2665 2 2 0 1 1457 1371 1370
2666 2 2 0 1 1457 1370 1456
2667 2 2 0 1 1458 1373 1371
2668 2 2 0 1 1458 1371 1457
2669 2 2 0 1 1460 1372 1374
2670 2 2 0 1 1372 1459 1378
2671 2 2 0 1 1460 1459 1372
2672 2 2 0 1 1461 1373 1458
2673 2 2 0 1 1461 1374 1373
2674 2 2 0 1 1460 1374 1461
2675 2 2 0 1 1375 1463 1462
2676 2 2 0 1 1456 1375 1462
2677 2 2 0 1 1463 1375 1376
2678 2 2 0 1 1377 1464 1376
2679 2 2 0 1 1464 1463 1376
2680 2 2 0 1 1459 1465 1378
2681 2 2 0 1 1465 1381 1378
2682 2 2 0 1 1395 1379 1466
2683 2 2 0 1 1379 1380 1466
2684 2 2 0 1 1466 1380 1467
2685 2 2 0 1 1380 1383 1467
2686 2 2 0 1 1382 1381 1468
2687 2 2 0 1 1468 1381 1465
2688 2 2 0 1 1382 1468 1469
2689 2 2 0 1 1390 1382 1469
2690 2 2 0 1 1383 1470 1467
2691 2 2 0 1 1384 1470 1383
2692 2 2 0 1 1471 1470 1384
2693 2 2 0 1 1471 1384 1385
2694 2 2 0 1 1471 1385 1472
2695 2 2 0 1 1385 1386 1472
2696 2 2 0 1 1472 1386 1473
2697 2 2 0 1 1473 1386 1387
2698 2 2 0 1 1388 1474 1387
2699 2 2 0 1 1474 1473 1387
2700 2 2 0 1 1475 1388 1389
2701 2 2 0 1 1475 1474 1388
2702 2 2 0 1 1476 1475 1389
2703 2 2 0 1 1390 1476 1389
2704 2 2 0 1 1476 1390 1469
2705 2 2 0 1 1391 1392 1477
2706 2 2 0 1 1396 1391 1477
2707 2 2 0 1 1478 1392 1393
2708 2 2 0 1 1392 1478 1477
2709 2 2 0 1 1394 1479 1393
2710 2 2 0 1 1479 1478 1393
2711 2 2 0 1 1394 1480 1479
2712 2 2 0 1 1394 1395 1480
2713 2 2 0 1 1480 1395 1481
2714 2 2 0 1 1481 1395 1466
2715 2 2 0 1 1397 1396 1482
2716 2 2 0 1 1396 1477 1482
2717 2 2 0 1 1399 1397 1483
2718 2 2 0 1 1483 1397 1482
2719 2 2 0 1 1398 1484 1420
2720 2 2 0 1 1400 1484 1398
2721 2 2 0 1 1403 1399 1485
2722 2 2 0 1 1399 1483 1485
2723 2 2 0 1 1401 1486 1400
2724 2 2 0 1 1400 1486 1484
2725 2 2 0 1 1487 1401 1402
2726 2 2 0 1 1487 1486 1401
2727 2 2 0 1 1488 1402 1406
2728 2 2 0 1 1488 1487 1402
2729 2 2 0 1 1405 1403 1489
2730 2 2 0 1 1403 1485 1489
2731 2 2 0 1 1490 1407 1404
2732 2 2 0 1 1490 1404 1405
2733 2 2 0 1 1491 1405 1489
2734 2 2 0 1 1490 1405 1491
2735 2 2 0 1 1488 1406 1492
2736 2 2 0 1 1406 1408 1492
2737 2 2 0 1 1493 1407 1490
2738 2 2 0 1 1493 1409 1407
2739 2 2 0 1 1408 1494 1492
2740 2 2 0 1 1408 1413 1494
2741 2 2 0 1 1495 1409 1493
2742 2 2 0 1 1495 1410 1409
2743 2 2 0 1 1496 1410 1495
2744 2 2 0 1 1496 1411 1410
2745 2 2 0 1 1497 1412 1411
2746 2 2 0 1 1497 1411 1496
2747 2 2 0 1 1498 1415 1412
2748 2 2 0 1 1498 1412 1497
2749 2 2 0 1 1414 1499 1413
2750 2 2 0 1 1413 1499 1494
2751 2 2 0 1 1414 1500 1499
2752 2 2 0 1 1416 1500 1414
2753 2 2 0 1 1501 1417 1415
2754 2 2 0 1 1501 1415 1498
2755 2 2 0 1 1502 1416 1419
2756 2 2 0 1 1502 1500 1416
2757 2 2 0 1 1501 1503 1417
2758 2 2 0 1 1417 1503 1418
2759 2 2 0 1 1418 1504 1419
2760 2 2 0 1 1503 1504 1418
2761 2 2 0 1 1504 1502 1419
2762 2 2 0 1 1420 1484 1505
2763 2 2 0 1 1421 1420 1505
2764 2 2 0 1 1422 1421 1506
2765 2 2 0 1 1506 1421 1505
2766 2 2 0 1 1507 1422 1506
2767 2 2 0 1 1507 1423 1422
2768 2 2 0 1 1507 1509 1423
2769 2 2 0 1 1423 1509 1424
2770 2 2 0 1 1510 1427 1424
2771 2 2 0 1 1509 1510 1424
2772 2 2 0 1 1426 1511 1425
2773 2 2 0 1 1511 1440 1425
2774 2 2 0 1 1426 1512 1511
2775 2 2 0 1 1426 1429 1512
2776 2 2 0 1 1510 1513 1427
2777 2 2 0 1 1513 1428 1427
2778 2 2 0 1 1514 1428 1513
2779 2 2 0 1 1430 1428 1514
2780 2 2 0 1 1512 1429 1515
2781 2 2 0 1 1515 1429 1431
2782 2 2 0 1 1516 1433 1430
2783 2 2 0 1 1516 1430 1514
2784 2 2 0 1 1515 1431 1517
2785 2 2 0 1 1517 1431 1432
2786 2 2 0 1 1518 1517 1432
2787 2 2 0 1 1434 1518 1432
2788 2 2 0 1 1433 1519 1437
2789 2 2 0 1 1516 1519 1433
2790 2 2 0 1 1520 1434 1435
2791 2 2 0 1 1520 1518 1434
2792 2 2 0 1 1521 1520 1435
2793 2 2 0 1 1436 1521 1435
2794 2 2 0 1 1521 1436 1522
2795 2 2 0 1 1436 1437 1522
2796 2 2 0 1 1437 1519 1522
2797 2 2 0 1 1439 1523 1438
2798 2 2 0 1 1523 1441 1438
2799 2 2 0 1 1524 1523 1439
2800 2 2 0 1 1440 1524 1439
2801 2 2 0 1 1511 1525 1440
2802 2 2 0 1 1525 1524 1440
2803 2 2 0 1 1526 1442 1441
2804 2 2 0 1 1523 1526 1441
2805 2 2 0 1 1443 1442 1527
2806 2 2 0 1 1442 1526 1527
2807 2 2 0 1 1508 1443 1527
2808 2 2 0 1 1530 1444 1531
2809 2 2 0 1 1444 1532 1531
2810 2 2 0 1 1444 1445 1532
2811 2 2 0 1 1532 1445 1446
2812 2 2 0 1 1533 1446 1447
2813 2 2 0 1 1533 1532 1446
2814 2 2 0 1 1534 1533 1447
2815 2 2 0 1 1448 1534 1447
2816 2 2 0 1 1535 1534 1448
2817 2 2 0 1 1449 1535 1448
2818 2 2 0 1 1536 1535 1449
2819 2 2 0 1 1450 1536 1449
2820 2 2 0 1 1536 1450 1537
2821 2 2 0 1 1450 1451 1537
2822 2 2 0 1 1454 1538 1451
2823 2 2 0 1 1451 1538 1537
2824 2 2 0 1 1453 1452 1540
2825 2 2 0 1 1452 1539 1540
2826 2 2 0 1 1453 1541 1455
2827 2 2 0 1 1541 1453 1540
2828 2 2 0 1 1542 1538 1454
2829 2 2 0 1 1542 1454 1455
2830 2 2 0 1 1541 1542 1455
2831 2 2 0 1 1545 1456 1462
2832 2 2 0 1 1457 1456 1545
2833 2 2 0 1 1457 1545 1546
2834 2 2 0 1 1458 1457 1546
2835 2 2 0 1 1548 1458 1546
2836 2 2 0 1 1461 1458 1548
2837 2 2 0 1 1547 1465 1459
2838 2 2 0 1 1547 1459 1549
2839 2 2 0 1 1549 1459 1460
2840 2 2 0 1 1549 1460 1550
2841 2 2 0 1 1460 1461 1550
2842 2 2 0 1 1550 1461 1548
2843 2 2 0 1 1463 1552 1462
2844 2 2 0 1 1462 1552 1551
2845 2 2 0 1 1545 1462 1551
2846 2 2 0 1 1553 1552 1463
2847 2 2 0 1 1464 1553 1463
2848 2 2 0 1 1468 1465 1554
2849 2 2 0 1 1554 1465 1547
2850 2 2 0 1 1555 1466 1467
2851 2 2 0 1 1555 1481 1466
2852 2 2 0 1 1556 1555 1467
2853 2 2 0 1 1470 1556 1467
2854 2 2 0 1 1468 1554 1557
2855 2 2 0 1 1468 1557 1469
2856 2 2 0 1 1558 1476 1469
2857 2 2 0 1 1557 1558 1469
2858 2 2 0 1 1559 1470 1471
2859 2 2 0 1 1559 1556 1470
2860 2 2 0 1 1559 1471 1560
2861 2 2 0 1 1560 1471 1472
2862 2 2 0 1 1561 1472 1473
2863 2 2 0 1 1560 1472 1561
2864 2 2 0 1 1474 1562 1473
2865 2 2 0 1 1562 1561 1473
2866 2 2 0 1 1563 1474 1475
2867 2 2 0 1 1563 1562 1474
2868 2 2 0 1 1563 1475 1564
2869 2 2 0 1 1564 1475 1476
2870 2 2 0 1 1558 1564 1476
2871 2 2 0 1 1478 1565 1477
2872 2 2 0 1 1477 1565 1482
2873 2 2 0 1 1479 1566 1478
2874 2 2 0 1 1566 1565 1478
2875 2 2 0 1 1479 1480 1567
2876 2 2 0 1 1479 1567 1566
2877 2 2 0 1 1567 1480 1568
2878 2 2 0 1 1480 1481 1568
2879 2 2 0 1 1481 1555 1569
2880 2 2 0 1 1481 1569 1568
2881 2 2 0 1 1565 1570 1482
2882 2 2 0 1 1570 1483 1482
2883 2 2 0 1 1483 1571 1485
2884 2 2 0 1 1571 1483 1570
2885 2 2 0 1 1484 1486 1572
2886 2 2 0 1 1505 1484 1572
2887 2 2 0 1 1571 1573 1485
2888 2 2 0 1 1485 1573 1489
2889 2 2 0 1 1487 1574 1486
2890 2 2 0 1 1486 1574 1572
2891 2 2 0 1 1575 1487 1488
2892 2 2 0 1 1575 1574 1487
2893 2 2 0 1 1576 1575 1488
2894 2 2 0 1 1576 1488 1492
2895 2 2 0 1 1573 1577 1489
2896 2 2 0 1 1577 1491 1489
2897 2 2 0 1 1493 1490 1578
2898 2 2 0 1 1490 1491 1578
2899 2 2 0 1 1491 1579 1578
2900 2 2 0 1 1579 1491 1577
2901 2 2 0 1 1580 1576 1492
2902 2 2 0 1 1494 1580 1492
2903 2 2 0 1 1581 1493 1578
2904 2 2 0 1 1495 1493 1581
2905 2 2 0 1 1494 1499 1582
2906 2 2 0 1 1494 1582 1580
2907 2 2 0 1 1495 1581 1583
2908 2 2 0 1 1496 1495 1583
2909 2 2 0 1 1497 1496 1584
2910 2 2 0 1 1584 1496 1583
2911 2 2 0 1 1497 1584 1585
2912 2 2 0 1 1498 1497 1585
2913 2 2 0 1 1501 1498 1586
2914 2 2 0 1 1498 1585 1586
2915 2 2 0 1 1582 1499 1587
2916 2 2 0 1 1499 1500 1587
2917 2 2 0 1 1500 1588 1587
2918 2 2 0 1 1502 1588 1500
2919 2 2 0 1 1589 1501 1586
2920 2 2 0 1 1589 1503 1501
2921 2 2 0 1 1590 1502 1504
2922 2 2 0 1 1590 1588 1502
2923 2 2 0 1 1591 1504 1503
2924 2 2 0 1 1591 1503 1589
2925 2 2 0 1 1590 1504 1591
2926 2 2 0 1 1592 1506 1505
2927 2 2 0 1 1592 1505 1572
2928 2 2 0 1 1593 1506 1592
2929 2 2 0 1 1593 1507 1506
2930 2 2 0 1 1594 1509 1507
2931 2 2 0 1 1594 1507 1593
2932 2 2 0 1 1528 1508 1527
2933 2 2 0 1 1595 1508 1528
2934 2 2 0 1 1594 1596 1509
2935 2 2 0 1 1509 1596 1510
2936 2 2 0 1 1510 1596 1597
2937 2 2 0 1 1510 1597 1513
2938 2 2 0 1 1511 1512 1598
2939 2 2 0 1 1525 1511 1598
2940 2 2 0 1 1512 1515 1599
2941 2 2 0 1 1512 1599 1598
2942 2 2 0 1 1597 1600 1513
2943 2 2 0 1 1600 1514 1513
2944 2 2 0 1 1601 1516 1514
2945 2 2 0 1 1600 1601 1514
2946 2 2 0 1 1599 1515 1602
2947 2 2 0 1 1602 1515 1517
2948 2 2 0 1 1601 1603 1516
2949 2 2 0 1 1516 1603 1519
2950 2 2 0 1 1604 1602 1517
2951 2 2 0 1 1518 1604 1517
2952 2 2 0 1 1520 1605 1518
2953 2 2 0 1 1518 1605 1604
2954 2 2 0 1 1519 1603 1606
2955 2 2 0 1 1519 1606 1522
2956 2 2 0 1 1607 1605 1520
2957 2 2 0 1 1607 1520 1521
2958 2 2 0 1 1607 1521 1608
2959 2 2 0 1 1608 1521 1522
2960 2 2 0 1 1606 1608 1522
2961 2 2 0 1 1524 1609 1523
2962 2 2 0 1 1523 1609 1526
2963 2 2 0 1 1610 1609 1524
2964 2 2 0 1 1610 1524 1525
2965 2 2 0 1 1611 1525 1598
2966 2 2 0 1 1611 1610 1525
2967 2 2 0 1 1526 1609 1612
2968 2 2 0 1 1527 1526 1612
2969 2 2 0 1 1528 1527 1612
2970 2 2 0 1 1595 1528 1614
2971 2 2 0 1 1614 1528 1613
2972 2 2 0 1 1528 1612 1613
2973 2 2 0 1 1529 1616 1615
2974 2 2 0 1 1543 1529 1615
2975 2 2 0 1 1529 1530 1616
2976 2 2 0 1 1616 1530 1531
2977 2 2 0 1 1532 1617 1531
2978 2 2 0 1 1617 1616 1531
2979 2 2 0 1 1532 1618 1617
2980 2 2 0 1 1532 1533 1618
2981 2 2 0 1 1534 1619 1533
2982 2 2 0 1 1533 1619 1618
2983 2 2 0 1 1620 1534 1535
2984 2 2 0 1 1620 1619 1534
2985 2 2 0 1 1620 1535 1621
2986 2 2 0 1 1621 1535 1536
2987 2 2 0 1 1622 1536 1537
2988 2 2 0 1 1622 1621 1536
2989 2 2 0 1 1623 1622 1537
2990 2 2 0 1 1538 1623 1537
2991 2 2 0 1 1538 1624 1623
2992 2 2 0 1 1542 1624 1538
2993 2 2 0 1 1539 1625 1626
2994 2 2 0 1 1539 1626 1540
2995 2 2 0 1 1626 1627 1540
2996 2 2 0 1 1627 1541 1540
2997 2 2 0 1 1627 1628 1541
2998 2 2 0 1 1628 1542 1541
2999 2 2 0 1 1628 1624 1542
3000 2 2 0 1 1544 1543 1631
3001 2 2 0 1 1631 1543 1615
3002 2 2 0 1 1632 1544 1631
3003 2 2 0 1 1629 1544 1632
3004 2 2 0 1 1545 1635 1546
3005 2 2 0 1 1635 1545 1551
3006 2 2 0 1 1635 1636 1546
3007 2 2 0 1 1636 1548 1546
3008 2 2 0 1 1554 1547 1634
3009 2 2 0 1 1547 1549 1637
3010 2 2 0 1 1547 1637 1634
3011 2 2 0 1 1638 1550 1548
3012 2 2 0 1 1636 1638 1548
3013 2 2 0 1 1639 1549 1550
3014 2 2 0 1 1637 1549 1639
3015 2 2 0 1 1638 1639 1550
3016 2 2 0 1 1635 1551 1640
3017 2 2 0 1 1551 1641 1640
3018 2 2 0 1 1552 1641 1551
3019 2 2 0 1 1552 1642 1641
3020 2 2 0 1 1553 1642 1552
3021 2 2 0 1 1557 1554 1643
3022 2 2 0 1 1643 1554 1634
3023 2 2 0 1 1556 1644 1555
3024 2 2 0 1 1555 1644 1569
3025 2 2 0 1 1645 1644 1556
3026 2 2 0 1 1645 1556 1559
3027 2 2 0 1 1557 1646 1558
3028 2 2 0 1 1557 1643 1646
3029 2 2 0 1 1647 1564 1558
3030 2 2 0 1 1646 1647 1558
3031 2 2 0 1 1559 1560 1648
3032 2 2 0 1 1645 1559 1648
3033 2 2 0 1 1648 1560 1649
3034 2 2 0 1 1649 1560 1561
3035 2 2 0 1 1562 1650 1561
3036 2 2 0 1 1650 1649 1561
3037 2 2 0 1 1651 1650 1562
3038 2 2 0 1 1651 1562 1563
3039 2 2 0 1 1563 1564 1652
3040 2 2 0 1 1651 1563 1652
3041 2 2 0 1 1564 1647 1652
3042 2 2 0 1 1566 1653 1565
3043 2 2 0 1 1565 1653 1570
3044 2 2 0 1 1566 1654 1653
3045 2 2 0 1 1566 1567 1654
3046 2 2 0 1 1655 1567 1568
3047 2 2 0 1 1654 1567 1655
3048 2 2 0 1 1656 1655 1568
3049 2 2 0 1 1569 1656 1568
3050 2 2 0 1 1644 1657 1569
3051 2 2 0 1 1657 1656 1569
3052 2 2 0 1 1653 1658 1570
3053 2 2 0 1 1658 1571 1570
3054 2 2 0 1 1659 1573 1571
3055 2 2 0 1 1658 1659 1571
3056 2 2 0 1 1572 1574 1660
3057 2 2 0 1 1592 1572 1660
3058 2 2 0 1 1573 1661 1577
3059 2 2 0 1 1659 1661 1573
3060 2 2 0 1 1575 1662 1574
3061 2 2 0 1 1574 1662 1660
3062 2 2 0 1 1663 1575 1576
3063 2 2 0 1 1663 1662 1575
3064 2 2 0 1 1664 1576 1580
3065 2 2 0 1 1663 1576 1664
3066 2 2 0 1 1661 1665 1577
3067 2 2 0 1 1665 1579 1577
3068 2 2 0 1 1581 1578 1666
3069 2 2 0 1 1578 1579 1666
3070 2 2 0 1 1579 1667 1666
3071 2 2 0 1 1665 1667 1579
3072 2 2 0 1 1582 1668 1580
3073 2 2 0 1 1668 1664 1580
3074 2 2 0 1 1581 1669 1583
3075 2 2 0 1 1669 1581 1666
3076 2 2 0 1 1670 1582 1587
3077 2 2 0 1 1670 1668 1582
3078 2 2 0 1 1583 1669 1671
3079 2 2 0 1 1584 1583 1671
3080 2 2 0 1 1672 1584 1671
3081 2 2 0 1 1585 1584 1672
3082 2 2 0 1 1585 1673 1586
3083 2 2 0 1 1673 1585 1672
3084 2 2 0 1 1673 1674 1586
3085 2 2 0 1 1674 1589 1586
3086 2 2 0 1 1588 1675 1587
3087 2 2 0 1 1675 1670 1587
3088 2 2 0 1 1676 1588 1590
3089 2 2 0 1 1676 1675 1588
3090 2 2 0 1 1677 1589 1674
3091 2 2 0 1 1591 1589 1677
3092 2 2 0 1 1676 1590 1678
3093 2 2 0 1 1590 1591 1678
3094 2 2 0 1 1591 1677 1678
3095 2 2 0 1 1679 1592 1660
3096 2 2 0 1 1593 1592 1679
3097 2 2 0 1 1594 1593 1680
3098 2 2 0 1 1593 1679 1680
3099 2 2 0 1 1681 1594 1680
3100 2 2 0 1 1681 1596 1594
3101 2 2 0 1 1682 1595 1614
3102 2 2 0 1 1681 1683 1596
3103 2 2 0 1 1596 1683 1597
3104 2 2 0 1 1683 1684 1597
3105 2 2 0 1 1684 1600 1597
3106 2 2 0 1 1599 1685 1598
3107 2 2 0 1 1685 1611 1598
3108 2 2 0 1 1599 1602 1686
3109 2 2 0 1 1599 1686 1685
3110 2 2 0 1 1687 1601 1600
3111 2 2 0 1 1687 1600 1684
3112 2 2 0 1 1601 1688 1603
3113 2 2 0 1 1687 1688 1601
3114 2 2 0 1 1686 1602 1689
3115 2 2 0 1 1689 1602 1604
3116 2 2 0 1 1603 1688 1690
3117 2 2 0 1 1606 1603 1690
3118 2 2 0 1 1605 1691 1604
3119 2 2 0 1 1691 1689 1604
3120 2 2 0 1 1692 1605 1607
3121 2 2 0 1 1692 1691 1605
3122 2 2 0 1 1608 1606 1693
3123 2 2 0 1 1606 1690 1693
3124 2 2 0 1 1692 1607 1694
3125 2 2 0 1 1694 1607 1608
3126 2 2 0 1 1694 1608 1693
3127 2 2 0 1 1610 1695 1609
3128 2 2 0 1 1609 1695 1612
3129 2 2 0 1 1611 1696 1610
3130 2 2 0 1 1610 1696 1695
3131 2 2 0 1 1611 1697 1696
3132 2 2 0 1 1685 1697 1611
3133 2 2 0 1 1612 1698 1613
3134 2 2 0 1 1695 1698 1612
3135 2 2 0 1 1699 1614 1613
3136 2 2 0 1 1698 1699 1613
3137 2 2 0 1 1699 1682 1614
3138 2 2 0 1 1631 1615 1633
3139 2 2 0 1 1616 1700 1615
3140 2 2 0 1 1615 1700 1633
3141 2 2 0 1 1616 1701 1700
3142 2 2 0 1 1616 1617 1701
3143 2 2 0 1 1617 1702 1701
3144 2 2 0 1 1617 1618 1702
3145 2 2 0 1 1702 1618 1703
3146 2 2 0 1 1618 1619 1703
3147 2 2 0 1 1619 1704 1703
3148 2 2 0 1 1620 1704 1619
3149 2 2 0 1 1705 1704 1620
3150 2 2 0 1 1705 1620 1621
3151 2 2 0 1 1706 1705 1621
3152 2 2 0 1 1622 1706 1621
3153 2 2 0 1 1707 1706 1622
3154 2 2 0 1 1707 1622 1623
3155 2 2 0 1 1708 1707 1623
3156 2 2 0 1 1624 1708 1623
3157 2 2 0 1 1709 1708 1624
3158 2 2 0 1 1709 1624 1628
3159 2 2 0 1 1625 1711 1626
3160 2 2 0 1 1625 1710 1711
3161 2 2 0 1 1627 1626 1712
3162 2 2 0 1 1626 1711 1712
3163 2 2 0 1 1713 1628 1627
3164 2 2 0 1 1713 1627 1712
3165 2 2 0 1 1709 1628 1713
3166 2 2 0 1 1629 1632 1715
3167 2 2 0 1 1630 1629 1715
3168 2 2 0 1 1714 1630 1716
3169 2 2 0 1 1716 1630 1715
3170 2 2 0 1 1718 1632 1631
3171 2 2 0 1 1718 1631 1633
3172 2 2 0 1 1715 1632 1717
3173 2 2 0 1 1632 1718 1717
3174 2 2 0 1 1700 1719 1633
3175 2 2 0 1 1719 1718 1633
3176 2 2 0 1 1643 1634 1720
3177 2 2 0 1 1634 1721 1720
3178 2 2 0 1 1637 1721 1634
3179 2 2 0 1 1722 1635 1640
3180 2 2 0 1 1722 1636 1635
3181 2 2 0 1 1723 1638 1636
3182 2 2 0 1 1723 1636 1722
3183 2 2 0 1 1637 1639 1724
3184 2 2 0 1 1637 1724 1721
3185 2 2 0 1 1725 1639 1638
3186 2 2 0 1 1725 1638 1723
3187 2 2 0 1 1724 1639 1725
3188 2 2 0 1 1641 1727 1640
3189 2 2 0 1 1640 1727 1726
3190 2 2 0 1 1722 1640 1726
3191 2 2 0 1 1642 1728 1641
3192 2 2 0 1 1728 1727 1641
3193 2 2 0 1 1646 1643 1729
3194 2 2 0 1 1729 1643 1720
3195 2 2 0 1 1730 1644 1645
3196 2 2 0 1 1730 1657 1644
3197 2 2 0 1 1731 1645 1648
3198 2 2 0 1 1730 1645 1731
3199 2 2 0 1 1646 1732 1647
3200 2 2 0 1 1646 1729 1732
3201 2 2 0 1 1652 1647 1733
3202 2 2 0 1 1647 1732 1733
3203 2 2 0 1 1734 1648 1649
3204 2 2 0 1 1731 1648 1734
3205 2 2 0 1 1735 1734 1649
3206 2 2 0 1 1650 1735 1649
3207 2 2 0 1 1736 1735 1650
3208 2 2 0 1 1736 1650 1651
3209 2 2 0 1 1736 1651 1737
3210 2 2 0 1 1737 1651 1652
3211 2 2 0 1 1737 1652 1733
3212 2 2 0 1 1653 1654 1738
3213 2 2 0 1 1653 1738 1658
3214 2 2 0 1 1738 1654 1739
3215 2 2 0 1 1654 1655 1739
3216 2 2 0 1 1656 1740 1655
3217 2 2 0 1 1655 1740 1739
3218 2 2 0 1 1656 1741 1740
3219 2 2 0 1 1657 1741 1656
3220 2 2 0 1 1742 1741 1657
3221 2 2 0 1 1742 1657 1730
3222 2 2 0 1 1658 1738 1743
3223 2 2 0 1 1658 1743 1659
3224 2 2 0 1 1659 1744 1661
3225 2 2 0 1 1659 1743 1744
3226 2 2 0 1 1745 1679 1660
3227 2 2 0 1 1662 1745 1660
3228 2 2 0 1 1661 1744 1746
3229 2 2 0 1 1661 1746 1665
3230 2 2 0 1 1663 1747 1662
3231 2 2 0 1 1662 1747 1745
3232 2 2 0 1 1748 1663 1664
3233 2 2 0 1 1748 1747 1663
3234 2 2 0 1 1668 1749 1664
3235 2 2 0 1 1749 1748 1664
3236 2 2 0 1 1665 1750 1667
3237 2 2 0 1 1665 1746 1750
3238 2 2 0 1 1751 1669 1666
3239 2 2 0 1 1667 1751 1666
3240 2 2 0 1 1667 1750 1752
3241 2 2 0 1 1667 1752 1751
3242 2 2 0 1 1753 1668 1670
3243 2 2 0 1 1753 1749 1668
3244 2 2 0 1 1751 1754 1669
3245 2 2 0 1 1669 1754 1671
3246 2 2 0 1 1755 1753 1670
3247 2 2 0 1 1675 1755 1670
3248 2 2 0 1 1756 1672 1671
3249 2 2 0 1 1754 1756 1671
3250 2 2 0 1 1673 1672 1757
3251 2 2 0 1 1672 1756 1757
3252 2 2 0 1 1758 1674 1673
3253 2 2 0 1 1758 1673 1757
3254 2 2 0 1 1677 1674 1759
3255 2 2 0 1 1759 1674 1758
3256 2 2 0 1 1760 1755 1675
3257 2 2 0 1 1760 1675 1676
3258 2 2 0 1 1761 1676 1678
3259 2 2 0 1 1760 1676 1761
3260 2 2 0 1 1677 1759 1762
3261 2 2 0 1 1678 1677 1762
3262 2 2 0 1 1761 1678 1762
3263 2 2 0 1 1680 1679 1763
3264 2 2 0 1 1679 1745 1763
3265 2 2 0 1 1764 1680 1763
3266 2 2 0 1 1764 1681 1680
3267 2 2 0 1 1765 1683 1681
3268 2 2 0 1 1765 1681 1764
3269 2 2 0 1 1767 1682 1766
3270 2 2 0 1 1682 1699 1766
3271 2 2 0 1 1683 1768 1684
3272 2 2 0 1 1765 1768 1683
3273 2 2 0 1 1769 1687 1684
3274 2 2 0 1 1768 1769 1684
3275 2 2 0 1 1685 1770 1697
3276 2 2 0 1 1685 1686 1770
3277 2 2 0 1 1770 1686 1771
3278 2 2 0 1 1771 1686 1689
3279 2 2 0 1 1687 1772 1688
3280 2 2 0 1 1769 1772 1687
3281 2 2 0 1 1688 1772 1773
3282 2 2 0 1 1688 1773 1690
3283 2 2 0 1 1774 1771 1689
3284 2 2 0 1 1691 1774 1689
3285 2 2 0 1 1690 1773 1775
3286 2 2 0 1 1690 1775 1693
3287 2 2 0 1 1776 1774 1691
3288 2 2 0 1 1776 1691 1692
3289 2 2 0 1 1692 1694 1777
3290 2 2 0 1 1776 1692 1777
3291 2 2 0 1 1775 1778 1693
3292 2 2 0 1 1778 1694 1693
3293 2 2 0 1 1777 1694 1778
3294 2 2 0 1 1695 1696 1779
3295 2 2 0 1 1695 1779 1698
3296 2 2 0 1 1696 1697 1780
3297 2 2 0 1 1696 1780 1779
3298 2 2 0 1 1780 1697 1781
3299 2 2 0 1 1697 1770 1781
3300 2 2 0 1 1779 1782 1698
3301 2 2 0 1 1698 1782 1699
3302 2 2 0 1 1699 1782 1783
3303 2 2 0 1 1699 1783 1766
3304 2 2 0 1 1700 1701 1784
3305 2 2 0 1 1719 1700 1784
3306 2 2 0 1 1701 1785 1784
3307 2 2 0 1 1701 1702 1785
3308 2 2 0 1 1702 1787 1786
3309 2 2 0 1 1785 1702 1786
3310 2 2 0 1 1787 1702 1703
3311 2 2 0 1 1788 1787 1703
3312 2 2 0 1 1704 1788 1703
3313 2 2 0 1 1705 1789 1704
3314 2 2 0 1 1704 1789 1788
3315 2 2 0 1 1790 1789 1705
3316 2 2 0 1 1790 1705 1706
3317 2 2 0 1 1790 1706 1791
3318 2 2 0 1 1791 1706 1707
3319 2 2 0 1 1792 1707 1708
3320 2 2 0 1 1791 1707 1792
3321 2 2 0 1 1793 1708 1709
3322 2 2 0 1 1792 1708 1793
3323 2 2 0 1 1794 1709 1713
3324 2 2 0 1 1793 1709 1794
3325 2 2 0 1 1711 1710 1796
3326 2 2 0 1 1710 1795 1796
3327 2 2 0 1 1711 1796 1797
3328 2 2 0 1 1712 1711 1797
3329 2 2 0 1 1798 1712 1797
3330 2 2 0 1 1798 1713 1712
3331 2 2 0 1 1798 1794 1713
3332 2 2 0 1 1801 1714 1802
3333 2 2 0 1 1714 1716 1802
3334 2 2 0 1 1804 1716 1715
3335 2 2 0 1 1804 1715 1717
3336 2 2 0 1 1716 1804 1803
3337 2 2 0 1 1802 1716 1803
3338 2 2 0 1 1805 1804 1717
3339 2 2 0 1 1718 1805 1717
3340 2 2 0 1 1719 1806 1718
3341 2 2 0 1 1718 1806 1805
3342 2 2 0 1 1807 1719 1784
3343 2 2 0 1 1807 1806 1719
3344 2 2 0 1 1721 1809 1720
3345 2 2 0 1 1809 1808 1720
3346 2 2 0 1 1808 1729 1720
3347 2 2 0 1 1724 1810 1721
3348 2 2 0 1 1810 1809 1721
3349 2 2 0 1 1723 1722 1811
3350 2 2 0 1 1811 1722 1726
3351 2 2 0 1 1723 1811 1812
3352 2 2 0 1 1725 1723 1812
3353 2 2 0 1 1724 1813 1810
3354 2 2 0 1 1724 1725 1813
3355 2 2 0 1 1813 1725 1812
3356 2 2 0 1 1726 1815 1814
3357 2 2 0 1 1727 1815 1726
3358 2 2 0 1 1811 1726 1814
3359 2 2 0 1 1727 1816 1815
3360 2 2 0 1 1728 1816 1727
3361 2 2 0 1 1732 1729 1817
3362 2 2 0 1 1817 1729 1808
3363 2 2 0 1 1742 1730 1818
3364 2 2 0 1 1730 1731 1818
3365 2 2 0 1 1731 1819 1818
3366 2 2 0 1 1819 1731 1734
3367 2 2 0 1 1732 1820 1733
3368 2 2 0 1 1732 1817 1820
3369 2 2 0 1 1820 1821 1733
3370 2 2 0 1 1821 1737 1733
3371 2 2 0 1 1822 1819 1734
3372 2 2 0 1 1735 1822 1734
3373 2 2 0 1 1823 1822 1735
3374 2 2 0 1 1823 1735 1736
3375 2 2 0 1 1823 1736 1824
3376 2 2 0 1 1736 1737 1824
3377 2 2 0 1 1824 1737 1821
3378 2 2 0 1 1743 1738 1825
3379 2 2 0 1 1738 1739 1825
3380 2 2 0 1 1740 1826 1739
3381 2 2 0 1 1739 1826 1825
3382 2 2 0 1 1741 1827 1740
3383 2 2 0 1 1827 1826 1740
3384 2 2 0 1 1828 1741 1742
3385 2 2 0 1 1828 1827 1741
3386 2 2 0 1 1828 1742 1829
3387 2 2 0 1 1829 1742 1818
3388 2 2 0 1 1744 1743 1830
3389 2 2 0 1 1830 1743 1825
3390 2 2 0 1 1746 1744 1831
3391 2 2 0 1 1744 1830 1831
3392 2 2 0 1 1745 1832 1763
3393 2 2 0 1 1745 1747 1832
3394 2 2 0 1 1750 1746 1833
3395 2 2 0 1 1746 1831 1833
3396 2 2 0 1 1747 1834 1832
3397 2 2 0 1 1748 1834 1747
3398 2 2 0 1 1748 1835 1834
3399 2 2 0 1 1749 1835 1748
3400 2 2 0 1 1753 1836 1749
3401 2 2 0 1 1749 1836 1835
3402 2 2 0 1 1837 1750 1833
3403 2 2 0 1 1752 1750 1837
3404 2 2 0 1 1751 1838 1754
3405 2 2 0 1 1751 1752 1838
3406 2 2 0 1 1752 1837 1839
3407 2 2 0 1 1838 1752 1839
3408 2 2 0 1 1753 1840 1836
3409 2 2 0 1 1755 1840 1753
3410 2 2 0 1 1754 1838 1841
3411 2 2 0 1 1754 1841 1756
3412 2 2 0 1 1842 1840 1755
3413 2 2 0 1 1842 1755 1760
3414 2 2 0 1 1756 1841 1843
3415 2 2 0 1 1756 1843 1757
3416 2 2 0 1 1758 1757 1844
3417 2 2 0 1 1757 1843 1844
3418 2 2 0 1 1759 1758 1845
3419 2 2 0 1 1845 1758 1844
3420 2 2 0 1 1759 1846 1762
3421 2 2 0 1 1759 1845 1846
3422 2 2 0 1 1842 1760 1847
3423 2 2 0 1 1760 1761 1847
3424 2 2 0 1 1848 1761 1762
3425 2 2 0 1 1847 1761 1848
3426 2 2 0 1 1846 1848 1762
3427 2 2 0 1 1849 1764 1763
3428 2 2 0 1 1832 1849 1763
3429 2 2 0 1 1765 1764 1850
3430 2 2 0 1 1764 1849 1850
3431 2 2 0 1 1851 1768 1765
3432 2 2 0 1 1851 1765 1850
3433 2 2 0 1 1783 1852 1766
3434 2 2 0 1 1852 1767 1766
3435 2 2 0 1 1853 1767 1852
3436 2 2 0 1 1854 1769 1768
3437 2 2 0 1 1854 1768 1851
3438 2 2 0 1 1855 1772 1769
3439 2 2 0 1 1855 1769 1854
3440 2 2 0 1 1770 1771 1856
3441 2 2 0 1 1770 1856 1781
3442 2 2 0 1 1857 1771 1774
3443 2 2 0 1 1856 1771 1857
3444 2 2 0 1 1855 1858 1772
3445 2 2 0 1 1772 1858 1773
3446 2 2 0 1 1858 1859 1773
3447 2 2 0 1 1773 1859 1775
3448 2 2 0 1 1860 1774 1776
3449 2 2 0 1 1857 1774 1860
3450 2 2 0 1 1861 1778 1775
3451 2 2 0 1 1859 1861 1775
3452 2 2 0 1 1862 1776 1777
3453 2 2 0 1 1860 1776 1862
3454 2 2 0 1 1862 1777 1863
3455 2 2 0 1 1777 1778 1863
3456 2 2 0 1 1778 1861 1863
3457 2 2 0 1 1780 1864 1779
3458 2 2 0 1 1779 1864 1782
3459 2 2 0 1 1865 1864 1780
3460 2 2 0 1 1865 1780 1781
3461 2 2 0 1 1856 1866 1781
3462 2 2 0 1 1866 1865 1781
3463 2 2 0 1 1782 1864 1867
3464 2 2 0 1 1782 1867 1783
3465 2 2 0 1 1867 1852 1783
3466 2 2 0 1 1868 1807 1784
3467 2 2 0 1 1785 1868 1784
3468 2 2 0 1 1868 1785 1786
3469 2 2 0 1 1869 1868 1786
3470 2 2 0 1 1787 1869 1786
3471 2 2 0 1 1870 1787 1788
3472 2 2 0 1 1870 1869 1787
3473 2 2 0 1 1871 1870 1788
3474 2 2 0 1 1789 1871 1788
3475 2 2 0 1 1872 1871 1789
3476 2 2 0 1 1872 1789 1790
3477 2 2 0 1 1790 1791 1873
3478 2 2 0 1 1872 1790 1873
3479 2 2 0 1 1791 1792 1874
3480 2 2 0 1 1791 1874 1873
3481 2 2 0 1 1874 1792 1875
3482 2 2 0 1 1792 1793 1875
3483 2 2 0 1 1793 1794 1876
3484 2 2 0 1 1793 1876 1875
3485 2 2 0 1 1876 1794 1877
3486 2 2 0 1 1877 1794 1798
3487 2 2 0 1 1795 1878 1879
3488 2 2 0 1 1795 1879 1796
3489 2 2 0 1 1796 1879 1880
3490 2 2 0 1 1797 1796 1880
3491 2 2 0 1 1881 1798 1797
3492 2 2 0 1 1881 1797 1880
3493 2 2 0 1 1877 1798 1881
3494 2 2 0 1 1799 1884 1883
3495 2 2 0 1 1799 1800 1884
3496 2 2 0 1 1882 1799 1883
3497 2 2 0 1 1800 1801 1885
3498 2 2 0 1 1800 1885 1884
3499 2 2 0 1 1885 1801 1802
3500 2 2 0 1 1885 1802 1886
3501 2 2 0 1 1887 1802 1803
3502 2 2 0 1 1802 1887 1886
3503 2 2 0 1 1888 1887 1803
3504 2 2 0 1 1804 1888 1803
3505 2 2 0 1 1889 1804 1805
3506 2 2 0 1 1889 1888 1804
3507 2 2 0 1 1890 1889 1805
3508 2 2 0 1 1806 1890 1805
3509 2 2 0 1 1807 1891 1806
3510 2 2 0 1 1806 1891 1890
3511 2 2 0 1 1868 1892 1807
3512 2 2 0 1 1807 1892 1891
3513 2 2 0 1 1893 1808 1894
3514 2 2 0 1 1808 1809 1894
3515 2 2 0 1 1893 1817 1808
3516 2 2 0 1 1810 1895 1809
3517 2 2 0 1 1809 1895 1894
3518 2 2 0 1 1810 1896 1895
3519 2 2 0 1 1810 1813 1896
3520 2 2 0 1 1897 1811 1814
3521 2 2 0 1 1811 1897 1812
3522 2 2 0 1 1898 1813 1812
3523 2 2 0 1 1897 1898 1812
3524 2 2 0 1 1896 1813 1898
3525 2 2 0 1 1897 1814 1899
3526 2 2 0 1 1815 1900 1814
3527 2 2 0 1 1814 1900 1899
3528 2 2 0 1 1816 1901 1815
3529 2 2 0 1 1901 1900 1815
3530 2 2 0 1 1902 1817 1893
3531 2 2 0 1 1820 1817 1902
3532 2 2 0 1 1903 1829 1818
3533 2 2 0 1 1819 1903 1818
3534 2 2 0 1 1822 1904 1819
3535 2 2 0 1 1819 1904 1903
3536 2 2 0 1 1820 1902 1905
3537 2 2 0 1 1820 1905 1821
3538 2 2 0 1 1906 1824 1821
3539 2 2 0 1 1905 1906 1821
3540 2 2 0 1 1907 1904 1822
3541 2 2 0 1 1907 1822 1823
3542 2 2 0 1 1908 1823 1824
3543 2 2 0 1 1907 1823 1908
3544 2 2 0 1 1906 1908 1824
3545 2 2 0 1 1825 1826 1909
3546 2 2 0 1 1830 1825 1909
3547 2 2 0 1 1827 1910 1826
3548 2 2 0 1 1826 1910 1909
3549 2 2 0 1 1911 1827 1828
3550 2 2 0 1 1911 1910 1827
3551 2 2 0 1 1828 1829 1912
3552 2 2 0 1 1911 1828 1912
3553 2 2 0 1 1829 1913 1912
3554 2 2 0 1 1913 1829 1903
3555 2 2 0 1 1914 1830 1909
3556 2 2 0 1 1830 1914 1831
3557 2 2 0 1 1831 1915 1833
3558 2 2 0 1 1914 1915 1831
3559 2 2 0 1 1834 1916 1832
3560 2 2 0 1 1916 1849 1832
3561 2 2 0 1 1833 1915 1917
3562 2 2 0 1 1837 1833 1917
3563 2 2 0 1 1834 1918 1916
3564 2 2 0 1 1834 1835 1918
3565 2 2 0 1 1835 1836 1919
3566 2 2 0 1 1918 1835 1919
3567 2 2 0 1 1836 1840 1920
3568 2 2 0 1 1919 1836 1920
3569 2 2 0 1 1837 1921 1839
3570 2 2 0 1 1921 1837 1917
3571 2 2 0 1 1838 1839 1922
3572 2 2 0 1 1841 1838 1922
3573 2 2 0 1 1839 1923 1922
3574 2 2 0 1 1921 1923 1839
3575 2 2 0 1 1842 1924 1840
3576 2 2 0 1 1840 1924 1920
3577 2 2 0 1 1841 1922 1925
3578 2 2 0 1 1843 1841 1925
3579 2 2 0 1 1926 1924 1842
3580 2 2 0 1 1926 1842 1847
3581 2 2 0 1 1843 1925 1927
3582 2 2 0 1 1844 1843 1927
3583 2 2 0 1 1928 1844 1927
3584 2 2 0 1 1928 1845 1844
3585 2 2 0 1 1846 1845 1929
3586 2 2 0 1 1929 1845 1928
3587 2 2 0 1 1846 1929 1930
3588 2 2 0 1 1848 1846 1930
3589 2 2 0 1 1931 1926 1847
3590 2 2 0 1 1931 1847 1848
3591 2 2 0 1 1931 1848 1930
3592 2 2 0 1 1916 1932 1849
3593 2 2 0 1 1849 1932 1850
3594 2 2 0 1 1932 1933 1850
3595 2 2 0 1 1933 1851 1850
3596 2 2 0 1 1854 1851 1934
3597 2 2 0 1 1934 1851 1933
3598 2 2 0 1 1853 1852 1936
3599 2 2 0 1 1852 1867 1935
3600 2 2 0 1 1936 1852 1935
3601 2 2 0 1 1937 1853 1936
3602 2 2 0 1 1854 1934 1938
3603 2 2 0 1 1855 1854 1938
3604 2 2 0 1 1939 1858 1855
3605 2 2 0 1 1939 1855 1938
3606 2 2 0 1 1856 1857 1940
3607 2 2 0 1 1856 1940 1866
3608 2 2 0 1 1857 1860 1941
3609 2 2 0 1 1940 1857 1941
3610 2 2 0 1 1939 1942 1858
3611 2 2 0 1 1858 1942 1859
3612 2 2 0 1 1942 1943 1859
3613 2 2 0 1 1943 1861 1859
3614 2 2 0 1 1860 1944 1941
3615 2 2 0 1 1860 1862 1944
3616 2 2 0 1 1943 1945 1861
3617 2 2 0 1 1861 1945 1863
3618 2 2 0 1 1862 1863 1946
3619 2 2 0 1 1944 1862 1946
3620 2 2 0 1 1863 1945 1946
3621 2 2 0 1 1864 1947 1867
3622 2 2 0 1 1865 1947 1864
3623 2 2 0 1 1865 1949 1947
3624 2 2 0 1 1866 1949 1865
3625 2 2 0 1 1866 1940 1948
3626 2 2 0 1 1866 1948 1949
3627 2 2 0 1 1947 1950 1867
3628 2 2 0 1 1867 1950 1935
3629 2 2 0 1 1869 1951 1868
3630 2 2 0 1 1868 1951 1892
3631 2 2 0 1 1869 1952 1951
3632 2 2 0 1 1870 1952 1869
3633 2 2 0 1 1871 1953 1870
3634 2 2 0 1 1870 1953 1952
3635 2 2 0 1 1954 1871 1872
3636 2 2 0 1 1954 1953 1871
3637 2 2 0 1 1955 1872 1873
3638 2 2 0 1 1954 1872 1955
3639 2 2 0 1 1955 1873 1956
3640 2 2 0 1 1873 1874 1956
3641 2 2 0 1 1874 1957 1956
3642 2 2 0 1 1957 1874 1875
3643 2 2 0 1 1958 1957 1875
3644 2 2 0 1 1876 1958 1875
3645 2 2 0 1 1876 1877 1960
3646 2 2 0 1 1876 1960 1958
3647 2 2 0 1 1961 1877 1881
3648 2 2 0 1 1877 1961 1960
3649 2 2 0 1 1879 1878 1962
3650 2 2 0 1 1878 1959 1962
3651 2 2 0 1 1879 1962 1963
3652 2 2 0 1 1880 1879 1963
3653 2 2 0 1 1964 1880 1963
3654 2 2 0 1 1964 1881 1880
3655 2 2 0 1 1961 1881 1964
3656 2 2 0 1 1967 1882 1883
3657 2 2 0 1 1965 1882 1967
3658 2 2 0 1 1884 1968 1883
3659 2 2 0 1 1968 1967 1883
3660 2 2 0 1 1885 1969 1884
3661 2 2 0 1 1969 1968 1884
3662 2 2 0 1 1969 1885 1886
3663 2 2 0 1 1887 1970 1886
3664 2 2 0 1 1970 1969 1886
3665 2 2 0 1 1888 1971 1887
3666 2 2 0 1 1887 1971 1970
3667 2 2 0 1 1888 1972 1971
3668 2 2 0 1 1889 1972 1888
3669 2 2 0 1 1890 1973 1889
3670 2 2 0 1 1889 1973 1972
3671 2 2 0 1 1890 1974 1973
3672 2 2 0 1 1890 1891 1974
3673 2 2 0 1 1974 1891 1975
3674 2 2 0 1 1891 1892 1975
3675 2 2 0 1 1892 1951 1976
3676 2 2 0 1 1892 1976 1975
3677 2 2 0 1 1977 1893 1978
3678 2 2 0 1 1978 1893 1894
3679 2 2 0 1 1902 1893 1977
3680 2 2 0 1 1895 1979 1894
3681 2 2 0 1 1979 1978 1894
3682 2 2 0 1 1895 1896 1980
3683 2 2 0 1 1895 1980 1979
3684 2 2 0 1 1896 1898 1981
3685 2 2 0 1 1896 1981 1980
3686 2 2 0 1 1982 1897 1899
3687 2 2 0 1 1982 1898 1897
3688 2 2 0 1 1981 1898 1982
3689 2 2 0 1 1899 1984 1983
3690 2 2 0 1 1900 1984 1899
3691 2 2 0 1 1982 1899 1983
3692 2 2 0 1 1900 1985 1984
3693 2 2 0 1 1901 1985 1900
3694 2 2 0 1 1905 1902 1986
3695 2 2 0 1 1986 1902 1977
3696 2 2 0 1 1904 1987 1903
3697 2 2 0 1 1987 1913 1903
3698 2 2 0 1 1988 1904 1907
3699 2 2 0 1 1988 1987 1904
3700 2 2 0 1 1905 1986 1989
3701 2 2 0 1 1905 1989 1906
3702 2 2 0 1 1906 1989 1990
3703 2 2 0 1 1908 1906 1990
3704 2 2 0 1 1988 1907 1991
3705 2 2 0 1 1907 1908 1991
3706 2 2 0 1 1991 1908 1990
3707 2 2 0 1 1992 1914 1909
3708 2 2 0 1 1910 1992 1909
3709 2 2 0 1 1993 1910 1911
3710 2 2 0 1 1993 1992 1910
3711 2 2 0 1 1993 1911 1994
3712 2 2 0 1 1994 1911 1912
3713 2 2 0 1 1913 1995 1912
3714 2 2 0 1 1995 1994 1912
3715 2 2 0 1 1913 1996 1995
3716 2 2 0 1 1987 1996 1913
3717 2 2 0 1 1997 1915 1914
3718 2 2 0 1 1992 1997 1914
3719 2 2 0 1 1915 1998 1917
3720 2 2 0 1 1997 1998 1915
3721 2 2 0 1 1916 1918 1999
3722 2 2 0 1 1916 1999 1932
3723 2 2 0 1 2000 1921 1917
3724 2 2 0 1 1998 2000 1917
3725 2 2 0 1 2001 1918 1919
3726 2 2 0 1 1999 1918 2001
3727 2 2 0 1 2002 1919 1920
3728 2 2 0 1 2002 2001 1919
3729 2 2 0 1 2003 2002 1920
3730 2 2 0 1 1924 2003 1920
3731 2 2 0 1 2004 1923 1921
3732 2 2 0 1 2000 2004 1921
3733 2 2 0 1 1922 2006 1925
3734 2 2 0 1 1923 2006 1922
3735 2 2 0 1 1923 2005 2006
3736 2 2 0 1 2004 2005 1923
3737 2 2 0 1 1924 2007 2003
3738 2 2 0 1 1926 2007 1924
3739 2 2 0 1 1925 2008 1927
3740 2 2 0 1 2006 2008 1925
3741 2 2 0 1 2009 1926 1931
3742 2 2 0 1 2009 2007 1926
3743 2 2 0 1 2008 2010 1927
3744 2 2 0 1 2010 1928 1927
3745 2 2 0 1 2011 1928 2010
3746 2 2 0 1 2011 1929 1928
3747 2 2 0 1 1929 2012 1930
3748 2 2 0 1 1929 2011 2012
3749 2 2 0 1 2013 1931 1930
3750 2 2 0 1 2012 2013 1930
3751 2 2 0 1 2009 1931 2013
3752 2 2 0 1 1932 1999 2014
3753 2 2 0 1 1933 1932 2014
3754 2 2 0 1 1934 1933 2015
3755 2 2 0 1 1933 2014 2015
3756 2 2 0 1 1938 1934 2016
3757 2 2 0 1 1934 2015 2016
3758 2 2 0 1 2017 1936 1935
3759 2 2 0 1 1950 2017 1935
3760 2 2 0 1 2018 1936 2017
3761 2 2 0 1 2018 1937 1936
3762 2 2 0 1 2019 1937 2018
3763 2 2 0 1 1939 1938 2020
3764 2 2 0 1 2020 1938 2016
3765 2 2 0 1 2021 1942 1939
3766 2 2 0 1 2021 1939 2020
3767 2 2 0 1 1948 1940 2022
3768 2 2 0 1 2022 1940 1941
3769 2 2 0 1 1944 2023 1941
3770 2 2 0 1 2023 2022 1941
3771 2 2 0 1 1942 2024 1943
3772 2 2 0 1 2021 2024 1942
3773 2 2 0 1 1943 2025 1945
3774 2 2 0 1 1943 2024 2025
3775 2 2 0 1 2023 1944 2026
3776 2 2 0 1 1944 1946 2026
3777 2 2 0 1 1945 2027 1946
3778 2 2 0 1 1945 2025 2027
3779 2 2 0 1 1946 2027 2026
3780 2 2 0 1 1947 2028 1950
3781 2 2 0 1 1947 1949 2028
3782 2 2 0 1 1948 2029 2030
3783 2 2 0 1 1948 2022 2029
3784 2 2 0 1 1949 1948 2030
3785 2 2 0 1 2028 1949 2030
3786 2 2 0 1 1950 2031 2017
3787 2 2 0 1 1950 2028 2031
3788 2 2 0 1 1951 2032 1976
3789 2 2 0 1 1951 1952 2032
3790 2 2 0 1 2032 1952 2033
3791 2 2 0 1 1952 1953 2033
3792 2 2 0 1 1953 2034 2033
3793 2 2 0 1 1954 2034 1953
3794 2 2 0 1 2035 2034 1954
3795 2 2 0 1 2035 1954 1955
3796 2 2 0 1 2036 2035 1955
3797 2 2 0 1 2036 1955 1956
3798 2 2 0 1 2037 2036 1956
3799 2 2 0 1 1957 2037 1956
3800 2 2 0 1 1958 2038 1957
3801 2 2 0 1 1957 2038 2037
3802 2 2 0 1 1960 2039 1958
3803 2 2 0 1 2039 2038 1958
3804 2 2 0 1 1959 2040 2041
3805 2 2 0 1 1959 2041 1962
3806 2 2 0 1 2042 2039 1960
3807 2 2 0 1 1961 2042 1960
3808 2 2 0 1 2043 2042 1961
3809 2 2 0 1 2043 1961 1964
3810 2 2 0 1 1963 1962 2044
3811 2 2 0 1 1962 2041 2044
3812 2 2 0 1 2045 1963 2044
3813 2 2 0 1 2045 1964 1963
3814 2 2 0 1 2045 2043 1964
3815 2 2 0 1 1965 1967 2048
3816 2 2 0 1 1966 1965 2048
3817 2 2 0 1 2047 1966 2049
3818 2 2 0 1 2049 1966 2048
3819 2 2 0 1 1967 2051 2050
3820 2 2 0 1 2051 1967 1968
3821 2 2 0 1 2048 1967 2050
3822 2 2 0 1 2052 2051 1968
3823 2 2 0 1 2052 1968 1969
3824 2 2 0 1 2052 1969 2053
3825 2 2 0 1 1969 1970 2053
3826 2 2 0 1 1970 1971 2054
3827 2 2 0 1 2053 1970 2054
3828 2 2 0 1 1971 1972 2056
3829 2 2 0 1 1971 2056 2054
3830 2 2 0 1 1972 2057 2056
3831 2 2 0 1 1972 1973 2057
3832 2 2 0 1 1973 2058 2057
3833 2 2 0 1 1973 1974 2058
3834 2 2 0 1 2058 1974 2059
3835 2 2 0 1 1974 1975 2059
3836 2 2 0 1 1975 2060 2059
3837 2 2 0 1 1976 2060 1975
3838 2 2 0 1 1976 2032 2055
3839 2 2 0 1 2060 1976 2055
3840 2 2 0 1 1986 1977 2061
3841 2 2 0 1 2062 1977 1978
3842 2 2 0 1 1977 2062 2061
3843 2 2 0 1 2063 2062 1978
3844 2 2 0 1 2063 1978 1979
3845 2 2 0 1 1980 2064 1979
3846 2 2 0 1 2064 2063 1979
3847 2 2 0 1 1980 1981 2065
3848 2 2 0 1 2064 1980 2065
3849 2 2 0 1 1981 2066 2065
3850 2 2 0 1 1981 1982 2066
3851 2 2 0 1 2066 1982 1983
3852 2 2 0 1 2067 2066 1983
3853 2 2 0 1 1984 2067 1983
3854 2 2 0 1 1985 2068 1984
3855 2 2 0 1 2068 2067 1984
3856 2 2 0 1 2069 1986 2061
3857 2 2 0 1 1989 1986 2069
3858 2 2 0 1 2070 1987 1988
3859 2 2 0 1 2070 1996 1987
3860 2 2 0 1 2070 1988 2071
3861 2 2 0 1 1988 1991 2071
3862 2 2 0 1 1989 2072 1990
3863 2 2 0 1 1989 2069 2072
3864 2 2 0 1 2073 1991 1990
3865 2 2 0 1 2072 2073 1990
3866 2 2 0 1 1991 2073 2071
3867 2 2 0 1 2075 1997 1992
3868 2 2 0 1 2075 1992 1993
3869 2 2 0 1 2075 1993 2076
3870 2 2 0 1 2076 1993 1994
3871 2 2 0 1 2076 1994 2077
3872 2 2 0 1 1994 1995 2077
3873 2 2 0 1 1995 2078 2077
3874 2 2 0 1 1995 1996 2078
3875 2 2 0 1 2070 2079 1996
3876 2 2 0 1 1996 2079 2078
3877 2 2 0 1 2080 1998 1997
3878 2 2 0 1 2080 1997 2075
3879 2 2 0 1 2081 2000 1998
3880 2 2 0 1 2081 1998 2080
3881 2 2 0 1 1999 2001 2082
3882 2 2 0 1 1999 2082 2014
3883 2 2 0 1 2083 2000 2081
3884 2 2 0 1 2083 2004 2000
3885 2 2 0 1 2084 2001 2002
3886 2 2 0 1 2082 2001 2084
3887 2 2 0 1 2002 2003 2085
3888 2 2 0 1 2084 2002 2085
3889 2 2 0 1 2003 2086 2085
3890 2 2 0 1 2007 2086 2003
3891 2 2 0 1 2087 2004 2083
3892 2 2 0 1 2087 2005 2004
3893 2 2 0 1 2088 2005 2087
3894 2 2 0 1 2088 2089 2005
3895 2 2 0 1 2005 2089 2006
3896 2 2 0 1 2089 2008 2006
3897 2 2 0 1 2009 2090 2007
3898 2 2 0 1 2007 2090 2086
3899 2 2 0 1 2089 2091 2008
3900 2 2 0 1 2008 2091 2010
3901 2 2 0 1 2092 2009 2013
3902 2 2 0 1 2092 2090 2009
3903 2 2 0 1 2091 2093 2010
3904 2 2 0 1 2093 2011 2010
3905 2 2 0 1 2093 2094 2011
3906 2 2 0 1 2011 2094 2012
3907 2 2 0 1 2094 2095 2012
3908 2 2 0 1 2095 2013 2012
3909 2 2 0 1 2095 2092 2013
3910 2 2 0 1 2014 2096 2015
3911 2 2 0 1 2082 2096 2014
3912 2 2 0 1 2015 2097 2016
3913 2 2 0 1 2096 2097 2015
3914 2 2 0 1 2097 2098 2016
3915 2 2 0 1 2098 2020 2016
3916 2 2 0 1 2100 2018 2017
3917 2 2 0 1 2031 2100 2017
3918 2 2 0 1 2019 2018 2101
3919 2 2 0 1 2101 2018 2100
3920 2 2 0 1 2099 2019 2101
3921 2 2 0 1 2102 2021 2020
3922 2 2 0 1 2098 2102 2020
3923 2 2 0 1 2021 2103 2024
3924 2 2 0 1 2102 2103 2021
3925 2 2 0 1 2104 2022 2023
3926 2 2 0 1 2029 2022 2104
3927 2 2 0 1 2105 2023 2026
3928 2 2 0 1 2105 2104 2023
3929 2 2 0 1 2025 2024 2106
3930 2 2 0 1 2024 2103 2106
3931 2 2 0 1 2107 2025 2106
3932 2 2 0 1 2027 2025 2107
3933 2 2 0 1 2105 2026 2108
3934 2 2 0 1 2026 2027 2108
3935 2 2 0 1 2027 2107 2108
3936 2 2 0 1 2109 2028 2030
3937 2 2 0 1 2031 2028 2109
3938 2 2 0 1 2029 2104 2110
3939 2 2 0 1 2029 2110 2111
3940 2 2 0 1 2029 2111 2030
3941 2 2 0 1 2111 2109 2030
3942 2 2 0 1 2112 2031 2109
3943 2 2 0 1 2031 2112 2100
3944 2 2 0 1 2032 2033 2113
3945 2 2 0 1 2032 2113 2055
3946 2 2 0 1 2034 2114 2033
3947 2 2 0 1 2033 2114 2113
3948 2 2 0 1 2034 2115 2114
3949 2 2 0 1 2035 2115 2034
3950 2 2 0 1 2116 2035 2036
3951 2 2 0 1 2116 2115 2035
3952 2 2 0 1 2117 2036 2037
3953 2 2 0 1 2117 2116 2036
3954 2 2 0 1 2038 2118 2037
3955 2 2 0 1 2118 2117 2037
3956 2 2 0 1 2119 2118 2038
3957 2 2 0 1 2119 2038 2039
3958 2 2 0 1 2120 2039 2042
3959 2 2 0 1 2119 2039 2120
3960 2 2 0 1 2041 2040 2122
3961 2 2 0 1 2040 2121 2122
3962 2 2 0 1 2044 2041 2123
3963 2 2 0 1 2041 2122 2123
3964 2 2 0 1 2124 2042 2043
3965 2 2 0 1 2120 2042 2124
3966 2 2 0 1 2125 2043 2045
3967 2 2 0 1 2124 2043 2125
3968 2 2 0 1 2126 2045 2044
3969 2 2 0 1 2126 2044 2123
3970 2 2 0 1 2125 2045 2126
3971 2 2 0 1 2128 2046 2129
3972 2 2 0 1 2046 2047 2130
3973 2 2 0 1 2129 2046 2130
3974 2 2 0 1 2047 2049 2130
3975 2 2 0 1 2132 2049 2048
3976 2 2 0 1 2132 2048 2050
3977 2 2 0 1 2049 2132 2131
3978 2 2 0 1 2130 2049 2131
3979 2 2 0 1 2051 2133 2050
3980 2 2 0 1 2133 2132 2050
3981 2 2 0 1 2134 2133 2051
3982 2 2 0 1 2134 2051 2052
3983 2 2 0 1 2135 2052 2053
3984 2 2 0 1 2134 2052 2135
3985 2 2 0 1 2136 2053 2054
3986 2 2 0 1 2136 2135 2053
3987 2 2 0 1 2137 2136 2054
3988 2 2 0 1 2056 2137 2054
3989 2 2 0 1 2113 2138 2055
3990 2 2 0 1 2138 2139 2055
3991 2 2 0 1 2139 2060 2055
3992 2 2 0 1 2140 2137 2056
3993 2 2 0 1 2057 2140 2056
3994 2 2 0 1 2141 2140 2057
3995 2 2 0 1 2058 2141 2057
3996 2 2 0 1 2142 2058 2059
3997 2 2 0 1 2142 2141 2058
3998 2 2 0 1 2060 2143 2059
3999 2 2 0 1 2143 2142 2059
4000 2 2 0 1 2139 2143 2060
4001 2 2 0 1 2061 2062 2144
4002 2 2 0 1 2074 2061 2144
4003 2 2 0 1 2074 2069 2061
4004 2 2 0 1 2063 2145 2062
4005 2 2 0 1 2062 2145 2144
4006 2 2 0 1 2146 2145 2063
4007 2 2 0 1 2146 2063 2064
4008 2 2 0 1 2146 2064 2147
4009 2 2 0 1 2147 2064 2065
4010 2 2 0 1 2147 2065 2148
4011 2 2 0 1 2065 2066 2148
4012 2 2 0 1 2066 2149 2148
4013 2 2 0 1 2066 2067 2149
4014 2 2 0 1 2067 2151 2150
4015 2 2 0 1 2149 2067 2150
4016 2 2 0 1 2068 2151 2067
4017 2 2 0 1 2072 2069 2152
4018 2 2 0 1 2152 2069 2074
4019 2 2 0 1 2153 2079 2070
4020 2 2 0 1 2153 2070 2071
4021 2 2 0 1 2073 2154 2071
4022 2 2 0 1 2154 2153 2071
4023 2 2 0 1 2072 2155 2073
4024 2 2 0 1 2072 2152 2155
4025 2 2 0 1 2073 2155 2154
4026 2 2 0 1 2156 2074 2157
4027 2 2 0 1 2152 2074 2156
4028 2 2 0 1 2157 2074 2144
4029 2 2 0 1 2080 2075 2158
4030 2 2 0 1 2075 2076 2158
4031 2 2 0 1 2159 2076 2077
4032 2 2 0 1 2076 2159 2158
4033 2 2 0 1 2160 2159 2077
4034 2 2 0 1 2078 2160 2077
4035 2 2 0 1 2079 2161 2078
4036 2 2 0 1 2161 2160 2078
4037 2 2 0 1 2153 2162 2079
4038 2 2 0 1 2079 2162 2161
4039 2 2 0 1 2081 2080 2163
4040 2 2 0 1 2163 2080 2158
4041 2 2 0 1 2083 2081 2164
4042 2 2 0 1 2081 2163 2164
4043 2 2 0 1 2082 2165 2096
4044 2 2 0 1 2082 2084 2165
4045 2 2 0 1 2087 2083 2166
4046 2 2 0 1 2083 2164 2166
4047 2 2 0 1 2165 2084 2167
4048 2 2 0 1 2167 2084 2085
4049 2 2 0 1 2167 2085 2168
4050 2 2 0 1 2085 2086 2168
4051 2 2 0 1 2086 2169 2168
4052 2 2 0 1 2086 2090 2169
4053 2 2 0 1 2088 2087 2170
4054 2 2 0 1 2170 2087 2166
4055 2 2 0 1 2172 2088 2171
4056 2 2 0 1 2088 2170 2171
4057 2 2 0 1 2172 2089 2088
4058 2 2 0 1 2172 2091 2089
4059 2 2 0 1 2090 2173 2169
4060 2 2 0 1 2092 2173 2090
4061 2 2 0 1 2174 2091 2172
4062 2 2 0 1 2174 2093 2091
4063 2 2 0 1 2175 2092 2095
4064 2 2 0 1 2175 2173 2092
4065 2 2 0 1 2176 2093 2174
4066 2 2 0 1 2176 2094 2093
4067 2 2 0 1 2177 2095 2094
4068 2 2 0 1 2177 2094 2176
4069 2 2 0 1 2175 2095 2177
4070 2 2 0 1 2096 2178 2097
4071 2 2 0 1 2096 2165 2178
4072 2 2 0 1 2097 2179 2098
4073 2 2 0 1 2178 2179 2097
4074 2 2 0 1 2180 2102 2098
4075 2 2 0 1 2179 2180 2098
4076 2 2 0 1 2181 2099 2182
4077 2 2 0 1 2182 2099 2101
4078 2 2 0 1 2112 2183 2100
4079 2 2 0 1 2183 2101 2100
4080 2 2 0 1 2182 2101 2183
4081 2 2 0 1 2102 2184 2103
4082 2 2 0 1 2180 2184 2102
4083 2 2 0 1 2103 2184 2185
4084 2 2 0 1 2103 2185 2106
4085 2 2 0 1 2186 2104 2105
4086 2 2 0 1 2110 2104 2186
4087 2 2 0 1 2186 2105 2187
4088 2 2 0 1 2187 2105 2108
4089 2 2 0 1 2107 2106 2188
4090 2 2 0 1 2106 2185 2188
4091 2 2 0 1 2107 2188 2189
4092 2 2 0 1 2108 2107 2189
4093 2 2 0 1 2187 2108 2189
4094 2 2 0 1 2190 2112 2109
4095 2 2 0 1 2111 2190 2109
4096 2 2 0 1 2110 2186 2191
4097 2 2 0 1 2111 2110 2192
4098 2 2 0 1 2110 2191 2192
4099 2 2 0 1 2190 2111 2192
4100 2 2 0 1 2190 2193 2112
4101 2 2 0 1 2112 2193 2183
4102 2 2 0 1 2113 2114 2195
4103 2 2 0 1 2138 2113 2195
4104 2 2 0 1 2114 2115 2196
4105 2 2 0 1 2114 2196 2195
4106 2 2 0 1 2116 2197 2115
4107 2 2 0 1 2115 2197 2196
4108 2 2 0 1 2198 2197 2116
4109 2 2 0 1 2198 2116 2117
4110 2 2 0 1 2199 2117 2118
4111 2 2 0 1 2198 2117 2199
4112 2 2 0 1 2199 2118 2200
4113 2 2 0 1 2200 2118 2119
4114 2 2 0 1 2119 2120 2201
4115 2 2 0 1 2200 2119 2201
4116 2 2 0 1 2120 2124 2202
4117 2 2 0 1 2120 2202 2201
4118 2 2 0 1 2121 2204 2122
4119 2 2 0 1 2121 2203 2204
4120 2 2 0 1 2123 2122 2205
4121 2 2 0 1 2122 2204 2205
4122 2 2 0 1 2206 2123 2205
4123 2 2 0 1 2206 2126 2123
4124 2 2 0 1 2124 2125 2207
4125 2 2 0 1 2202 2124 2207
4126 2 2 0 1 2125 2208 2207
4127 2 2 0 1 2125 2126 2208
4128 2 2 0 1 2208 2126 2206
4129 2 2 0 1 2127 2128 2212
4130 2 2 0 1 2210 2127 2211
4131 2 2 0 1 2127 2212 2211
4132 2 2 0 1 2128 2129 2212
4133 2 2 0 1 2212 2129 2213
4134 2 2 0 1 2129 2130 2213
4135 2 2 0 1 2130 2214 2213
4136 2 2 0 1 2214 2130 2131
4137 2 2 0 1 2215 2214 2131
4138 2 2 0 1 2132 2215 2131
4139 2 2 0 1 2133 2216 2132
4140 2 2 0 1 2216 2215 2132
4141 2 2 0 1 2217 2133 2134
4142 2 2 0 1 2217 2216 2133
4143 2 2 0 1 2217 2134 2218
4144 2 2 0 1 2134 2135 2218
4145 2 2 0 1 2135 2219 2218
4146 2 2 0 1 2219 2135 2136
4147 2 2 0 1 2137 2221 2136
4148 2 2 0 1 2221 2219 2136
4149 2 2 0 1 2222 2221 2137
4150 2 2 0 1 2222 2137 2140
4151 2 2 0 1 2220 2138 2195
4152 2 2 0 1 2223 2139 2138
4153 2 2 0 1 2220 2223 2138
4154 2 2 0 1 2224 2139 2223
4155 2 2 0 1 2224 2143 2139
4156 2 2 0 1 2141 2225 2140
4157 2 2 0 1 2225 2222 2140
4158 2 2 0 1 2226 2141 2142
4159 2 2 0 1 2226 2225 2141
4160 2 2 0 1 2143 2227 2142
4161 2 2 0 1 2227 2226 2142
4162 2 2 0 1 2224 2227 2143
4163 2 2 0 1 2145 2228 2144
4164 2 2 0 1 2228 2157 2144
4165 2 2 0 1 2229 2145 2146
4166 2 2 0 1 2229 2228 2145
4167 2 2 0 1 2146 2147 2230
4168 2 2 0 1 2229 2146 2230
4169 2 2 0 1 2230 2147 2231
4170 2 2 0 1 2231 2147 2148
4171 2 2 0 1 2149 2231 2148
4172 2 2 0 1 2232 2231 2149
4173 2 2 0 1 2232 2149 2150
4174 2 2 0 1 2233 2232 2150
4175 2 2 0 1 2151 2233 2150
4176 2 2 0 1 2155 2152 2234
4177 2 2 0 1 2152 2156 2234
4178 2 2 0 1 2154 2235 2153
4179 2 2 0 1 2153 2235 2162
4180 2 2 0 1 2154 2155 2236
4181 2 2 0 1 2154 2236 2235
4182 2 2 0 1 2236 2155 2234
4183 2 2 0 1 2234 2156 2237
4184 2 2 0 1 2156 2238 2237
4185 2 2 0 1 2156 2157 2238
4186 2 2 0 1 2239 2157 2228
4187 2 2 0 1 2238 2157 2239
4188 2 2 0 1 2163 2158 2240
4189 2 2 0 1 2158 2159 2240
4190 2 2 0 1 2159 2241 2240
4191 2 2 0 1 2160 2241 2159
4192 2 2 0 1 2160 2242 2241
4193 2 2 0 1 2161 2242 2160
4194 2 2 0 1 2161 2243 2242
4195 2 2 0 1 2161 2162 2243
4196 2 2 0 1 2162 2235 2244
4197 2 2 0 1 2243 2162 2244
4198 2 2 0 1 2163 2240 2245
4199 2 2 0 1 2163 2245 2164
4200 2 2 0 1 2245 2246 2164
4201 2 2 0 1 2164 2246 2166
4202 2 2 0 1 2165 2167 2247
4203 2 2 0 1 2178 2165 2247
4204 2 2 0 1 2170 2166 2248
4205 2 2 0 1 2166 2246 2248
4206 2 2 0 1 2167 2249 2247
4207 2 2 0 1 2249 2167 2168
4208 2 2 0 1 2250 2249 2168
4209 2 2 0 1 2169 2250 2168
4210 2 2 0 1 2251 2250 2169
4211 2 2 0 1 2173 2251 2169
4212 2 2 0 1 2170 2252 2171
4213 2 2 0 1 2252 2170 2248
4214 2 2 0 1 2253 2172 2171
4215 2 2 0 1 2252 2253 2171
4216 2 2 0 1 2172 2253 2254
4217 2 2 0 1 2174 2172 2254
4218 2 2 0 1 2255 2251 2173
4219 2 2 0 1 2255 2173 2175
4220 2 2 0 1 2256 2174 2254
4221 2 2 0 1 2176 2174 2256
4222 2 2 0 1 2255 2175 2257
4223 2 2 0 1 2175 2177 2257
4224 2 2 0 1 2177 2176 2258
4225 2 2 0 1 2176 2256 2258
4226 2 2 0 1 2257 2177 2258
4227 2 2 0 1 2259 2178 2247
4228 2 2 0 1 2179 2178 2259
4229 2 2 0 1 2260 2180 2179
4230 2 2 0 1 2260 2179 2259
4231 2 2 0 1 2180 2261 2184
4232 2 2 0 1 2260 2261 2180
4233 2 2 0 1 2181 2182 2262
4234 2 2 0 1 2194 2181 2262
4235 2 2 0 1 2262 2182 2263
4236 2 2 0 1 2263 2182 2183
4237 2 2 0 1 2193 2263 2183
4238 2 2 0 1 2184 2261 2265
4239 2 2 0 1 2185 2184 2265
4240 2 2 0 1 2185 2265 2266
4241 2 2 0 1 2188 2185 2266
4242 2 2 0 1 2191 2186 2268
4243 2 2 0 1 2268 2186 2187
4244 2 2 0 1 2269 2268 2187
4245 2 2 0 1 2269 2187 2189
4246 2 2 0 1 2267 2188 2266
4247 2 2 0 1 2188 2267 2270
4248 2 2 0 1 2189 2188 2270
4249 2 2 0 1 2269 2189 2270
4250 2 2 0 1 2271 2190 2192
4251 2 2 0 1 2271 2193 2190
4252 2 2 0 1 2191 2272 2273
4253 2 2 0 1 2192 2191 2273
4254 2 2 0 1 2191 2268 2272
4255 2 2 0 1 2271 2192 2273
4256 2 2 0 1 2271 2274 2193
4257 2 2 0 1 2193 2274 2263
4258 2 2 0 1 2264 2194 2262
4259 2 2 0 1 2275 2194 2264
4260 2 2 0 1 2276 2220 2195
4261 2 2 0 1 2196 2276 2195
4262 2 2 0 1 2197 2277 2196
4263 2 2 0 1 2277 2276 2196
4264 2 2 0 1 2278 2277 2197
4265 2 2 0 1 2278 2197 2198
4266 2 2 0 1 2278 2198 2279
4267 2 2 0 1 2198 2199 2279
4268 2 2 0 1 2199 2200 2280
4269 2 2 0 1 2199 2280 2279
4270 2 2 0 1 2281 2200 2201
4271 2 2 0 1 2280 2200 2281
4272 2 2 0 1 2201 2202 2282
4273 2 2 0 1 2281 2201 2282
4274 2 2 0 1 2282 2202 2283
4275 2 2 0 1 2202 2207 2283
4276 2 2 0 1 2204 2203 2284
4277 2 2 0 1 2203 2285 2284
4278 2 2 0 1 2286 2204 2284
4279 2 2 0 1 2204 2287 2205
4280 2 2 0 1 2287 2204 2286
4281 2 2 0 1 2287 2206 2205
4282 2 2 0 1 2206 2287 2288
4283 2 2 0 1 2208 2206 2288
4284 2 2 0 1 2207 2208 2289
4285 2 2 0 1 2283 2207 2289
4286 2 2 0 1 2289 2208 2288
4287 2 2 0 1 2209 2210 2292
4288 2 2 0 1 2290 2209 2291
4289 2 2 0 1 2209 2292 2291
4290 2 2 0 1 2292 2210 2211
4291 2 2 0 1 2292 2211 2293
4292 2 2 0 1 2211 2294 2293
4293 2 2 0 1 2212 2294 2211
4294 2 2 0 1 2295 2212 2213
4295 2 2 0 1 2295 2294 2212
4296 2 2 0 1 2296 2295 2213
4297 2 2 0 1 2214 2296 2213
4298 2 2 0 1 2215 2297 2214
4299 2 2 0 1 2214 2297 2296
4300 2 2 0 1 2215 2298 2297
4301 2 2 0 1 2216 2298 2215
4302 2 2 0 1 2299 2298 2216
4303 2 2 0 1 2299 2216 2217
4304 2 2 0 1 2299 2217 2300
4305 2 2 0 1 2300 2217 2218
4306 2 2 0 1 2219 2302 2218
4307 2 2 0 1 2302 2300 2218
4308 2 2 0 1 2221 2303 2219
4309 2 2 0 1 2219 2303 2302
4310 2 2 0 1 2220 2304 2223
4311 2 2 0 1 2301 2220 2276
4312 2 2 0 1 2301 2304 2220
4313 2 2 0 1 2221 2305 2303
4314 2 2 0 1 2222 2305 2221
4315 2 2 0 1 2222 2306 2305
4316 2 2 0 1 2225 2306 2222
4317 2 2 0 1 2304 2307 2223
4318 2 2 0 1 2307 2224 2223
4319 2 2 0 1 2307 2308 2224
4320 2 2 0 1 2224 2308 2227
4321 2 2 0 1 2225 2309 2306
4322 2 2 0 1 2226 2309 2225
4323 2 2 0 1 2227 2310 2226
4324 2 2 0 1 2226 2310 2309
4325 2 2 0 1 2227 2308 2310
4326 2 2 0 1 2311 2228 2229
4327 2 2 0 1 2239 2228 2311
4328 2 2 0 1 2312 2229 2230
4329 2 2 0 1 2311 2229 2312
4330 2 2 0 1 2313 2312 2230
4331 2 2 0 1 2313 2230 2231
4332 2 2 0 1 2314 2231 2232
4333 2 2 0 1 2314 2313 2231
4334 2 2 0 1 2315 2314 2232
4335 2 2 0 1 2233 2315 2232
4336 2 2 0 1 2316 2236 2234
4337 2 2 0 1 2316 2234 2237
4338 2 2 0 1 2235 2317 2244
4339 2 2 0 1 2235 2236 2317
4340 2 2 0 1 2317 2236 2316
4341 2 2 0 1 2237 2319 2318
4342 2 2 0 1 2316 2237 2318
4343 2 2 0 1 2238 2319 2237
4344 2 2 0 1 2238 2239 2320
4345 2 2 0 1 2238 2320 2319
4346 2 2 0 1 2320 2239 2321
4347 2 2 0 1 2239 2311 2321
4348 2 2 0 1 2240 2322 2245
4349 2 2 0 1 2241 2322 2240
4350 2 2 0 1 2241 2242 2323
4351 2 2 0 1 2322 2241 2323
4352 2 2 0 1 2242 2324 2323
4353 2 2 0 1 2242 2243 2324
4354 2 2 0 1 2326 2243 2244
4355 2 2 0 1 2324 2243 2326
4356 2 2 0 1 2317 2325 2244
4357 2 2 0 1 2325 2326 2244
4358 2 2 0 1 2327 2246 2245
4359 2 2 0 1 2322 2327 2245
4360 2 2 0 1 2327 2328 2246
4361 2 2 0 1 2246 2328 2248
4362 2 2 0 1 2249 2329 2247
4363 2 2 0 1 2329 2259 2247
4364 2 2 0 1 2330 2252 2248
4365 2 2 0 1 2328 2330 2248
4366 2 2 0 1 2331 2329 2249
4367 2 2 0 1 2250 2331 2249
4368 2 2 0 1 2250 2332 2331
4369 2 2 0 1 2251 2332 2250
4370 2 2 0 1 2333 2332 2251
4371 2 2 0 1 2333 2251 2255
4372 2 2 0 1 2330 2334 2252
4373 2 2 0 1 2334 2253 2252
4374 2 2 0 1 2253 2335 2254
4375 2 2 0 1 2334 2335 2253
4376 2 2 0 1 2256 2254 2336
4377 2 2 0 1 2254 2335 2336
4378 2 2 0 1 2333 2255 2337
4379 2 2 0 1 2337 2255 2257
4380 2 2 0 1 2338 2256 2336
4381 2 2 0 1 2256 2338 2258
4382 2 2 0 1 2339 2337 2257
4383 2 2 0 1 2339 2257 2258
4384 2 2 0 1 2338 2339 2258
4385 2 2 0 1 2329 2340 2259
4386 2 2 0 1 2340 2260 2259
4387 2 2 0 1 2340 2341 2260
4388 2 2 0 1 2260 2341 2261
4389 2 2 0 1 2261 2342 2265
4390 2 2 0 1 2261 2341 2342
4391 2 2 0 1 2264 2262 2343
4392 2 2 0 1 2343 2262 2263
4393 2 2 0 1 2274 2343 2263
4394 2 2 0 1 2345 2264 2344
4395 2 2 0 1 2275 2264 2345
4396 2 2 0 1 2264 2343 2344
4397 2 2 0 1 2342 2346 2265
4398 2 2 0 1 2265 2346 2266
4399 2 2 0 1 2346 2267 2266
4400 2 2 0 1 2267 2347 2270
4401 2 2 0 1 2346 2347 2267
4402 2 2 0 1 2348 2268 2269
4403 2 2 0 1 2272 2268 2348
4404 2 2 0 1 2349 2269 2270
4405 2 2 0 1 2348 2269 2349
4406 2 2 0 1 2347 2349 2270
4407 2 2 0 1 2350 2271 2273
4408 2 2 0 1 2350 2274 2271
4409 2 2 0 1 2272 2348 2351
4410 2 2 0 1 2272 2352 2273
4411 2 2 0 1 2272 2351 2352
4412 2 2 0 1 2352 2350 2273
4413 2 2 0 1 2350 2353 2274
4414 2 2 0 1 2274 2353 2343
4415 2 2 0 1 2354 2275 2345
4416 2 2 0 1 2355 2301 2276
4417 2 2 0 1 2277 2355 2276
4418 2 2 0 1 2356 2277 2278
4419 2 2 0 1 2356 2355 2277
4420 2 2 0 1 2356 2278 2357
4421 2 2 0 1 2357 2278 2279
4422 2 2 0 1 2279 2280 2358
4423 2 2 0 1 2357 2279 2358
4424 2 2 0 1 2280 2281 2359
4425 2 2 0 1 2280 2359 2358
4426 2 2 0 1 2359 2281 2360
4427 2 2 0 1 2360 2281 2282
4428 2 2 0 1 2361 2360 2282
4429 2 2 0 1 2361 2282 2283
4430 2 2 0 1 2362 2283 2289
4431 2 2 0 1 2362 2361 2283
4432 2 2 0 1 2285 2365 2284
4433 2 2 0 1 2365 2286 2284
4434 2 2 0 1 2285 2363 2364
4435 2 2 0 1 2365 2285 2364
4436 2 2 0 1 2365 2366 2286
4437 2 2 0 1 2366 2287 2286
4438 2 2 0 1 2366 2367 2287
4439 2 2 0 1 2287 2367 2288
4440 2 2 0 1 2368 2289 2288
4441 2 2 0 1 2367 2368 2288
4442 2 2 0 1 2368 2362 2289
4443 2 2 0 1 2369 2290 2371
4444 2 2 0 1 2371 2290 2291
4445 2 2 0 1 2371 2291 2372
4446 2 2 0 1 2291 2292 2373
4447 2 2 0 1 2291 2373 2372
4448 2 2 0 1 2373 2292 2293
4449 2 2 0 1 2294 2374 2293
4450 2 2 0 1 2374 2373 2293
4451 2 2 0 1 2375 2294 2295
4452 2 2 0 1 2375 2374 2294
4453 2 2 0 1 2295 2296 2376
4454 2 2 0 1 2375 2295 2376
4455 2 2 0 1 2297 2377 2296
4456 2 2 0 1 2296 2377 2376
4457 2 2 0 1 2298 2378 2297
4458 2 2 0 1 2378 2377 2297
4459 2 2 0 1 2379 2378 2298
4460 2 2 0 1 2379 2298 2299
4461 2 2 0 1 2299 2300 2380
4462 2 2 0 1 2379 2299 2380
4463 2 2 0 1 2300 2302 2382
4464 2 2 0 1 2380 2300 2382
4465 2 2 0 1 2301 2383 2304
4466 2 2 0 1 2355 2381 2301
4467 2 2 0 1 2301 2381 2383
4468 2 2 0 1 2302 2384 2382
4469 2 2 0 1 2302 2303 2384
4470 2 2 0 1 2303 2305 2385
4471 2 2 0 1 2384 2303 2385
4472 2 2 0 1 2304 2386 2307
4473 2 2 0 1 2304 2383 2386
4474 2 2 0 1 2305 2387 2385
4475 2 2 0 1 2305 2306 2387
4476 2 2 0 1 2387 2306 2388
4477 2 2 0 1 2306 2309 2388
4478 2 2 0 1 2307 2389 2308
4479 2 2 0 1 2307 2386 2389
4480 2 2 0 1 2310 2308 2390
4481 2 2 0 1 2308 2389 2390
4482 2 2 0 1 2309 2391 2388
4483 2 2 0 1 2309 2310 2391
4484 2 2 0 1 2391 2310 2390
4485 2 2 0 1 2311 2392 2321
4486 2 2 0 1 2311 2312 2392
4487 2 2 0 1 2393 2312 2313
4488 2 2 0 1 2392 2312 2393
4489 2 2 0 1 2393 2313 2394
4490 2 2 0 1 2313 2314 2394
4491 2 2 0 1 2314 2395 2394
4492 2 2 0 1 2315 2395 2314
4493 2 2 0 1 2397 2316 2318
4494 2 2 0 1 2317 2316 2397
4495 2 2 0 1 2317 2397 2325
4496 2 2 0 1 2318 2319 2400
4497 2 2 0 1 2318 2400 2399
4498 2 2 0 1 2397 2318 2399
4499 2 2 0 1 2319 2320 2401
4500 2 2 0 1 2319 2401 2400
4501 2 2 0 1 2320 2402 2401
4502 2 2 0 1 2320 2321 2402
4503 2 2 0 1 2321 2396 2402
4504 2 2 0 1 2321 2392 2396
4505 2 2 0 1 2403 2327 2322
4506 2 2 0 1 2403 2322 2323
4507 2 2 0 1 2324 2404 2323
4508 2 2 0 1 2404 2403 2323
4509 2 2 0 1 2404 2324 2405
4510 2 2 0 1 2324 2406 2405
4511 2 2 0 1 2324 2326 2406
4512 2 2 0 1 2407 2326 2325
4513 2 2 0 1 2407 2325 2398
4514 2 2 0 1 2325 2397 2398
4515 2 2 0 1 2406 2326 2407
4516 2 2 0 1 2403 2408 2327
4517 2 2 0 1 2327 2408 2328
4518 2 2 0 1 2408 2409 2328
4519 2 2 0 1 2409 2330 2328
4520 2 2 0 1 2410 2329 2331
4521 2 2 0 1 2410 2340 2329
4522 2 2 0 1 2330 2411 2334
4523 2 2 0 1 2409 2411 2330
4524 2 2 0 1 2412 2410 2331
4525 2 2 0 1 2332 2412 2331
4526 2 2 0 1 2413 2332 2333
4527 2 2 0 1 2413 2412 2332
4528 2 2 0 1 2413 2333 2414
4529 2 2 0 1 2333 2337 2414
4530 2 2 0 1 2334 2411 2415
4531 2 2 0 1 2334 2415 2335
4532 2 2 0 1 2335 2416 2336
4533 2 2 0 1 2335 2415 2416
4534 2 2 0 1 2416 2338 2336
4535 2 2 0 1 2337 2417 2414
4536 2 2 0 1 2417 2337 2339
4537 2 2 0 1 2418 2339 2338
4538 2 2 0 1 2416 2418 2338
4539 2 2 0 1 2418 2417 2339
4540 2 2 0 1 2340 2419 2341
4541 2 2 0 1 2410 2419 2340
4542 2 2 0 1 2342 2341 2420
4543 2 2 0 1 2341 2419 2420
4544 2 2 0 1 2421 2342 2420
4545 2 2 0 1 2342 2421 2346
4546 2 2 0 1 2343 2422 2344
4547 2 2 0 1 2353 2422 2343
4548 2 2 0 1 2423 2345 2344
4549 2 2 0 1 2422 2423 2344
4550 2 2 0 1 2424 2354 2345
4551 2 2 0 1 2424 2345 2423
4552 2 2 0 1 2421 2425 2346
4553 2 2 0 1 2346 2425 2347
4554 2 2 0 1 2347 2425 2426
4555 2 2 0 1 2347 2426 2349
4556 2 2 0 1 2351 2348 2427
4557 2 2 0 1 2427 2348 2349
4558 2 2 0 1 2426 2427 2349
4559 2 2 0 1 2352 2428 2350
4560 2 2 0 1 2350 2428 2353
4561 2 2 0 1 2352 2351 2430
4562 2 2 0 1 2351 2427 2429
4563 2 2 0 1 2430 2351 2429
4564 2 2 0 1 2352 2430 2428
4565 2 2 0 1 2431 2422 2353
4566 2 2 0 1 2428 2431 2353
4567 2 2 0 1 2432 2354 2424
4568 2 2 0 1 2434 2355 2356
4569 2 2 0 1 2434 2381 2355
4570 2 2 0 1 2356 2357 2435
4571 2 2 0 1 2434 2356 2435
4572 2 2 0 1 2357 2436 2435
4573 2 2 0 1 2436 2357 2358
4574 2 2 0 1 2436 2358 2437
4575 2 2 0 1 2358 2359 2437
4576 2 2 0 1 2359 2438 2437
4577 2 2 0 1 2359 2360 2438
4578 2 2 0 1 2439 2360 2361
4579 2 2 0 1 2360 2439 2438
4580 2 2 0 1 2362 2440 2361
4581 2 2 0 1 2440 2439 2361
4582 2 2 0 1 2442 2440 2362
4583 2 2 0 1 2442 2362 2368
4584 2 2 0 1 2363 2441 2443
4585 2 2 0 1 2363 2443 2364
4586 2 2 0 1 2364 2443 2444
4587 2 2 0 1 2365 2364 2444
4588 2 2 0 1 2445 2365 2444
4589 2 2 0 1 2445 2366 2365
4590 2 2 0 1 2446 2366 2445
4591 2 2 0 1 2446 2367 2366
4592 2 2 0 1 2367 2447 2368
4593 2 2 0 1 2446 2447 2367
4594 2 2 0 1 2447 2442 2368
4595 2 2 0 1 2369 2371 2448
4596 2 2 0 1 2370 2369 2448
4597 2 2 0 1 2370 2448 2449
4598 2 2 0 1 2450 2370 2449
4599 2 2 0 1 2448 2371 2451
4600 2 2 0 1 2451 2371 2372
4601 2 2 0 1 2452 2451 2372
4602 2 2 0 1 2373 2452 2372
4603 2 2 0 1 2453 2452 2373
4604 2 2 0 1 2374 2453 2373
4605 2 2 0 1 2374 2454 2453
4606 2 2 0 1 2375 2454 2374
4607 2 2 0 1 2455 2454 2375
4608 2 2 0 1 2455 2375 2376
4609 2 2 0 1 2455 2376 2456
4610 2 2 0 1 2376 2377 2456
4611 2 2 0 1 2378 2457 2377
4612 2 2 0 1 2377 2457 2456
4613 2 2 0 1 2458 2378 2379
4614 2 2 0 1 2458 2457 2378
4615 2 2 0 1 2379 2380 2459
4616 2 2 0 1 2458 2379 2459
4617 2 2 0 1 2380 2460 2459
4618 2 2 0 1 2460 2380 2382
4619 2 2 0 1 2434 2461 2381
4620 2 2 0 1 2381 2461 2462
4621 2 2 0 1 2383 2381 2462
4622 2 2 0 1 2460 2382 2463
4623 2 2 0 1 2382 2384 2463
4624 2 2 0 1 2386 2383 2464
4625 2 2 0 1 2464 2383 2462
4626 2 2 0 1 2463 2384 2465
4627 2 2 0 1 2384 2385 2465
4628 2 2 0 1 2465 2385 2466
4629 2 2 0 1 2385 2387 2466
4630 2 2 0 1 2389 2386 2467
4631 2 2 0 1 2467 2386 2464
4632 2 2 0 1 2387 2468 2466
4633 2 2 0 1 2468 2387 2388
4634 2 2 0 1 2469 2468 2388
4635 2 2 0 1 2391 2469 2388
4636 2 2 0 1 2389 2467 2470
4637 2 2 0 1 2389 2470 2390
4638 2 2 0 1 2470 2471 2390
4639 2 2 0 1 2471 2391 2390
4640 2 2 0 1 2469 2391 2471
4641 2 2 0 1 2392 2472 2396
4642 2 2 0 1 2392 2393 2472
4643 2 2 0 1 2474 2393 2394
4644 2 2 0 1 2393 2474 2472
4645 2 2 0 1 2475 2474 2394
4646 2 2 0 1 2395 2475 2394
4647 2 2 0 1 2476 2396 2473
4648 2 2 0 1 2396 2472 2473
4649 2 2 0 1 2396 2476 2402
4650 2 2 0 1 2478 2397 2399
4651 2 2 0 1 2397 2478 2398
4652 2 2 0 1 2398 2478 2477
4653 2 2 0 1 2407 2398 2477
4654 2 2 0 1 2400 2479 2399
4655 2 2 0 1 2479 2478 2399
4656 2 2 0 1 2401 2480 2400
4657 2 2 0 1 2480 2479 2400
4658 2 2 0 1 2481 2480 2401
4659 2 2 0 1 2402 2481 2401
4660 2 2 0 1 2476 2481 2402
4661 2 2 0 1 2482 2403 2404
4662 2 2 0 1 2482 2408 2403
4663 2 2 0 1 2483 2482 2404
4664 2 2 0 1 2483 2404 2405
4665 2 2 0 1 2484 2483 2405
4666 2 2 0 1 2406 2484 2405
4667 2 2 0 1 2406 2407 2484
4668 2 2 0 1 2485 2407 2477
4669 2 2 0 1 2407 2485 2484
4670 2 2 0 1 2408 2486 2409
4671 2 2 0 1 2482 2486 2408
4672 2 2 0 1 2409 2487 2411
4673 2 2 0 1 2409 2486 2487
4674 2 2 0 1 2412 2488 2410
4675 2 2 0 1 2410 2488 2419
4676 2 2 0 1 2411 2487 2489
4677 2 2 0 1 2415 2411 2489
4678 2 2 0 1 2490 2488 2412
4679 2 2 0 1 2490 2412 2413
4680 2 2 0 1 2413 2414 2491
4681 2 2 0 1 2490 2413 2491
4682 2 2 0 1 2414 2417 2492
4683 2 2 0 1 2491 2414 2492
4684 2 2 0 1 2415 2493 2416
4685 2 2 0 1 2493 2415 2489
4686 2 2 0 1 2494 2418 2416
4687 2 2 0 1 2493 2494 2416
4688 2 2 0 1 2418 2495 2417
4689 2 2 0 1 2417 2495 2492
4690 2 2 0 1 2494 2495 2418
4691 2 2 0 1 2420 2419 2496
4692 2 2 0 1 2419 2488 2496
4693 2 2 0 1 2497 2420 2496
4694 2 2 0 1 2497 2421 2420
4695 2 2 0 1 2498 2421 2497
4696 2 2 0 1 2498 2425 2421
4697 2 2 0 1 2422 2499 2423
4698 2 2 0 1 2431 2499 2422
4699 2 2 0 1 2499 2500 2423
4700 2 2 0 1 2500 2424 2423
4701 2 2 0 1 2432 2424 2433
4702 2 2 0 1 2424 2500 2433
4703 2 2 0 1 2498 2501 2425
4704 2 2 0 1 2425 2501 2426
4705 2 2 0 1 2501 2502 2426
4706 2 2 0 1 2502 2427 2426
4707 2 2 0 1 2427 2502 2429
4708 2 2 0 1 2428 2504 2431
4709 2 2 0 1 2428 2430 2504
4710 2 2 0 1 2429 2502 2503
4711 2 2 0 1 2505 2429 2503
4712 2 2 0 1 2505 2430 2429
4713 2 2 0 1 2504 2430 2505
4714 2 2 0 1 2431 2504 2506
4715 2 2 0 1 2431 2506 2499
4716 2 2 0 1 2508 2432 2433
4717 2 2 0 1 2509 2508 2433
4718 2 2 0 1 2509 2433 2507
4719 2 2 0 1 2433 2500 2507
4720 2 2 0 1 2510 2434 2435
4721 2 2 0 1 2510 2461 2434
4722 2 2 0 1 2511 2510 2435
4723 2 2 0 1 2436 2511 2435
4724 2 2 0 1 2512 2436 2437
4725 2 2 0 1 2512 2511 2436
4726 2 2 0 1 2512 2437 2513
4727 2 2 0 1 2437 2438 2513
4728 2 2 0 1 2438 2514 2513
4729 2 2 0 1 2438 2439 2514
4730 2 2 0 1 2440 2515 2439
4731 2 2 0 1 2439 2515 2514
4732 2 2 0 1 2516 2515 2440
4733 2 2 0 1 2516 2440 2442
4734 2 2 0 1 2443 2441 2518
4735 2 2 0 1 2441 2517 2518
4736 2 2 0 1 2516 2442 2519
4737 2 2 0 1 2519 2442 2447
4738 2 2 0 1 2443 2520 2444
4739 2 2 0 1 2520 2443 2518
4740 2 2 0 1 2520 2445 2444
4741 2 2 0 1 2521 2446 2445
4742 2 2 0 1 2520 2521 2445
4743 2 2 0 1 2522 2447 2446
4744 2 2 0 1 2522 2446 2521
4745 2 2 0 1 2519 2447 2522
4746 2 2 0 1 2448 2524 2449
4747 2 2 0 1 2524 2448 2451
4748 2 2 0 1 2525 2450 2449
4749 2 2 0 1 2524 2525 2449
4750 2 2 0 1 2452 2527 2451
4751 2 2 0 1 2451 2527 2526
4752 2 2 0 1 2524 2451 2526
4753 2 2 0 1 2528 2452 2453
4754 2 2 0 1 2528 2527 2452
4755 2 2 0 1 2529 2528 2453
4756 2 2 0 1 2454 2529 2453
4757 2 2 0 1 2530 2454 2455
4758 2 2 0 1 2530 2529 2454
4759 2 2 0 1 2530 2455 2531
4760 2 2 0 1 2531 2455 2456
4761 2 2 0 1 2457 2532 2456
4762 2 2 0 1 2532 2531 2456
4763 2 2 0 1 2457 2533 2532
4764 2 2 0 1 2458 2533 2457
4765 2 2 0 1 2534 2458 2459
4766 2 2 0 1 2534 2533 2458
4767 2 2 0 1 2535 2534 2459
4768 2 2 0 1 2460 2535 2459
4769 2 2 0 1 2536 2460 2463
4770 2 2 0 1 2536 2535 2460
4771 2 2 0 1 2510 2537 2461
4772 2 2 0 1 2461 2537 2538
4773 2 2 0 1 2461 2538 2462
4774 2 2 0 1 2539 2464 2462
4775 2 2 0 1 2538 2539 2462
4776 2 2 0 1 2540 2463 2465
4777 2 2 0 1 2540 2536 2463
4778 2 2 0 1 2541 2467 2464
4779 2 2 0 1 2541 2464 2539
4780 2 2 0 1 2542 2465 2466
4781 2 2 0 1 2542 2540 2465
4782 2 2 0 1 2468 2543 2466
4783 2 2 0 1 2543 2542 2466
4784 2 2 0 1 2544 2467 2541
4785 2 2 0 1 2470 2467 2544
4786 2 2 0 1 2545 2543 2468
4787 2 2 0 1 2469 2545 2468
4788 2 2 0 1 2546 2469 2471
4789 2 2 0 1 2546 2545 2469
4790 2 2 0 1 2470 2544 2547
4791 2 2 0 1 2470 2547 2471
4792 2 2 0 1 2547 2546 2471
4793 2 2 0 1 2472 2474 2549
4794 2 2 0 1 2472 2549 2473
4795 2 2 0 1 2549 2548 2473
4796 2 2 0 1 2548 2476 2473
4797 2 2 0 1 2474 2551 2550
4798 2 2 0 1 2475 2551 2474
4799 2 2 0 1 2549 2474 2550
4800 2 2 0 1 2552 2481 2476
4801 2 2 0 1 2552 2476 2548
4802 2 2 0 1 2478 2553 2477
4803 2 2 0 1 2553 2485 2477
4804 2 2 0 1 2554 2478 2479
4805 2 2 0 1 2554 2553 2478
4806 2 2 0 1 2555 2554 2479
4807 2 2 0 1 2555 2479 2480
4808 2 2 0 1 2556 2555 2480
4809 2 2 0 1 2481 2556 2480
4810 2 2 0 1 2552 2556 2481
4811 2 2 0 1 2557 2482 2483
4812 2 2 0 1 2557 2486 2482
4813 2 2 0 1 2483 2484 2558
4814 2 2 0 1 2557 2483 2558
4815 2 2 0 1 2484 2559 2558
4816 2 2 0 1 2485 2559 2484
4817 2 2 0 1 2553 2560 2485
4818 2 2 0 1 2485 2560 2559
4819 2 2 0 1 2486 2561 2487
4820 2 2 0 1 2557 2561 2486
4821 2 2 0 1 2487 2562 2489
4822 2 2 0 1 2561 2562 2487
4823 2 2 0 1 2488 2563 2496
4824 2 2 0 1 2490 2563 2488
4825 2 2 0 1 2489 2562 2564
4826 2 2 0 1 2493 2489 2564
4827 2 2 0 1 2565 2490 2491
4828 2 2 0 1 2565 2563 2490
4829 2 2 0 1 2566 2565 2491
4830 2 2 0 1 2566 2491 2492
4831 2 2 0 1 2567 2566 2492
4832 2 2 0 1 2495 2567 2492
4833 2 2 0 1 2568 2494 2493
4834 2 2 0 1 2568 2493 2564
4835 2 2 0 1 2494 2569 2495
4836 2 2 0 1 2568 2569 2494
4837 2 2 0 1 2495 2569 2567
4838 2 2 0 1 2497 2496 2570
4839 2 2 0 1 2496 2563 2570
4840 2 2 0 1 2498 2497 2571
4841 2 2 0 1 2497 2570 2571
4842 2 2 0 1 2572 2498 2571
4843 2 2 0 1 2572 2501 2498
4844 2 2 0 1 2499 2506 2573
4845 2 2 0 1 2499 2573 2500
4846 2 2 0 1 2573 2574 2500
4847 2 2 0 1 2500 2574 2507
4848 2 2 0 1 2575 2501 2572
4849 2 2 0 1 2575 2502 2501
4850 2 2 0 1 2502 2576 2503
4851 2 2 0 1 2575 2576 2502
4852 2 2 0 1 2576 2577 2503
4853 2 2 0 1 2577 2505 2503
4854 2 2 0 1 2506 2504 2578
4855 2 2 0 1 2504 2505 2578
4856 2 2 0 1 2578 2505 2577
4857 2 2 0 1 2573 2506 2579
4858 2 2 0 1 2579 2506 2578
4859 2 2 0 1 2580 2509 2507
4860 2 2 0 1 2574 2580 2507
4861 2 2 0 1 2581 2508 2509
4862 2 2 0 1 2581 2509 2582
4863 2 2 0 1 2582 2509 2580
4864 2 2 0 1 2583 2537 2510
4865 2 2 0 1 2583 2510 2511
4866 2 2 0 1 2512 2584 2511
4867 2 2 0 1 2584 2583 2511
4868 2 2 0 1 2585 2512 2513
4869 2 2 0 1 2585 2584 2512
4870 2 2 0 1 2586 2585 2513
4871 2 2 0 1 2514 2586 2513
4872 2 2 0 1 2587 2586 2514
4873 2 2 0 1 2515 2587 2514
4874 2 2 0 1 2589 2587 2515
4875 2 2 0 1 2589 2515 2516
4876 2 2 0 1 2589 2516 2590
4877 2 2 0 1 2516 2519 2590
4878 2 2 0 1 2517 2523 2591
4879 2 2 0 1 2517 2591 2518
4880 2 2 0 1 2591 2592 2518
4881 2 2 0 1 2592 2520 2518
4882 2 2 0 1 2519 2593 2590
4883 2 2 0 1 2519 2522 2593
4884 2 2 0 1 2594 2521 2520
4885 2 2 0 1 2594 2520 2592
4886 2 2 0 1 2595 2521 2594
4887 2 2 0 1 2522 2521 2595
4888 2 2 0 1 2522 2595 2593
4889 2 2 0 1 2523 2588 2596
4890 2 2 0 1 2591 2523 2596
4891 2 2 0 1 2598 2525 2524
4892 2 2 0 1 2597 2524 2526
4893 2 2 0 1 2597 2598 2524
4894 2 2 0 1 2527 2599 2526
4895 2 2 0 1 2599 2597 2526
4896 2 2 0 1 2528 2600 2527
4897 2 2 0 1 2527 2600 2599
4898 2 2 0 1 2528 2601 2600
4899 2 2 0 1 2529 2601 2528
4900 2 2 0 1 2530 2602 2529
4901 2 2 0 1 2529 2602 2601
4902 2 2 0 1 2603 2602 2530
4903 2 2 0 1 2603 2530 2531
4904 2 2 0 1 2531 2532 2604
4905 2 2 0 1 2603 2531 2604
4906 2 2 0 1 2532 2533 2605
4907 2 2 0 1 2604 2532 2605
4908 2 2 0 1 2533 2606 2605
4909 2 2 0 1 2534 2606 2533
4910 2 2 0 1 2607 2606 2534
4911 2 2 0 1 2607 2534 2535
4912 2 2 0 1 2608 2535 2536
4913 2 2 0 1 2607 2535 2608
4914 2 2 0 1 2609 2536 2540
4915 2 2 0 1 2608 2536 2609
4916 2 2 0 1 2610 2537 2583
4917 2 2 0 1 2610 2611 2537
4918 2 2 0 1 2537 2611 2538
4919 2 2 0 1 2538 2611 2612
4920 2 2 0 1 2539 2538 2612
4921 2 2 0 1 2541 2539 2613
4922 2 2 0 1 2613 2539 2612
4923 2 2 0 1 2609 2540 2614
4924 2 2 0 1 2614 2540 2542
4925 2 2 0 1 2541 2613 2615
4926 2 2 0 1 2544 2541 2615
4927 2 2 0 1 2614 2542 2616
4928 2 2 0 1 2616 2542 2543
4929 2 2 0 1 2545 2617 2543
4930 2 2 0 1 2617 2616 2543
4931 2 2 0 1 2618 2544 2615
4932 2 2 0 1 2547 2544 2618
4933 2 2 0 1 2619 2545 2546
4934 2 2 0 1 2619 2617 2545
4935 2 2 0 1 2546 2547 2620
4936 2 2 0 1 2619 2546 2620
4937 2 2 0 1 2547 2618 2620
4938 2 2 0 1 2621 2548 2622
4939 2 2 0 1 2548 2623 2622
4940 2 2 0 1 2621 2552 2548
4941 2 2 0 1 2549 2623 2548
4942 2 2 0 1 2623 2549 2550
4943 2 2 0 1 2624 2623 2550
4944 2 2 0 1 2551 2624 2550
4945 2 2 0 1 2625 2556 2552
4946 2 2 0 1 2625 2552 2621
4947 2 2 0 1 2626 2560 2553
4948 2 2 0 1 2626 2553 2554
4949 2 2 0 1 2626 2554 2627
4950 2 2 0 1 2627 2554 2555
4951 2 2 0 1 2627 2555 2628
4952 2 2 0 1 2628 2555 2556
4953 2 2 0 1 2628 2556 2625
4954 2 2 0 1 2629 2561 2557
4955 2 2 0 1 2629 2557 2558
4956 2 2 0 1 2559 2630 2558
4957 2 2 0 1 2630 2629 2558
4958 2 2 0 1 2632 2630 2559
4959 2 2 0 1 2560 2632 2559
4960 2 2 0 1 2631 2632 2560
4961 2 2 0 1 2631 2560 2626
4962 2 2 0 1 2561 2633 2562
4963 2 2 0 1 2629 2633 2561
4964 2 2 0 1 2562 2633 2634
4965 2 2 0 1 2564 2562 2634
4966 2 2 0 1 2563 2635 2570
4967 2 2 0 1 2565 2635 2563
4968 2 2 0 1 2636 2568 2564
4969 2 2 0 1 2636 2564 2634
4970 2 2 0 1 2637 2635 2565
4971 2 2 0 1 2637 2565 2566
4972 2 2 0 1 2566 2567 2638
4973 2 2 0 1 2637 2566 2638
4974 2 2 0 1 2638 2567 2639
4975 2 2 0 1 2567 2569 2639
4976 2 2 0 1 2636 2640 2568
4977 2 2 0 1 2568 2640 2569
4978 2 2 0 1 2569 2640 2639
4979 2 2 0 1 2570 2641 2571
4980 2 2 0 1 2635 2641 2570
4981 2 2 0 1 2572 2571 2642
4982 2 2 0 1 2571 2641 2642
4983 2 2 0 1 2572 2642 2643
4984 2 2 0 1 2575 2572 2643
4985 2 2 0 1 2573 2644 2574
4986 2 2 0 1 2573 2579 2644
4987 2 2 0 1 2574 2645 2580
4988 2 2 0 1 2574 2644 2645
4989 2 2 0 1 2646 2576 2575
4990 2 2 0 1 2646 2575 2643
4991 2 2 0 1 2576 2647 2577
4992 2 2 0 1 2646 2647 2576
4993 2 2 0 1 2647 2648 2577
4994 2 2 0 1 2648 2578 2577
4995 2 2 0 1 2579 2578 2649
4996 2 2 0 1 2578 2648 2649
4997 2 2 0 1 2644 2579 2650
4998 2 2 0 1 2650 2579 2649
4999 2 2 0 1 2651 2580 2652
5000 2 2 0 1 2651 2582 2580
5001 2 2 0 1 2580 2645 2652
5002 2 2 0 1 2653 2581 2582
5003 2 2 0 1 2653 2582 2654
5004 2 2 0 1 2654 2582 2651
5005 2 2 0 1 2610 2583 2656
5006 2 2 0 1 2656 2583 2584
5007 2 2 0 1 2656 2584 2657
5008 2 2 0 1 2657 2584 2585
5009 2 2 0 1 2657 2585 2658
5010 2 2 0 1 2658 2585 2586
5011 2 2 0 1 2659 2586 2587
5012 2 2 0 1 2658 2586 2659
5013 2 2 0 1 2659 2587 2660
5014 2 2 0 1 2660 2587 2589
5015 2 2 0 1 2588 2662 2596
5016 2 2 0 1 2588 2661 2663
5017 2 2 0 1 2662 2588 2663
5018 2 2 0 1 2664 2589 2590
5019 2 2 0 1 2660 2589 2664
5020 2 2 0 1 2590 2593 2665
5021 2 2 0 1 2664 2590 2665
5022 2 2 0 1 2592 2591 2666
5023 2 2 0 1 2666 2591 2596
5024 2 2 0 1 2594 2592 2667
5025 2 2 0 1 2592 2666 2667
5026 2 2 0 1 2593 2668 2665
5027 2 2 0 1 2595 2668 2593
5028 2 2 0 1 2594 2667 2669
5029 2 2 0 1 2595 2594 2669
5030 2 2 0 1 2595 2669 2668
5031 2 2 0 1 2662 2670 2596
5032 2 2 0 1 2670 2666 2596
5033 2 2 0 1 2672 2597 2671
5034 2 2 0 1 2671 2597 2599
5035 2 2 0 1 2672 2598 2597
5036 2 2 0 1 2600 2673 2599
5037 2 2 0 1 2673 2671 2599
5038 2 2 0 1 2600 2601 2674
5039 2 2 0 1 2600 2674 2673
5040 2 2 0 1 2601 2602 2675
5041 2 2 0 1 2674 2601 2675
5042 2 2 0 1 2602 2676 2675
5043 2 2 0 1 2603 2676 2602
5044 2 2 0 1 2677 2676 2603
5045 2 2 0 1 2677 2603 2604
5046 2 2 0 1 2678 2604 2605
5047 2 2 0 1 2678 2677 2604
5048 2 2 0 1 2606 2679 2605
5049 2 2 0 1 2679 2678 2605
5050 2 2 0 1 2680 2606 2607
5051 2 2 0 1 2680 2679 2606
5052 2 2 0 1 2680 2607 2681
5053 2 2 0 1 2607 2608 2681
5054 2 2 0 1 2608 2682 2681
5055 2 2 0 1 2608 2609 2682
5056 2 2 0 1 2682 2609 2684
5057 2 2 0 1 2609 2614 2684
5058 2 2 0 1 2685 2611 2610
5059 2 2 0 1 2610 2656 2683
5060 2 2 0 1 2685 2610 2683
5061 2 2 0 1 2611 2686 2612
5062 2 2 0 1 2685 2686 2611
5063 2 2 0 1 2686 2687 2612
5064 2 2 0 1 2687 2613 2612
5065 2 2 0 1 2613 2687 2688
5066 2 2 0 1 2613 2688 2615
5067 2 2 0 1 2684 2614 2689
5068 2 2 0 1 2614 2616 2689
5069 2 2 0 1 2688 2690 2615
5070 2 2 0 1 2690 2618 2615
5071 2 2 0 1 2617 2691 2616
5072 2 2 0 1 2616 2691 2689
5073 2 2 0 1 2692 2617 2619
5074 2 2 0 1 2692 2691 2617
5075 2 2 0 1 2618 2690 2693
5076 2 2 0 1 2620 2618 2693
5077 2 2 0 1 2692 2619 2694
5078 2 2 0 1 2619 2620 2694
5079 2 2 0 1 2694 2620 2693
5080 2 2 0 1 2696 2621 2697
5081 2 2 0 1 2625 2621 2696
5082 2 2 0 1 2697 2621 2622
5083 2 2 0 1 2623 2698 2622
5084 2 2 0 1 2698 2697 2622
5085 2 2 0 1 2624 2699 2623
5086 2 2 0 1 2623 2699 2698
5087 2 2 0 1 2700 2625 2696
5088 2 2 0 1 2628 2625 2700
5089 2 2 0 1 2631 2626 2701
5090 2 2 0 1 2626 2627 2701
5091 2 2 0 1 2627 2702 2701
5092 2 2 0 1 2627 2628 2702
5093 2 2 0 1 2628 2700 2702
5094 2 2 0 1 2630 2704 2629
5095 2 2 0 1 2629 2704 2633
5096 2 2 0 1 2630 2705 2704
5097 2 2 0 1 2632 2705 2630
5098 2 2 0 1 2631 2706 2632
5099 2 2 0 1 2703 2706 2631
5100 2 2 0 1 2703 2631 2701
5101 2 2 0 1 2632 2706 2705
5102 2 2 0 1 2633 2707 2634
5103 2 2 0 1 2633 2704 2707
5104 2 2 0 1 2708 2636 2634
5105 2 2 0 1 2707 2708 2634
5106 2 2 0 1 2637 2709 2635
5107 2 2 0 1 2635 2709 2641
5108 2 2 0 1 2710 2636 2708
5109 2 2 0 1 2710 2640 2636
5110 2 2 0 1 2711 2637 2638
5111 2 2 0 1 2711 2709 2637
5112 2 2 0 1 2712 2638 2639
5113 2 2 0 1 2712 2711 2638
5114 2 2 0 1 2713 2712 2639
5115 2 2 0 1 2640 2713 2639
5116 2 2 0 1 2710 2713 2640
5117 2 2 0 1 2641 2714 2642
5118 2 2 0 1 2641 2709 2714
5119 2 2 0 1 2714 2715 2642
5120 2 2 0 1 2642 2715 2643
5121 2 2 0 1 2716 2646 2643
5122 2 2 0 1 2715 2716 2643
5123 2 2 0 1 2717 2644 2650
5124 2 2 0 1 2645 2644 2717
5125 2 2 0 1 2645 2717 2652
5126 2 2 0 1 2718 2647 2646
5127 2 2 0 1 2718 2646 2716
5128 2 2 0 1 2647 2719 2648
5129 2 2 0 1 2718 2719 2647
5130 2 2 0 1 2648 2719 2720
5131 2 2 0 1 2648 2720 2649
5132 2 2 0 1 2720 2650 2649
5133 2 2 0 1 2650 2720 2721
5134 2 2 0 1 2717 2650 2721
5135 2 2 0 1 2722 2651 2652
5136 2 2 0 1 2651 2722 2655
5137 2 2 0 1 2654 2651 2655
5138 2 2 0 1 2723 2722 2652
5139 2 2 0 1 2717 2723 2652
5140 2 2 0 1 2724 2653 2654
5141 2 2 0 1 2726 2654 2655
5142 2 2 0 1 2726 2724 2654
5143 2 2 0 1 2722 2725 2655
5144 2 2 0 1 2725 2726 2655
5145 2 2 0 1 2656 2657 2727
5146 2 2 0 1 2656 2727 2683
5147 2 2 0 1 2727 2657 2728
5148 2 2 0 1 2657 2658 2728
5149 2 2 0 1 2658 2659 2729
5150 2 2 0 1 2728 2658 2729
5151 2 2 0 1 2659 2730 2729
5152 2 2 0 1 2659 2660 2730
5153 2 2 0 1 2731 2660 2664
5154 2 2 0 1 2730 2660 2731
5155 2 2 0 1 2661 2732 2733
5156 2 2 0 1 2661 2733 2663
5157 2 2 0 1 2734 2670 2662
5158 2 2 0 1 2734 2662 2663
5159 2 2 0 1 2733 2734 2663
5160 2 2 0 1 2735 2731 2664
5161 2 2 0 1 2735 2664 2665
5162 2 2 0 1 2668 2736 2665
5163 2 2 0 1 2736 2735 2665
5164 2 2 0 1 2670 2737 2666
5165 2 2 0 1 2666 2737 2667
5166 2 2 0 1 2667 2738 2669
5167 2 2 0 1 2737 2738 2667
5168 2 2 0 1 2668 2739 2736
5169 2 2 0 1 2669 2739 2668
5170 2 2 0 1 2738 2739 2669
5171 2 2 0 1 2740 2737 2670
5172 2 2 0 1 2740 2670 2734
5173 2 2 0 1 2741 2742 2671
5174 2 2 0 1 2741 2671 2673
5175 2 2 0 1 2742 2672 2671
5176 2 2 0 1 2674 2743 2673
5177 2 2 0 1 2743 2741 2673
5178 2 2 0 1 2744 2674 2675
5179 2 2 0 1 2674 2744 2743
5180 2 2 0 1 2676 2745 2675
5181 2 2 0 1 2745 2744 2675
5182 2 2 0 1 2676 2746 2745
5183 2 2 0 1 2677 2746 2676
5184 2 2 0 1 2678 2748 2677
5185 2 2 0 1 2677 2748 2746
5186 2 2 0 1 2678 2749 2748
5187 2 2 0 1 2679 2749 2678
5188 2 2 0 1 2750 2749 2679
5189 2 2 0 1 2750 2679 2680
5190 2 2 0 1 2751 2680 2681
5191 2 2 0 1 2750 2680 2751
5192 2 2 0 1 2752 2751 2681
5193 2 2 0 1 2682 2752 2681
5194 2 2 0 1 2682 2753 2752
5195 2 2 0 1 2753 2682 2684
5196 2 2 0 1 2685 2683 2754
5197 2 2 0 1 2754 2683 2747
5198 2 2 0 1 2683 2727 2747
5199 2 2 0 1 2755 2684 2689
5200 2 2 0 1 2755 2753 2684
5201 2 2 0 1 2756 2686 2685
5202 2 2 0 1 2756 2685 2754
5203 2 2 0 1 2686 2757 2687
5204 2 2 0 1 2756 2757 2686
5205 2 2 0 1 2687 2757 2758
5206 2 2 0 1 2687 2758 2688
5207 2 2 0 1 2759 2690 2688
5208 2 2 0 1 2758 2759 2688
5209 2 2 0 1 2691 2760 2689
5210 2 2 0 1 2760 2755 2689
5211 2 2 0 1 2690 2761 2693
5212 2 2 0 1 2759 2761 2690
5213 2 2 0 1 2762 2691 2692
5214 2 2 0 1 2762 2760 2691
5215 2 2 0 1 2763 2692 2694
5216 2 2 0 1 2762 2692 2763
5217 2 2 0 1 2761 2764 2693
5218 2 2 0 1 2764 2694 2693
5219 2 2 0 1 2764 2763 2694
5220 2 2 0 1 2700 2696 2695
5221 2 2 0 1 2765 2700 2695
5222 2 2 0 1 2766 2765 2695
5223 2 2 0 1 2696 2766 2695
5224 2 2 0 1 2767 2696 2697
5225 2 2 0 1 2766 2696 2767
5226 2 2 0 1 2768 2767 2697
5227 2 2 0 1 2698 2768 2697
5228 2 2 0 1 2769 2768 2698
5229 2 2 0 1 2699 2769 2698
5230 2 2 0 1 2702 2700 2770
5231 2 2 0 1 2700 2765 2770
5232 2 2 0 1 2702 2771 2701
5233 2 2 0 1 2771 2703 2701
5234 2 2 0 1 2771 2702 2770
5235 2 2 0 1 2703 2773 2706
5236 2 2 0 1 2772 2703 2771
5237 2 2 0 1 2772 2773 2703
5238 2 2 0 1 2704 2774 2707
5239 2 2 0 1 2704 2705 2774
5240 2 2 0 1 2705 2706 2775
5241 2 2 0 1 2774 2705 2775
5242 2 2 0 1 2706 2773 2775
5243 2 2 0 1 2708 2707 2776
5244 2 2 0 1 2707 2774 2776
5245 2 2 0 1 2708 2776 2777
5246 2 2 0 1 2710 2708 2777
5247 2 2 0 1 2711 2778 2709
5248 2 2 0 1 2709 2778 2714
5249 2 2 0 1 2779 2713 2710
5250 2 2 0 1 2779 2710 2777
5251 2 2 0 1 2780 2778 2711
5252 2 2 0 1 2780 2711 2712
5253 2 2 0 1 2780 2712 2781
5254 2 2 0 1 2781 2712 2713
5255 2 2 0 1 2781 2713 2779
5256 2 2 0 1 2782 2715 2714
5257 2 2 0 1 2778 2782 2714
5258 2 2 0 1 2782 2783 2715
5259 2 2 0 1 2715 2783 2716
5260 2 2 0 1 2783 2784 2716
5261 2 2 0 1 2784 2718 2716
5262 2 2 0 1 2717 2785 2723
5263 2 2 0 1 2785 2717 2721
5264 2 2 0 1 2718 2786 2719
5265 2 2 0 1 2784 2786 2718
5266 2 2 0 1 2719 2786 2787
5267 2 2 0 1 2720 2719 2787
5268 2 2 0 1 2720 2787 2721
5269 2 2 0 1 2785 2721 2788
5270 2 2 0 1 2721 2787 2788
5271 2 2 0 1 2789 2722 2723
5272 2 2 0 1 2789 2725 2722
5273 2 2 0 1 2790 2789 2723
5274 2 2 0 1 2785 2790 2723
5275 2 2 0 1 2792 2724 2726
5276 2 2 0 1 2793 2725 2791
5277 2 2 0 1 2791 2725 2789
5278 2 2 0 1 2793 2726 2725
5279 2 2 0 1 2792 2726 2793
5280 2 2 0 1 2727 2796 2747
5281 2 2 0 1 2727 2728 2796
5282 2 2 0 1 2797 2728 2729
5283 2 2 0 1 2728 2797 2796
5284 2 2 0 1 2730 2799 2729
5285 2 2 0 1 2799 2797 2729
5286 2 2 0 1 2730 2731 2804
5287 2 2 0 1 2730 2804 2799
5288 2 2 0 1 2804 2731 2805
5289 2 2 0 1 2805 2731 2735
5290 2 2 0 1 2732 2800 2806
5291 2 2 0 1 2733 2732 2806
5292 2 2 0 1 2733 2806 2807
5293 2 2 0 1 2734 2733 2807
5294 2 2 0 1 2740 2734 2808
5295 2 2 0 1 2734 2807 2808
5296 2 2 0 1 2805 2735 2809
5297 2 2 0 1 2735 2736 2809
5298 2 2 0 1 2736 2810 2809
5299 2 2 0 1 2736 2739 2810
5300 2 2 0 1 2811 2737 2740
5301 2 2 0 1 2811 2738 2737
5302 2 2 0 1 2738 2812 2739
5303 2 2 0 1 2811 2812 2738
5304 2 2 0 1 2739 2812 2810
5305 2 2 0 1 2811 2740 2813
5306 2 2 0 1 2813 2740 2808
5307 2 2 0 1 2814 2741 2743
5308 2 2 0 1 2815 2742 2741
5309 2 2 0 1 2815 2741 2814
5310 2 2 0 1 2744 2816 2743
5311 2 2 0 1 2816 2814 2743
5312 2 2 0 1 2745 2817 2744
5313 2 2 0 1 2744 2817 2816
5314 2 2 0 1 2745 2818 2817
5315 2 2 0 1 2745 2746 2818
5316 2 2 0 1 2746 2748 2819
5317 2 2 0 1 2818 2746 2819
5318 2 2 0 1 2796 2820 2747
5319 2 2 0 1 2821 2754 2747
5320 2 2 0 1 2820 2821 2747
5321 2 2 0 1 2748 2749 2822
5322 2 2 0 1 2819 2748 2822
5323 2 2 0 1 2749 2823 2822
5324 2 2 0 1 2750 2823 2749
5325 2 2 0 1 2824 2750 2751
5326 2 2 0 1 2824 2823 2750
5327 2 2 0 1 2825 2751 2752
5328 2 2 0 1 2825 2824 2751
5329 2 2 0 1 2826 2825 2752
5330 2 2 0 1 2753 2826 2752
5331 2 2 0 1 2753 2827 2826
5332 2 2 0 1 2755 2827 2753
5333 2 2 0 1 2828 2754 2821
5334 2 2 0 1 2828 2756 2754
5335 2 2 0 1 2755 2829 2827
5336 2 2 0 1 2760 2829 2755
5337 2 2 0 1 2830 2756 2828
5338 2 2 0 1 2830 2757 2756
5339 2 2 0 1 2757 2831 2758
5340 2 2 0 1 2830 2831 2757
5341 2 2 0 1 2831 2832 2758
5342 2 2 0 1 2832 2759 2758
5343 2 2 0 1 2759 2833 2761
5344 2 2 0 1 2832 2833 2759
5345 2 2 0 1 2760 2834 2829
5346 2 2 0 1 2762 2834 2760
5347 2 2 0 1 2835 2764 2761
5348 2 2 0 1 2833 2835 2761
5349 2 2 0 1 2836 2762 2763
5350 2 2 0 1 2836 2834 2762
5351 2 2 0 1 2837 2836 2763
5352 2 2 0 1 2764 2837 2763
5353 2 2 0 1 2835 2837 2764
5354 2 2 0 1 2839 2838 2765
5355 2 2 0 1 2765 2838 2770
5356 2 2 0 1 2839 2765 2766
5357 2 2 0 1 2839 2766 2840
5358 2 2 0 1 2840 2766 2767
5359 2 2 0 1 2841 2840 2767
5360 2 2 0 1 2768 2841 2767
5361 2 2 0 1 2768 2842 2841
5362 2 2 0 1 2769 2842 2768
5363 2 2 0 1 2771 2770 2843
5364 2 2 0 1 2770 2838 2843
5365 2 2 0 1 2771 2843 2844
5366 2 2 0 1 2772 2771 2844
5367 2 2 0 1 2846 2848 2772
5368 2 2 0 1 2772 2848 2773
5369 2 2 0 1 2846 2772 2844
5370 2 2 0 1 2773 2847 2775
5371 2 2 0 1 2773 2848 2847
5372 2 2 0 1 2849 2774 2775
5373 2 2 0 1 2776 2774 2849
5374 2 2 0 1 2847 2849 2775
5375 2 2 0 1 2777 2776 2850
5376 2 2 0 1 2776 2849 2850
5377 2 2 0 1 2851 2779 2777
5378 2 2 0 1 2851 2777 2850
5379 2 2 0 1 2852 2782 2778
5380 2 2 0 1 2852 2778 2780
5381 2 2 0 1 2781 2779 2853
5382 2 2 0 1 2853 2779 2851
5383 2 2 0 1 2852 2780 2854
5384 2 2 0 1 2780 2781 2854
5385 2 2 0 1 2781 2853 2854
5386 2 2 0 1 2855 2783 2782
5387 2 2 0 1 2855 2782 2852
5388 2 2 0 1 2856 2784 2783
5389 2 2 0 1 2856 2783 2855
5390 2 2 0 1 2857 2784 2856
5391 2 2 0 1 2857 2786 2784
5392 2 2 0 1 2858 2785 2788
5393 2 2 0 1 2858 2790 2785
5394 2 2 0 1 2857 2859 2786
5395 2 2 0 1 2786 2859 2787
5396 2 2 0 1 2787 2860 2788
5397 2 2 0 1 2859 2860 2787
5398 2 2 0 1 2860 2858 2788
5399 2 2 0 1 2791 2789 2861
5400 2 2 0 1 2861 2789 2790
5401 2 2 0 1 2861 2790 2862
5402 2 2 0 1 2862 2790 2858
5403 2 2 0 1 2791 2861 2863
5404 2 2 0 1 2793 2791 2864
5405 2 2 0 1 2791 2863 2864
5406 2 2 0 1 2792 2793 2866
5407 2 2 0 1 2792 2866 2865
5408 2 2 0 1 2794 2792 2865
5409 2 2 0 1 2866 2793 2864
5410 2 2 0 1 2867 2794 2865
5411 2 2 0 1 2795 2794 2867
5412 2 2 0 1 2795 2867 2869
5413 2 2 0 1 2870 2795 2869
5414 2 2 0 1 2797 2875 2796
5415 2 2 0 1 2875 2820 2796
5416 2 2 0 1 2876 2875 2797
5417 2 2 0 1 2876 2797 2799
5418 2 2 0 1 2877 2798 2874
5419 2 2 0 1 2803 2798 2877
5420 2 2 0 1 2798 2868 2874
5421 2 2 0 1 2878 2876 2799
5422 2 2 0 1 2804 2878 2799
5423 2 2 0 1 2800 2801 2879
5424 2 2 0 1 2800 2879 2806
5425 2 2 0 1 2801 2880 2879
5426 2 2 0 1 2801 2802 2880
5427 2 2 0 1 2880 2802 2881
5428 2 2 0 1 2802 2803 2881
5429 2 2 0 1 2803 2877 2881
5430 2 2 0 1 2804 2805 2883
5431 2 2 0 1 2804 2883 2878
5432 2 2 0 1 2883 2805 2884
5433 2 2 0 1 2884 2805 2809
5434 2 2 0 1 2885 2806 2882
5435 2 2 0 1 2806 2879 2882
5436 2 2 0 1 2806 2885 2807
5437 2 2 0 1 2885 2886 2807
5438 2 2 0 1 2807 2886 2808
5439 2 2 0 1 2808 2886 2887
5440 2 2 0 1 2813 2808 2887
5441 2 2 0 1 2810 2888 2809
5442 2 2 0 1 2888 2884 2809
5443 2 2 0 1 2889 2888 2810
5444 2 2 0 1 2812 2889 2810
5445 2 2 0 1 2890 2812 2811
5446 2 2 0 1 2890 2811 2813
5447 2 2 0 1 2890 2889 2812
5448 2 2 0 1 2891 2813 2887
5449 2 2 0 1 2891 2890 2813
5450 2 2 0 1 2814 2816 2892
5451 2 2 0 1 2893 2814 2892
5452 2 2 0 1 2893 2815 2814
5453 2 2 0 1 2816 2817 2894
5454 2 2 0 1 2816 2894 2892
5455 2 2 0 1 2817 2818 2895
5456 2 2 0 1 2817 2895 2894
5457 2 2 0 1 2895 2818 2896
5458 2 2 0 1 2896 2818 2819
5459 2 2 0 1 2896 2819 2897
5460 2 2 0 1 2819 2822 2897
5461 2 2 0 1 2820 2898 2899
5462 2 2 0 1 2820 2899 2821
5463 2 2 0 1 2875 2898 2820
5464 2 2 0 1 2900 2828 2821
5465 2 2 0 1 2899 2900 2821
5466 2 2 0 1 2822 2901 2897
5467 2 2 0 1 2823 2901 2822
5468 2 2 0 1 2823 2902 2901
5469 2 2 0 1 2824 2902 2823
5470 2 2 0 1 2903 2902 2824
5471 2 2 0 1 2903 2824 2825
5472 2 2 0 1 2825 2826 2904
5473 2 2 0 1 2903 2825 2904
5474 2 2 0 1 2826 2905 2904
5475 2 2 0 1 2826 2827 2905
5476 2 2 0 1 2827 2906 2905
5477 2 2 0 1 2827 2829 2906
5478 2 2 0 1 2907 2828 2900
5479 2 2 0 1 2830 2828 2907
5480 2 2 0 1 2829 2834 2908
5481 2 2 0 1 2829 2908 2906
5482 2 2 0 1 2909 2830 2907
5483 2 2 0 1 2909 2831 2830
5484 2 2 0 1 2831 2910 2832
5485 2 2 0 1 2909 2910 2831
5486 2 2 0 1 2832 2910 2911
5487 2 2 0 1 2832 2911 2833
5488 2 2 0 1 2833 2911 2912
5489 2 2 0 1 2833 2912 2835
5490 2 2 0 1 2836 2913 2834
5491 2 2 0 1 2834 2913 2908
5492 2 2 0 1 2835 2912 2914
5493 2 2 0 1 2835 2914 2837
5494 2 2 0 1 2836 2915 2913
5495 2 2 0 1 2837 2915 2836
5496 2 2 0 1 2837 2914 2915
5497 2 2 0 1 2843 2838 2845
5498 2 2 0 1 2838 2916 2845
5499 2 2 0 1 2839 2916 2838
5500 2 2 0 1 2917 2839 2840
5501 2 2 0 1 2917 2916 2839
5502 2 2 0 1 2917 2840 2918
5503 2 2 0 1 2841 2919 2840
5504 2 2 0 1 2840 2919 2918
5505 2 2 0 1 2842 2920 2841
5506 2 2 0 1 2920 2919 2841
5507 2 2 0 1 2843 2921 2844
5508 2 2 0 1 2921 2843 2845
5509 2 2 0 1 2921 2846 2844
5510 2 2 0 1 2916 2922 2845
5511 2 2 0 1 2922 2921 2845
5512 2 2 0 1 2924 2925 2846
5513 2 2 0 1 2924 2846 2921
5514 2 2 0 1 2846 2925 2848
5515 2 2 0 1 2847 2848 2926
5516 2 2 0 1 2849 2847 2923
5517 2 2 0 1 2847 2926 2923
5518 2 2 0 1 2848 2925 2926
5519 2 2 0 1 2849 2927 2850
5520 2 2 0 1 2927 2849 2923
5521 2 2 0 1 2928 2851 2850
5522 2 2 0 1 2927 2928 2850
5523 2 2 0 1 2851 2928 2929
5524 2 2 0 1 2853 2851 2929
5525 2 2 0 1 2855 2852 2930
5526 2 2 0 1 2930 2852 2854
5527 2 2 0 1 2854 2853 2931
5528 2 2 0 1 2931 2853 2929
5529 2 2 0 1 2930 2854 2931
5530 2 2 0 1 2855 2930 2932
5531 2 2 0 1 2856 2855 2932
5532 2 2 0 1 2856 2932 2933
5533 2 2 0 1 2857 2856 2933
5534 2 2 0 1 2934 2857 2933
5535 2 2 0 1 2934 2859 2857
5536 2 2 0 1 2862 2858 2935
5537 2 2 0 1 2935 2858 2860
5538 2 2 0 1 2936 2859 2934
5539 2 2 0 1 2936 2860 2859
5540 2 2 0 1 2935 2860 2936
5541 2 2 0 1 2863 2861 2937
5542 2 2 0 1 2861 2862 2937
5543 2 2 0 1 2862 2938 2937
5544 2 2 0 1 2862 2935 2938
5545 2 2 0 1 2940 2863 2939
5546 2 2 0 1 2864 2863 2940
5547 2 2 0 1 2863 2937 2939
5548 2 2 0 1 2941 2864 2940
5549 2 2 0 1 2866 2864 2941
5550 2 2 0 1 2866 2941 2865
5551 2 2 0 1 2941 2867 2865
5552 2 2 0 1 2867 2942 2869
5553 2 2 0 1 2867 2941 2942
5554 2 2 0 1 2868 2943 2874
5555 2 2 0 1 2868 2872 2943
5556 2 2 0 1 2944 2870 2869
5557 2 2 0 1 2942 2944 2869
5558 2 2 0 1 2945 2870 2946
5559 2 2 0 1 2871 2870 2945
5560 2 2 0 1 2946 2870 2944
5561 2 2 0 1 2873 2871 2947
5562 2 2 0 1 2871 2945 2947
5563 2 2 0 1 2943 2872 2948
5564 2 2 0 1 2872 2873 2948
5565 2 2 0 1 2948 2873 2947
5566 2 2 0 1 2877 2874 2950
5567 2 2 0 1 2874 2951 2950
5568 2 2 0 1 2943 2951 2874
5569 2 2 0 1 2952 2875 2876
5570 2 2 0 1 2952 2898 2875
5571 2 2 0 1 2952 2876 2953
5572 2 2 0 1 2876 2878 2953
5573 2 2 0 1 2954 2877 2950
5574 2 2 0 1 2881 2877 2954
5575 2 2 0 1 2878 2883 2955
5576 2 2 0 1 2878 2955 2953
5577 2 2 0 1 2879 2956 2882
5578 2 2 0 1 2879 2880 2956
5579 2 2 0 1 2880 2881 2957
5580 2 2 0 1 2880 2957 2956
5581 2 2 0 1 2881 2954 2957
5582 2 2 0 1 2956 2958 2882
5583 2 2 0 1 2958 2885 2882
5584 2 2 0 1 2883 2959 2955
5585 2 2 0 1 2883 2884 2959
5586 2 2 0 1 2959 2884 2960
5587 2 2 0 1 2960 2884 2888
5588 2 2 0 1 2961 2886 2885
5589 2 2 0 1 2958 2961 2885
5590 2 2 0 1 2961 2962 2886
5591 2 2 0 1 2886 2962 2887
5592 2 2 0 1 2887 2962 2963
5593 2 2 0 1 2891 2887 2963
5594 2 2 0 1 2964 2888 2889
5595 2 2 0 1 2960 2888 2964
5596 2 2 0 1 2964 2889 2965
5597 2 2 0 1 2965 2889 2890
5598 2 2 0 1 2965 2890 2891
5599 2 2 0 1 2965 2891 2966
5600 2 2 0 1 2966 2891 2963
5601 2 2 0 1 2968 2893 2892
5602 2 2 0 1 2894 2967 2892
5603 2 2 0 1 2967 2968 2892
5604 2 2 0 1 2895 2969 2894
5605 2 2 0 1 2969 2967 2894
5606 2 2 0 1 2895 2970 2969
5607 2 2 0 1 2895 2896 2970
5608 2 2 0 1 2971 2896 2897
5609 2 2 0 1 2970 2896 2971
5610 2 2 0 1 2972 2971 2897
5611 2 2 0 1 2901 2972 2897
5612 2 2 0 1 2898 2973 2974
5613 2 2 0 1 2952 2973 2898
5614 2 2 0 1 2898 2974 2899
5615 2 2 0 1 2974 2975 2899
5616 2 2 0 1 2975 2900 2899
5617 2 2 0 1 2976 2907 2900
5618 2 2 0 1 2976 2900 2975
5619 2 2 0 1 2972 2901 2977
5620 2 2 0 1 2901 2902 2977
5621 2 2 0 1 2903 2978 2902
5622 2 2 0 1 2902 2978 2977
5623 2 2 0 1 2979 2903 2904
5624 2 2 0 1 2979 2978 2903
5625 2 2 0 1 2980 2979 2904
5626 2 2 0 1 2905 2980 2904
5627 2 2 0 1 2981 2980 2905
5628 2 2 0 1 2906 2981 2905
5629 2 2 0 1 2982 2981 2906
5630 2 2 0 1 2908 2982 2906
5631 2 2 0 1 2976 2983 2907
5632 2 2 0 1 2983 2909 2907
5633 2 2 0 1 2908 2984 2982
5634 2 2 0 1 2913 2984 2908
5635 2 2 0 1 2983 2985 2909
5636 2 2 0 1 2909 2985 2910
5637 2 2 0 1 2910 2985 2986
5638 2 2 0 1 2911 2910 2986
5639 2 2 0 1 2987 2911 2986
5640 2 2 0 1 2912 2911 2987
5641 2 2 0 1 2914 2912 2988
5642 2 2 0 1 2912 2987 2988
5643 2 2 0 1 2913 2915 2989
5644 2 2 0 1 2913 2989 2984
5645 2 2 0 1 2915 2914 2990
5646 2 2 0 1 2990 2914 2988
5647 2 2 0 1 2989 2915 2990
5648 2 2 0 1 2917 2992 2916
5649 2 2 0 1 2922 2916 2991
5650 2 2 0 1 2916 2992 2991
5651 2 2 0 1 2993 2917 2918
5652 2 2 0 1 2993 2992 2917
5653 2 2 0 1 2919 2994 2918
5654 2 2 0 1 2994 2993 2918
5655 2 2 0 1 2919 2995 2994
5656 2 2 0 1 2920 2995 2919
5657 2 2 0 1 2996 2921 2922
5658 2 2 0 1 2924 2921 2996
5659 2 2 0 1 2996 2922 2997
5660 2 2 0 1 2997 2922 2991
5661 2 2 0 1 2999 2927 2923
5662 2 2 0 1 2926 2999 2923
5663 2 2 0 1 2924 3000 2925
5664 2 2 0 1 2998 3000 2924
5665 2 2 0 1 2998 2924 2996
5666 2 2 0 1 2925 3001 2926
5667 2 2 0 1 2925 3000 3001
5668 2 2 0 1 3001 2999 2926
5669 2 2 0 1 3002 2928 2927
5670 2 2 0 1 3002 2927 2999
5671 2 2 0 1 3002 3003 2928
5672 2 2 0 1 2928 3003 2929
5673 2 2 0 1 3003 3004 2929
5674 2 2 0 1 3004 2931 2929
5675 2 2 0 1 2932 2930 3005
5676 2 2 0 1 2930 2931 3005
5677 2 2 0 1 2931 3004 3005
5678 2 2 0 1 2933 2932 3006
5679 2 2 0 1 2932 3005 3006
5680 2 2 0 1 3007 2934 2933
5681 2 2 0 1 3007 2933 3006
5682 2 2 0 1 3008 2934 3007
5683 2 2 0 1 2936 2934 3008
5684 2 2 0 1 2938 2935 3009
5685 2 2 0 1 2935 2936 3009
5686 2 2 0 1 2936 3008 3009
5687 2 2 0 1 2937 3010 2939
5688 2 2 0 1 2938 3010 2937
5689 2 2 0 1 2938 3009 3011
5690 2 2 0 1 3010 2938 3011
5691 2 2 0 1 3012 2940 2939
5692 2 2 0 1 3010 3012 2939
5693 2 2 0 1 3012 3013 2940
5694 2 2 0 1 3013 2941 2940
5695 2 2 0 1 2941 3014 2942
5696 2 2 0 1 3013 3014 2941
5697 2 2 0 1 3014 3015 2942
5698 2 2 0 1 3015 2944 2942
5699 2 2 0 1 2943 3016 2951
5700 2 2 0 1 2943 2948 3016
5701 2 2 0 1 3017 2946 2944
5702 2 2 0 1 3017 2944 3015
5703 2 2 0 1 2947 2945 2949
5704 2 2 0 1 2945 2946 3018
5705 2 2 0 1 2945 3018 2949
5706 2 2 0 1 3018 2946 3019
5707 2 2 0 1 3019 2946 3017
5708 2 2 0 1 3020 2947 2949
5709 2 2 0 1 2948 2947 3020
5710 2 2 0 1 3016 2948 3020
5711 2 2 0 1 3021 3020 2949
5712 2 2 0 1 3018 3021 2949
5713 2 2 0 1 2951 3022 2950
5714 2 2 0 1 3022 2954 2950
5715 2 2 0 1 2951 3023 3022
5716 2 2 0 1 2951 3016 3023
5717 2 2 0 1 3024 2952 2953
5718 2 2 0 1 3024 2973 2952
5719 2 2 0 1 3024 2953 3025
5720 2 2 0 1 2953 2955 3025
5721 2 2 0 1 2954 3026 2957
5722 2 2 0 1 3022 3027 2954
5723 2 2 0 1 3027 3026 2954
5724 2 2 0 1 2959 3028 2955
5725 2 2 0 1 2955 3028 3025
5726 2 2 0 1 3029 2958 2956
5727 2 2 0 1 2957 3029 2956
5728 2 2 0 1 3026 3029 2957
5729 2 2 0 1 3031 2961 2958
5730 2 2 0 1 3031 2958 3029
5731 2 2 0 1 2959 2960 3032
5732 2 2 0 1 2959 3032 3028
5733 2 2 0 1 2960 2964 3033
5734 2 2 0 1 3032 2960 3033
5735 2 2 0 1 3031 3034 2961
5736 2 2 0 1 2961 3034 2962
5737 2 2 0 1 2962 3034 3035
5738 2 2 0 1 2962 3035 2963
5739 2 2 0 1 2966 2963 3036
5740 2 2 0 1 2963 3035 3036
5741 2 2 0 1 2964 2965 3037
5742 2 2 0 1 2964 3037 3033
5743 2 2 0 1 2965 2966 3037
5744 2 2 0 1 2966 3036 3038
5745 2 2 0 1 3037 2966 3038
5746 2 2 0 1 3040 2968 2967
5747 2 2 0 1 3040 2967 3039
5748 2 2 0 1 3039 2967 2969
5749 2 2 0 1 3041 3039 2969
5750 2 2 0 1 2970 3041 2969
5751 2 2 0 1 2970 3042 3041
5752 2 2 0 1 3042 2970 2971
5753 2 2 0 1 3043 3042 2971
5754 2 2 0 1 2972 3043 2971
5755 2 2 0 1 3044 3043 2972
5756 2 2 0 1 3044 2972 2977
5757 2 2 0 1 2974 2973 3046
5758 2 2 0 1 2973 3045 3046
5759 2 2 0 1 3024 3045 2973
5760 2 2 0 1 2974 3047 2975
5761 2 2 0 1 3047 2974 3046
5762 2 2 0 1 3047 3048 2975
5763 2 2 0 1 3048 2976 2975
5764 2 2 0 1 3049 2976 3048
5765 2 2 0 1 3049 2983 2976
5766 2 2 0 1 2978 3050 2977
5767 2 2 0 1 3050 3044 2977
5768 2 2 0 1 2978 3051 3050
5769 2 2 0 1 2979 3051 2978
5770 2 2 0 1 3052 3051 2979
5771 2 2 0 1 3052 2979 2980
5772 2 2 0 1 2981 3053 2980
5773 2 2 0 1 3053 3052 2980
5774 2 2 0 1 3054 2981 2982
5775 2 2 0 1 3054 3053 2981
5776 2 2 0 1 3055 3054 2982
5777 2 2 0 1 2984 3055 2982
5778 2 2 0 1 2983 3056 2985
5779 2 2 0 1 3049 3056 2983
5780 2 2 0 1 2984 2989 3057
5781 2 2 0 1 2984 3057 3055
5782 2 2 0 1 2985 3056 3058
5783 2 2 0 1 2985 3058 2986
5784 2 2 0 1 2986 3058 3059
5785 2 2 0 1 2987 2986 3059
5786 2 2 0 1 2988 2987 3060
5787 2 2 0 1 2987 3059 3060
5788 2 2 0 1 3061 2988 3060
5789 2 2 0 1 2990 2988 3061
5790 2 2 0 1 3057 2989 3062
5791 2 2 0 1 3062 2989 2990
5792 2 2 0 1 3062 2990 3061
5793 2 2 0 1 2992 3063 2991
5794 2 2 0 1 3063 2997 2991
5795 2 2 0 1 2992 3064 3063
5796 2 2 0 1 2993 3064 2992
5797 2 2 0 1 3065 3064 2993
5798 2 2 0 1 3065 2993 2994
5799 2 2 0 1 3066 3065 2994
5800 2 2 0 1 2995 3066 2994
5801 2 2 0 1 2998 2996 3068
5802 2 2 0 1 3068 2996 2997
5803 2 2 0 1 2997 3063 3067
5804 2 2 0 1 3068 2997 3067
5805 2 2 0 1 3071 2998 3068
5806 2 2 0 1 3071 3070 2998
5807 2 2 0 1 2998 3070 3000
5808 2 2 0 1 3072 3002 2999
5809 2 2 0 1 3001 3072 2999
5810 2 2 0 1 3000 3070 3073
5811 2 2 0 1 3001 3000 3073
5812 2 2 0 1 3072 3001 3073
5813 2 2 0 1 3074 3003 3002
5814 2 2 0 1 3074 3002 3072
5815 2 2 0 1 3074 3076 3003
5816 2 2 0 1 3003 3076 3004
5817 2 2 0 1 3076 3077 3004
5818 2 2 0 1 3004 3077 3005
5819 2 2 0 1 3005 3077 3006
5820 2 2 0 1 3078 3007 3006
5821 2 2 0 1 3077 3078 3006
5822 2 2 0 1 3008 3007 3079
5823 2 2 0 1 3079 3007 3078
5824 2 2 0 1 3008 3080 3009
5825 2 2 0 1 3008 3079 3080
5826 2 2 0 1 3080 3081 3009
5827 2 2 0 1 3009 3081 3011
5828 2 2 0 1 3082 3012 3010
5829 2 2 0 1 3082 3010 3011
5830 2 2 0 1 3081 3082 3011
5831 2 2 0 1 3082 3083 3012
5832 2 2 0 1 3083 3013 3012
5833 2 2 0 1 3083 3084 3013
5834 2 2 0 1 3013 3084 3014
5835 2 2 0 1 3014 3084 3085
5836 2 2 0 1 3014 3085 3015
5837 2 2 0 1 3085 3017 3015
5838 2 2 0 1 3086 3016 3020
5839 2 2 0 1 3023 3016 3086
5840 2 2 0 1 3017 3085 3087
5841 2 2 0 1 3019 3017 3087
5842 2 2 0 1 3018 3088 3021
5843 2 2 0 1 3018 3019 3088
5844 2 2 0 1 3088 3019 3089
5845 2 2 0 1 3089 3019 3087
5846 2 2 0 1 3020 3021 3090
5847 2 2 0 1 3086 3020 3090
5848 2 2 0 1 3021 3091 3090
5849 2 2 0 1 3021 3088 3091
5850 2 2 0 1 3022 3023 3093
5851 2 2 0 1 3022 3093 3027
5852 2 2 0 1 3023 3086 3092
5853 2 2 0 1 3093 3023 3092
5854 2 2 0 1 3094 3045 3024
5855 2 2 0 1 3094 3024 3025
5856 2 2 0 1 3028 3095 3025
5857 2 2 0 1 3095 3094 3025
5858 2 2 0 1 3027 3097 3026
5859 2 2 0 1 3029 3026 3030
5860 2 2 0 1 3026 3097 3030
5861 2 2 0 1 3027 3096 3097
5862 2 2 0 1 3027 3093 3096
5863 2 2 0 1 3028 3098 3095
5864 2 2 0 1 3028 3032 3098
5865 2 2 0 1 3099 3031 3029
5866 2 2 0 1 3099 3029 3030
5867 2 2 0 1 3097 3099 3030
5868 2 2 0 1 3100 3034 3031
5869 2 2 0 1 3100 3031 3099
5870 2 2 0 1 3101 3032 3033
5871 2 2 0 1 3098 3032 3101
5872 2 2 0 1 3101 3033 3102
5873 2 2 0 1 3033 3037 3102
5874 2 2 0 1 3100 3103 3034
5875 2 2 0 1 3034 3103 3035
5876 2 2 0 1 3103 3104 3035
5877 2 2 0 1 3035 3104 3036
5878 2 2 0 1 3104 3105 3036
5879 2 2 0 1 3036 3105 3038
5880 2 2 0 1 3037 3106 3102
5881 2 2 0 1 3106 3037 3038
5882 2 2 0 1 3105 3106 3038
5883 2 2 0 1 3107 3039 3041
5884 2 2 0 1 3107 3108 3039
5885 2 2 0 1 3108 3040 3039
5886 2 2 0 1 3109 3107 3041
5887 2 2 0 1 3042 3109 3041
5888 2 2 0 1 3042 3110 3109
5889 2 2 0 1 3043 3110 3042
5890 2 2 0 1 3111 3043 3044
5891 2 2 0 1 3111 3110 3043
5892 2 2 0 1 3111 3044 3113
5893 2 2 0 1 3044 3050 3113
5894 2 2 0 1 3045 3114 3046
5895 2 2 0 1 3045 3112 3114
5896 2 2 0 1 3094 3112 3045
5897 2 2 0 1 3047 3046 3115
5898 2 2 0 1 3046 3114 3115
5899 2 2 0 1 3116 3047 3115
5900 2 2 0 1 3116 3048 3047
5901 2 2 0 1 3117 3049 3048
5902 2 2 0 1 3116 3117 3048
5903 2 2 0 1 3049 3118 3056
5904 2 2 0 1 3117 3118 3049
5905 2 2 0 1 3113 3050 3119
5906 2 2 0 1 3050 3051 3119
5907 2 2 0 1 3052 3120 3051
5908 2 2 0 1 3051 3120 3119
5909 2 2 0 1 3053 3121 3052
5910 2 2 0 1 3052 3121 3120
5911 2 2 0 1 3053 3122 3121
5912 2 2 0 1 3054 3122 3053
5913 2 2 0 1 3055 3123 3054
5914 2 2 0 1 3054 3123 3122
5915 2 2 0 1 3055 3124 3123
5916 2 2 0 1 3055 3057 3124
5917 2 2 0 1 3058 3056 3125
5918 2 2 0 1 3056 3118 3125
5919 2 2 0 1 3057 3062 3126
5920 2 2 0 1 3124 3057 3126
5921 2 2 0 1 3058 3125 3127
5922 2 2 0 1 3059 3058 3127
5923 2 2 0 1 3059 3128 3060
5924 2 2 0 1 3128 3059 3127
5925 2 2 0 1 3128 3129 3060
5926 2 2 0 1 3129 3061 3060
5927 2 2 0 1 3062 3061 3130
5928 2 2 0 1 3061 3129 3130
5929 2 2 0 1 3126 3062 3130
5930 2 2 0 1 3063 3131 3067
5931 2 2 0 1 3063 3064 3131
5932 2 2 0 1 3064 3132 3131
5933 2 2 0 1 3065 3132 3064
5934 2 2 0 1 3065 3133 3132
5935 2 2 0 1 3066 3133 3065
5936 2 2 0 1 3131 3134 3067
5937 2 2 0 1 3134 3069 3067
5938 2 2 0 1 3069 3068 3067
5939 2 2 0 1 3135 3071 3068
5940 2 2 0 1 3135 3068 3069
5941 2 2 0 1 3136 3135 3069
5942 2 2 0 1 3134 3136 3069
5943 2 2 0 1 3070 3138 3137
5944 2 2 0 1 3073 3070 3137
5945 2 2 0 1 3071 3138 3070
5946 2 2 0 1 3071 3139 3138
5947 2 2 0 1 3135 3139 3071
5948 2 2 0 1 3141 3072 3073
5949 2 2 0 1 3074 3072 3075
5950 2 2 0 1 3072 3141 3075
5951 2 2 0 1 3141 3073 3137
5952 2 2 0 1 3140 3074 3142
5953 2 2 0 1 3142 3074 3075
5954 2 2 0 1 3140 3076 3074
5955 2 2 0 1 3141 3142 3075
5956 2 2 0 1 3140 3143 3076
5957 2 2 0 1 3076 3143 3077
5958 2 2 0 1 3077 3143 3078
5959 2 2 0 1 3143 3144 3078
5960 2 2 0 1 3144 3079 3078
5961 2 2 0 1 3080 3079 3145
5962 2 2 0 1 3145 3079 3144
5963 2 2 0 1 3080 3145 3146
5964 2 2 0 1 3080 3146 3081
5965 2 2 0 1 3081 3147 3082
5966 2 2 0 1 3081 3146 3147
5967 2 2 0 1 3082 3147 3148
5968 2 2 0 1 3082 3148 3083
5969 2 2 0 1 3083 3148 3149
5970 2 2 0 1 3083 3149 3084
5971 2 2 0 1 3084 3149 3150
5972 2 2 0 1 3084 3150 3085
5973 2 2 0 1 3085 3150 3151
5974 2 2 0 1 3085 3151 3087
5975 2 2 0 1 3086 3152 3092
5976 2 2 0 1 3152 3086 3090
5977 2 2 0 1 3151 3153 3087
5978 2 2 0 1 3153 3089 3087
5979 2 2 0 1 3088 3089 3154
5980 2 2 0 1 3088 3154 3091
5981 2 2 0 1 3154 3089 3155
5982 2 2 0 1 3155 3089 3153
5983 2 2 0 1 3156 3152 3090
5984 2 2 0 1 3091 3156 3090
5985 2 2 0 1 3154 3156 3091
5986 2 2 0 1 3152 3157 3092
5987 2 2 0 1 3157 3093 3092
5988 2 2 0 1 3093 3157 3158
5989 2 2 0 1 3096 3093 3158
5990 2 2 0 1 3095 3159 3094
5991 2 2 0 1 3094 3159 3112
5992 2 2 0 1 3095 3098 3160
5993 2 2 0 1 3095 3160 3159
5994 2 2 0 1 3162 3096 3161
5995 2 2 0 1 3161 3096 3158
5996 2 2 0 1 3097 3096 3162
5997 2 2 0 1 3099 3097 3162
5998 2 2 0 1 3098 3101 3163
5999 2 2 0 1 3160 3098 3163
6000 2 2 0 1 3164 3099 3162
6001 2 2 0 1 3100 3099 3164
6002 2 2 0 1 3165 3103 3100
6003 2 2 0 1 3165 3100 3164
6004 2 2 0 1 3101 3166 3163
6005 2 2 0 1 3166 3101 3102
6006 2 2 0 1 3106 3166 3102
6007 2 2 0 1 3165 3167 3103
6008 2 2 0 1 3103 3167 3104
6009 2 2 0 1 3104 3168 3105
6010 2 2 0 1 3167 3168 3104
6011 2 2 0 1 3168 3169 3105
6012 2 2 0 1 3169 3106 3105
6013 2 2 0 1 3169 3166 3106
6014 2 2 0 1 3172 3108 3107
6015 2 2 0 1 3107 3109 3171
6016 2 2 0 1 3172 3107 3171
6017 2 2 0 1 3109 3110 3173
6018 2 2 0 1 3109 3173 3171
6019 2 2 0 1 3110 3174 3173
6020 2 2 0 1 3111 3174 3110
6021 2 2 0 1 3175 3174 3111
6022 2 2 0 1 3175 3111 3113
6023 2 2 0 1 3112 3159 3170
6024 2 2 0 1 3176 3112 3170
6025 2 2 0 1 3114 3112 3176
6026 2 2 0 1 3177 3175 3113
6027 2 2 0 1 3177 3113 3119
6028 2 2 0 1 3114 3176 3178
6029 2 2 0 1 3114 3178 3115
6030 2 2 0 1 3115 3178 3179
6031 2 2 0 1 3116 3115 3179
6032 2 2 0 1 3180 3117 3116
6033 2 2 0 1 3180 3116 3179
6034 2 2 0 1 3180 3181 3117
6035 2 2 0 1 3117 3181 3118
6036 2 2 0 1 3118 3181 3182
6037 2 2 0 1 3118 3182 3125
6038 2 2 0 1 3120 3183 3119
6039 2 2 0 1 3183 3177 3119
6040 2 2 0 1 3120 3184 3183
6041 2 2 0 1 3120 3121 3184
6042 2 2 0 1 3184 3121 3185
6043 2 2 0 1 3121 3122 3185
6044 2 2 0 1 3185 3122 3186
6045 2 2 0 1 3122 3123 3186
6046 2 2 0 1 3123 3124 3187
6047 2 2 0 1 3123 3187 3186
6048 2 2 0 1 3188 3124 3126
6049 2 2 0 1 3187 3124 3188
6050 2 2 0 1 3127 3125 3189
6051 2 2 0 1 3125 3182 3189
6052 2 2 0 1 3190 3188 3126
6053 2 2 0 1 3190 3126 3130
6054 2 2 0 1 3191 3127 3189
6055 2 2 0 1 3191 3128 3127
6056 2 2 0 1 3191 3192 3128
6057 2 2 0 1 3128 3192 3129
6058 2 2 0 1 3129 3192 3193
6059 2 2 0 1 3129 3193 3130
6060 2 2 0 1 3193 3190 3130
6061 2 2 0 1 3132 3195 3131
6062 2 2 0 1 3134 3131 3194
6063 2 2 0 1 3131 3195 3194
6064 2 2 0 1 3132 3196 3195
6065 2 2 0 1 3133 3196 3132
6066 2 2 0 1 3197 3134 3194
6067 2 2 0 1 3197 3136 3134
6068 2 2 0 1 3136 3198 3135
6069 2 2 0 1 3135 3198 3139
6070 2 2 0 1 3136 3199 3198
6071 2 2 0 1 3197 3199 3136
6072 2 2 0 1 3200 3141 3137
6073 2 2 0 1 3138 3200 3137
6074 2 2 0 1 3138 3201 3200
6075 2 2 0 1 3138 3139 3201
6076 2 2 0 1 3201 3139 3202
6077 2 2 0 1 3139 3198 3202
6078 2 2 0 1 3204 3140 3142
6079 2 2 0 1 3140 3203 3143
6080 2 2 0 1 3204 3203 3140
6081 2 2 0 1 3200 3205 3141
6082 2 2 0 1 3141 3205 3142
6083 2 2 0 1 3205 3204 3142
6084 2 2 0 1 3143 3203 3206
6085 2 2 0 1 3144 3143 3206
6086 2 2 0 1 3145 3144 3206
6087 2 2 0 1 3146 3145 3207
6088 2 2 0 1 3207 3145 3206
6089 2 2 0 1 3208 3146 3207
6090 2 2 0 1 3147 3146 3208
6091 2 2 0 1 3147 3208 3209
6092 2 2 0 1 3148 3147 3209
6093 2 2 0 1 3149 3148 3210
6094 2 2 0 1 3210 3148 3209
6095 2 2 0 1 3149 3210 3211
6096 2 2 0 1 3150 3149 3211
6097 2 2 0 1 3150 3212 3151
6098 2 2 0 1 3212 3150 3211
6099 2 2 0 1 3151 3212 3153
6100 2 2 0 1 3156 3213 3152
6101 2 2 0 1 3213 3157 3152
6102 2 2 0 1 3212 3214 3153
6103 2 2 0 1 3214 3155 3153
6104 2 2 0 1 3154 3155 3215
6105 2 2 0 1 3154 3215 3156
6106 2 2 0 1 3216 3155 3214
6107 2 2 0 1 3215 3155 3216
6108 2 2 0 1 3215 3217 3156
6109 2 2 0 1 3217 3213 3156
6110 2 2 0 1 3157 3218 3158
6111 2 2 0 1 3213 3218 3157
6112 2 2 0 1 3218 3161 3158
6113 2 2 0 1 3159 3220 3170
6114 2 2 0 1 3159 3160 3220
6115 2 2 0 1 3221 3160 3163
6116 2 2 0 1 3220 3160 3221
6117 2 2 0 1 3222 3162 3161
6118 2 2 0 1 3161 3218 3219
6119 2 2 0 1 3222 3161 3219
6120 2 2 0 1 3222 3164 3162
6121 2 2 0 1 3163 3166 3223
6122 2 2 0 1 3221 3163 3223
6123 2 2 0 1 3165 3164 3224
6124 2 2 0 1 3164 3222 3224
6125 2 2 0 1 3225 3167 3165
6126 2 2 0 1 3225 3165 3224
6127 2 2 0 1 3166 3226 3223
6128 2 2 0 1 3169 3226 3166
6129 2 2 0 1 3167 3227 3168
6130 2 2 0 1 3225 3227 3167
6131 2 2 0 1 3168 3227 3228
6132 2 2 0 1 3168 3228 3169
6133 2 2 0 1 3169 3228 3226
6134 2 2 0 1 3229 3230 3170
6135 2 2 0 1 3220 3229 3170
6136 2 2 0 1 3230 3176 3170
6137 2 2 0 1 3232 3172 3171
6138 2 2 0 1 3173 3231 3171
6139 2 2 0 1 3231 3232 3171
6140 2 2 0 1 3233 3231 3173
6141 2 2 0 1 3174 3233 3173
6142 2 2 0 1 3175 3234 3174
6143 2 2 0 1 3174 3234 3233
6144 2 2 0 1 3235 3234 3175
6145 2 2 0 1 3235 3175 3177
6146 2 2 0 1 3178 3176 3236
6147 2 2 0 1 3176 3230 3236
6148 2 2 0 1 3183 3237 3177
6149 2 2 0 1 3237 3235 3177
6150 2 2 0 1 3178 3238 3179
6151 2 2 0 1 3238 3178 3236
6152 2 2 0 1 3238 3239 3179
6153 2 2 0 1 3239 3180 3179
6154 2 2 0 1 3239 3240 3180
6155 2 2 0 1 3180 3240 3181
6156 2 2 0 1 3181 3240 3241
6157 2 2 0 1 3182 3181 3241
6158 2 2 0 1 3242 3182 3241
6159 2 2 0 1 3189 3182 3242
6160 2 2 0 1 3183 3243 3237
6161 2 2 0 1 3183 3184 3243
6162 2 2 0 1 3243 3184 3244
6163 2 2 0 1 3244 3184 3185
6164 2 2 0 1 3185 3186 3245
6165 2 2 0 1 3244 3185 3245
6166 2 2 0 1 3187 3246 3186
6167 2 2 0 1 3186 3246 3245
6168 2 2 0 1 3187 3247 3246
6169 2 2 0 1 3187 3188 3247
6170 2 2 0 1 3248 3188 3190
6171 2 2 0 1 3247 3188 3248
6172 2 2 0 1 3249 3189 3242
6173 2 2 0 1 3249 3191 3189
6174 2 2 0 1 3190 3193 3250
6175 2 2 0 1 3248 3190 3250
6176 2 2 0 1 3251 3191 3249
6177 2 2 0 1 3251 3192 3191
6178 2 2 0 1 3192 3252 3193
6179 2 2 0 1 3251 3252 3192
6180 2 2 0 1 3193 3252 3250
6181 2 2 0 1 3195 3253 3194
6182 2 2 0 1 3253 3197 3194
6183 2 2 0 1 3196 3254 3195
6184 2 2 0 1 3254 3253 3195
6185 2 2 0 1 3197 3255 3199
6186 2 2 0 1 3253 3255 3197
6187 2 2 0 1 3202 3198 3256
6188 2 2 0 1 3198 3199 3256
6189 2 2 0 1 3199 3255 3257
6190 2 2 0 1 3199 3257 3256
6191 2 2 0 1 3200 3201 3258
6192 2 2 0 1 3200 3258 3205
6193 2 2 0 1 3258 3201 3260
6194 2 2 0 1 3260 3201 3202
6195 2 2 0 1 3259 3260 3202
6196 2 2 0 1 3259 3202 3256
6197 2 2 0 1 3203 3262 3261
6198 2 2 0 1 3203 3261 3206
6199 2 2 0 1 3204 3262 3203
6200 2 2 0 1 3205 3263 3204
6201 2 2 0 1 3204 3263 3262
6202 2 2 0 1 3205 3258 3263
6203 2 2 0 1 3206 3261 3264
6204 2 2 0 1 3207 3206 3264
6205 2 2 0 1 3208 3207 3265
6206 2 2 0 1 3265 3207 3264
6207 2 2 0 1 3208 3265 3266
6208 2 2 0 1 3208 3266 3209
6209 2 2 0 1 3210 3209 3267
6210 2 2 0 1 3209 3266 3267
6211 2 2 0 1 3210 3268 3211
6212 2 2 0 1 3268 3210 3267
6213 2 2 0 1 3268 3212 3211
6214 2 2 0 1 3269 3214 3212
6215 2 2 0 1 3269 3212 3268
6216 2 2 0 1 3217 3270 3213
6217 2 2 0 1 3270 3218 3213
6218 2 2 0 1 3271 3214 3269
6219 2 2 0 1 3216 3214 3271
6220 2 2 0 1 3215 3216 3272
6221 2 2 0 1 3215 3272 3217
6222 2 2 0 1 3216 3271 3273
6223 2 2 0 1 3272 3216 3273
6224 2 2 0 1 3217 3274 3270
6225 2 2 0 1 3217 3272 3274
6226 2 2 0 1 3270 3275 3218
6227 2 2 0 1 3218 3275 3219
6228 2 2 0 1 3276 3222 3219
6229 2 2 0 1 3275 3276 3219
6230 2 2 0 1 3220 3277 3229
6231 2 2 0 1 3220 3221 3277
6232 2 2 0 1 3277 3221 3278
6233 2 2 0 1 3278 3221 3223
6234 2 2 0 1 3222 3279 3224
6235 2 2 0 1 3276 3279 3222
6236 2 2 0 1 3280 3278 3223
6237 2 2 0 1 3226 3280 3223
6238 2 2 0 1 3281 3225 3224
6239 2 2 0 1 3279 3281 3224
6240 2 2 0 1 3225 3282 3227
6241 2 2 0 1 3281 3282 3225
6242 2 2 0 1 3226 3228 3283
6243 2 2 0 1 3226 3283 3280
6244 2 2 0 1 3227 3282 3284
6245 2 2 0 1 3228 3227 3284
6246 2 2 0 1 3283 3228 3284
6247 2 2 0 1 3229 3277 3285
6248 2 2 0 1 3229 3285 3286
6249 2 2 0 1 3229 3286 3230
6250 2 2 0 1 3230 3286 3287
6251 2 2 0 1 3236 3230 3287
6252 2 2 0 1 3289 3232 3231
6253 2 2 0 1 3231 3233 3288
6254 2 2 0 1 3289 3231 3288
6255 2 2 0 1 3234 3290 3233
6256 2 2 0 1 3233 3290 3288
6257 2 2 0 1 3235 3291 3234
6258 2 2 0 1 3234 3291 3290
6259 2 2 0 1 3235 3292 3291
6260 2 2 0 1 3237 3292 3235
6261 2 2 0 1 3293 3238 3236
6262 2 2 0 1 3293 3236 3287
6263 2 2 0 1 3237 3294 3292
6264 2 2 0 1 3237 3243 3294
6265 2 2 0 1 3293 3295 3238
6266 2 2 0 1 3295 3239 3238
6267 2 2 0 1 3239 3296 3240
6268 2 2 0 1 3295 3296 3239
6269 2 2 0 1 3240 3297 3241
6270 2 2 0 1 3240 3296 3297
6271 2 2 0 1 3298 3242 3241
6272 2 2 0 1 3297 3298 3241
6273 2 2 0 1 3299 3249 3242
6274 2 2 0 1 3298 3299 3242
6275 2 2 0 1 3294 3243 3300
6276 2 2 0 1 3243 3244 3300
6277 2 2 0 1 3301 3244 3245
6278 2 2 0 1 3244 3301 3300
6279 2 2 0 1 3302 3301 3245
6280 2 2 0 1 3246 3302 3245
6281 2 2 0 1 3302 3246 3303
6282 2 2 0 1 3246 3247 3303
6283 2 2 0 1 3247 3248 3304
6284 2 2 0 1 3247 3304 3303
6285 2 2 0 1 3304 3248 3305
6286 2 2 0 1 3305 3248 3250
6287 2 2 0 1 3251 3249 3306
6288 2 2 0 1 3306 3249 3299
6289 2 2 0 1 3307 3305 3250
6290 2 2 0 1 3252 3307 3250
6291 2 2 0 1 3308 3251 3306
6292 2 2 0 1 3308 3252 3251
6293 2 2 0 1 3308 3307 3252
6294 2 2 0 1 3253 3309 3255
6295 2 2 0 1 3254 3309 3253
6296 2 2 0 1 3255 3309 3310
6297 2 2 0 1 3257 3255 3310
6298 2 2 0 1 3257 3313 3256
6299 2 2 0 1 3313 3259 3256
6300 2 2 0 1 3257 3310 3311
6301 2 2 0 1 3313 3257 3311
6302 2 2 0 1 3263 3258 3314
6303 2 2 0 1 3258 3260 3314
6304 2 2 0 1 3315 3260 3259
6305 2 2 0 1 3313 3315 3259
6306 2 2 0 1 3314 3260 3316
6307 2 2 0 1 3260 3315 3316
6308 2 2 0 1 3261 3317 3264
6309 2 2 0 1 3261 3262 3317
6310 2 2 0 1 3262 3318 3317
6311 2 2 0 1 3262 3263 3318
6312 2 2 0 1 3318 3263 3314
6313 2 2 0 1 3319 3265 3264
6314 2 2 0 1 3317 3319 3264
6315 2 2 0 1 3320 3265 3319
6316 2 2 0 1 3266 3265 3320
6317 2 2 0 1 3266 3322 3267
6318 2 2 0 1 3266 3320 3322
6319 2 2 0 1 3321 3268 3267
6320 2 2 0 1 3322 3321 3267
6321 2 2 0 1 3323 3269 3268
6322 2 2 0 1 3321 3323 3268
6323 2 2 0 1 3271 3269 3324
6324 2 2 0 1 3324 3269 3323
6325 2 2 0 1 3270 3325 3275
6326 2 2 0 1 3270 3274 3325
6327 2 2 0 1 3271 3324 3326
6328 2 2 0 1 3271 3326 3273
6329 2 2 0 1 3274 3272 3327
6330 2 2 0 1 3327 3272 3273
6331 2 2 0 1 3326 3327 3273
6332 2 2 0 1 3328 3274 3327
6333 2 2 0 1 3325 3274 3328
6334 2 2 0 1 3275 3329 3276
6335 2 2 0 1 3275 3325 3329
6336 2 2 0 1 3276 3330 3279
6337 2 2 0 1 3276 3329 3330
6338 2 2 0 1 3277 3278 3331
6339 2 2 0 1 3285 3277 3331
6340 2 2 0 1 3278 3280 3332
6341 2 2 0 1 3278 3332 3331
6342 2 2 0 1 3279 3333 3281
6343 2 2 0 1 3279 3330 3333
6344 2 2 0 1 3280 3334 3332
6345 2 2 0 1 3283 3334 3280
6346 2 2 0 1 3281 3333 3335
6347 2 2 0 1 3281 3335 3282
6348 2 2 0 1 3282 3335 3336
6349 2 2 0 1 3282 3336 3284
6350 2 2 0 1 3337 3334 3283
6351 2 2 0 1 3337 3283 3284
6352 2 2 0 1 3336 3337 3284
6353 2 2 0 1 3286 3285 3339
6354 2 2 0 1 3285 3331 3338
6355 2 2 0 1 3339 3285 3338
6356 2 2 0 1 3286 3340 3287
6357 2 2 0 1 3286 3339 3340
6358 2 2 0 1 3287 3340 3341
6359 2 2 0 1 3293 3287 3341
6360 2 2 0 1 3290 3342 3288
6361 2 2 0 1 3342 3343 3288
6362 2 2 0 1 3343 3289 3288
6363 2 2 0 1 3290 3344 3342
6364 2 2 0 1 3290 3291 3344
6365 2 2 0 1 3291 3292 3345
6366 2 2 0 1 3291 3345 3344
6367 2 2 0 1 3292 3294 3346
6368 2 2 0 1 3292 3346 3345
6369 2 2 0 1 3347 3293 3341
6370 2 2 0 1 3347 3295 3293
6371 2 2 0 1 3348 3294 3300
6372 2 2 0 1 3346 3294 3348
6373 2 2 0 1 3347 3349 3295
6374 2 2 0 1 3295 3349 3296
6375 2 2 0 1 3296 3350 3297
6376 2 2 0 1 3296 3349 3350
6377 2 2 0 1 3298 3297 3351
6378 2 2 0 1 3297 3350 3351
6379 2 2 0 1 3352 3299 3298
6380 2 2 0 1 3352 3298 3351
6381 2 2 0 1 3353 3299 3352
6382 2 2 0 1 3353 3306 3299
6383 2 2 0 1 3300 3301 3354
6384 2 2 0 1 3348 3300 3354
6385 2 2 0 1 3301 3355 3354
6386 2 2 0 1 3302 3355 3301
6387 2 2 0 1 3356 3355 3302
6388 2 2 0 1 3356 3302 3303
6389 2 2 0 1 3356 3303 3357
6390 2 2 0 1 3303 3304 3357
6391 2 2 0 1 3304 3358 3357
6392 2 2 0 1 3304 3305 3358
6393 2 2 0 1 3305 3359 3358
6394 2 2 0 1 3307 3359 3305
6395 2 2 0 1 3353 3360 3306
6396 2 2 0 1 3360 3308 3306
6397 2 2 0 1 3308 3361 3307
6398 2 2 0 1 3307 3361 3359
6399 2 2 0 1 3360 3361 3308
6400 2 2 0 1 3310 3309 3312
6401 2 2 0 1 3309 3362 3312
6402 2 2 0 1 3364 3310 3312
6403 2 2 0 1 3311 3310 3364
6404 2 2 0 1 3363 3311 3364
6405 2 2 0 1 3363 3313 3311
6406 2 2 0 1 3365 3364 3312
6407 2 2 0 1 3362 3365 3312
6408 2 2 0 1 3367 3315 3313
6409 2 2 0 1 3363 3367 3313
6410 2 2 0 1 3318 3314 3366
6411 2 2 0 1 3314 3368 3366
6412 2 2 0 1 3368 3314 3316
6413 2 2 0 1 3315 3369 3316
6414 2 2 0 1 3367 3369 3315
6415 2 2 0 1 3369 3368 3316
6416 2 2 0 1 3318 3371 3317
6417 2 2 0 1 3371 3319 3317
6418 2 2 0 1 3371 3318 3366
6419 2 2 0 1 3320 3319 3372
6420 2 2 0 1 3372 3319 3371
6421 2 2 0 1 3320 3372 3373
6422 2 2 0 1 3322 3320 3373
6423 2 2 0 1 3374 3321 3322
6424 2 2 0 1 3374 3323 3321
6425 2 2 0 1 3375 3322 3373
6426 2 2 0 1 3375 3374 3322
6427 2 2 0 1 3376 3323 3374
6428 2 2 0 1 3324 3323 3376
6429 2 2 0 1 3326 3324 3377
6430 2 2 0 1 3324 3376 3377
6431 2 2 0 1 3325 3328 3379
6432 2 2 0 1 3329 3325 3379
6433 2 2 0 1 3380 3326 3378
6434 2 2 0 1 3326 3377 3378
6435 2 2 0 1 3326 3380 3327
6436 2 2 0 1 3380 3328 3327
6437 2 2 0 1 3379 3328 3381
6438 2 2 0 1 3328 3380 3381
6439 2 2 0 1 3330 3329 3382
6440 2 2 0 1 3382 3329 3379
6441 2 2 0 1 3383 3330 3382
6442 2 2 0 1 3333 3330 3383
6443 2 2 0 1 3332 3384 3331
6444 2 2 0 1 3331 3384 3338
6445 2 2 0 1 3385 3384 3332
6446 2 2 0 1 3334 3385 3332
6447 2 2 0 1 3335 3333 3386
6448 2 2 0 1 3333 3383 3386
6449 2 2 0 1 3337 3387 3334
6450 2 2 0 1 3334 3387 3385
6451 2 2 0 1 3388 3335 3386
6452 2 2 0 1 3336 3335 3388
6453 2 2 0 1 3336 3389 3337
6454 2 2 0 1 3336 3388 3389
6455 2 2 0 1 3337 3389 3387
6456 2 2 0 1 3384 3390 3338
6457 2 2 0 1 3390 3391 3338
6458 2 2 0 1 3391 3339 3338
6459 2 2 0 1 3339 3391 3392
6460 2 2 0 1 3340 3339 3392
6461 2 2 0 1 3340 3393 3341
6462 2 2 0 1 3393 3340 3392
6463 2 2 0 1 3394 3347 3341
6464 2 2 0 1 3393 3394 3341
6465 2 2 0 1 3344 3395 3342
6466 2 2 0 1 3395 3396 3342
6467 2 2 0 1 3396 3343 3342
6468 2 2 0 1 3397 3395 3344
6469 2 2 0 1 3345 3397 3344
6470 2 2 0 1 3346 3398 3345
6471 2 2 0 1 3345 3398 3397
6472 2 2 0 1 3346 3348 3399
6473 2 2 0 1 3346 3399 3398
6474 2 2 0 1 3347 3400 3349
6475 2 2 0 1 3394 3400 3347
6476 2 2 0 1 3401 3348 3354
6477 2 2 0 1 3348 3401 3399
6478 2 2 0 1 3350 3349 3402
6479 2 2 0 1 3349 3400 3402
6480 2 2 0 1 3403 3350 3402
6481 2 2 0 1 3350 3403 3351
6482 2 2 0 1 3404 3352 3351
6483 2 2 0 1 3403 3404 3351
6484 2 2 0 1 3353 3352 3405
6485 2 2 0 1 3405 3352 3404
6486 2 2 0 1 3406 3360 3353
6487 2 2 0 1 3406 3353 3405
6488 2 2 0 1 3407 3401 3354
6489 2 2 0 1 3355 3407 3354
6490 2 2 0 1 3356 3408 3355
6491 2 2 0 1 3355 3408 3407
6492 2 2 0 1 3409 3356 3357
6493 2 2 0 1 3409 3408 3356
6494 2 2 0 1 3358 3410 3357
6495 2 2 0 1 3410 3409 3357
6496 2 2 0 1 3410 3358 3411
6497 2 2 0 1 3358 3359 3411
6498 2 2 0 1 3359 3361 3412
6499 2 2 0 1 3359 3412 3411
6500 2 2 0 1 3360 3413 3361
6501 2 2 0 1 3406 3413 3360
6502 2 2 0 1 3361 3413 3412
6503 2 2 0 1 3362 3415 3365
6504 2 2 0 1 3416 3363 3364
6505 2 2 0 1 3370 3363 3416
6506 2 2 0 1 3370 3367 3363
6507 2 2 0 1 3365 3416 3364
6508 2 2 0 1 3365 3415 3414
6509 2 2 0 1 3416 3365 3414
6510 2 2 0 1 3419 3371 3366
6511 2 2 0 1 3368 3419 3366
6512 2 2 0 1 3420 3367 3370
6513 2 2 0 1 3420 3369 3367
6514 2 2 0 1 3368 3421 3419
6515 2 2 0 1 3369 3421 3368
6516 2 2 0 1 3420 3421 3369
6517 2 2 0 1 3422 3370 3418
6518 2 2 0 1 3420 3370 3422
6519 2 2 0 1 3370 3416 3418
6520 2 2 0 1 3424 3372 3371
6521 2 2 0 1 3424 3371 3419
6522 2 2 0 1 3424 3425 3372
6523 2 2 0 1 3372 3425 3373
6524 2 2 0 1 3426 3375 3373
6525 2 2 0 1 3425 3426 3373
6526 2 2 0 1 3376 3374 3427
6527 2 2 0 1 3427 3374 3375
6528 2 2 0 1 3427 3375 3426
6529 2 2 0 1 3376 3427 3428
6530 2 2 0 1 3376 3428 3377
6531 2 2 0 1 3377 3429 3378
6532 2 2 0 1 3428 3429 3377
6533 2 2 0 1 3429 3380 3378
6534 2 2 0 1 3430 3382 3379
6535 2 2 0 1 3430 3379 3381
6536 2 2 0 1 3429 3431 3380
6537 2 2 0 1 3380 3431 3381
6538 2 2 0 1 3431 3430 3381
6539 2 2 0 1 3433 3383 3382
6540 2 2 0 1 3433 3382 3432
6541 2 2 0 1 3382 3430 3432
6542 2 2 0 1 3434 3383 3433
6543 2 2 0 1 3383 3434 3386
6544 2 2 0 1 3385 3435 3384
6545 2 2 0 1 3384 3435 3390
6546 2 2 0 1 3385 3387 3436
6547 2 2 0 1 3385 3436 3435
6548 2 2 0 1 3434 3437 3386
6549 2 2 0 1 3437 3388 3386
6550 2 2 0 1 3387 3389 3438
6551 2 2 0 1 3436 3387 3438
6552 2 2 0 1 3389 3388 3439
6553 2 2 0 1 3439 3388 3437
6554 2 2 0 1 3389 3439 3438
6555 2 2 0 1 3440 3441 3390
6556 2 2 0 1 3390 3441 3391
6557 2 2 0 1 3435 3440 3390
6558 2 2 0 1 3392 3391 3442
6559 2 2 0 1 3391 3441 3442
6560 2 2 0 1 3443 3392 3442
6561 2 2 0 1 3443 3393 3392
6562 2 2 0 1 3444 3394 3393
6563 2 2 0 1 3443 3444 3393
6564 2 2 0 1 3394 3445 3400
6565 2 2 0 1 3444 3445 3394
6566 2 2 0 1 3395 3397 3446
6567 2 2 0 1 3447 3396 3395
6568 2 2 0 1 3447 3395 3446
6569 2 2 0 1 3397 3398 3448
6570 2 2 0 1 3397 3448 3446
6571 2 2 0 1 3399 3449 3398
6572 2 2 0 1 3398 3449 3448
6573 2 2 0 1 3450 3449 3399
6574 2 2 0 1 3401 3450 3399
6575 2 2 0 1 3400 3445 3451
6576 2 2 0 1 3400 3451 3402
6577 2 2 0 1 3452 3401 3407
6578 2 2 0 1 3452 3450 3401
6579 2 2 0 1 3453 3403 3402
6580 2 2 0 1 3451 3453 3402
6581 2 2 0 1 3403 3454 3404
6582 2 2 0 1 3453 3454 3403
6583 2 2 0 1 3454 3455 3404
6584 2 2 0 1 3455 3405 3404
6585 2 2 0 1 3456 3405 3455
6586 2 2 0 1 3456 3406 3405
6587 2 2 0 1 3457 3406 3456
6588 2 2 0 1 3457 3413 3406
6589 2 2 0 1 3408 3458 3407
6590 2 2 0 1 3458 3452 3407
6591 2 2 0 1 3459 3458 3408
6592 2 2 0 1 3459 3408 3409
6593 2 2 0 1 3459 3409 3460
6594 2 2 0 1 3460 3409 3410
6595 2 2 0 1 3461 3410 3411
6596 2 2 0 1 3461 3460 3410
6597 2 2 0 1 3462 3461 3411
6598 2 2 0 1 3412 3462 3411
6599 2 2 0 1 3413 3463 3412
6600 2 2 0 1 3463 3462 3412
6601 2 2 0 1 3457 3463 3413
6602 2 2 0 1 3464 3417 3414
6603 2 2 0 1 3417 3416 3414
6604 2 2 0 1 3415 3464 3414
6605 2 2 0 1 3416 3465 3418
6606 2 2 0 1 3417 3465 3416
6607 2 2 0 1 3464 3466 3417
6608 2 2 0 1 3417 3466 3465
6609 2 2 0 1 3422 3418 3423
6610 2 2 0 1 3465 3467 3418
6611 2 2 0 1 3418 3467 3423
6612 2 2 0 1 3468 3424 3419
6613 2 2 0 1 3421 3468 3419
6614 2 2 0 1 3469 3421 3420
6615 2 2 0 1 3469 3420 3422
6616 2 2 0 1 3469 3468 3421
6617 2 2 0 1 3470 3422 3423
6618 2 2 0 1 3469 3422 3470
6619 2 2 0 1 3471 3470 3423
6620 2 2 0 1 3467 3471 3423
6621 2 2 0 1 3468 3472 3424
6622 2 2 0 1 3424 3472 3425
6623 2 2 0 1 3425 3473 3426
6624 2 2 0 1 3472 3473 3425
6625 2 2 0 1 3473 3474 3426
6626 2 2 0 1 3475 3427 3426
6627 2 2 0 1 3474 3475 3426
6628 2 2 0 1 3428 3427 3475
6629 2 2 0 1 3428 3476 3429
6630 2 2 0 1 3428 3475 3476
6631 2 2 0 1 3429 3476 3477
6632 2 2 0 1 3429 3477 3431
6633 2 2 0 1 3431 3478 3430
6634 2 2 0 1 3430 3478 3432
6635 2 2 0 1 3431 3477 3478
6636 2 2 0 1 3479 3433 3432
6637 2 2 0 1 3478 3479 3432
6638 2 2 0 1 3434 3433 3480
6639 2 2 0 1 3433 3479 3480
6640 2 2 0 1 3481 3437 3434
6641 2 2 0 1 3481 3434 3480
6642 2 2 0 1 3435 3482 3440
6643 2 2 0 1 3435 3436 3482
6644 2 2 0 1 3436 3438 3483
6645 2 2 0 1 3482 3436 3483
6646 2 2 0 1 3439 3437 3484
6647 2 2 0 1 3484 3437 3481
6648 2 2 0 1 3438 3485 3483
6649 2 2 0 1 3439 3485 3438
6650 2 2 0 1 3439 3484 3485
6651 2 2 0 1 3440 3486 3487
6652 2 2 0 1 3440 3482 3486
6653 2 2 0 1 3440 3487 3441
6654 2 2 0 1 3441 3487 3488
6655 2 2 0 1 3441 3488 3442
6656 2 2 0 1 3442 3488 3489
6657 2 2 0 1 3443 3442 3489
6658 2 2 0 1 3490 3444 3443
6659 2 2 0 1 3490 3443 3489
6660 2 2 0 1 3444 3491 3445
6661 2 2 0 1 3490 3491 3444
6662 2 2 0 1 3451 3445 3492
6663 2 2 0 1 3445 3491 3492
6664 2 2 0 1 3448 3493 3446
6665 2 2 0 1 3493 3494 3446
6666 2 2 0 1 3494 3447 3446
6667 2 2 0 1 3449 3495 3448
6668 2 2 0 1 3495 3493 3448
6669 2 2 0 1 3449 3496 3495
6670 2 2 0 1 3450 3496 3449
6671 2 2 0 1 3450 3497 3496
6672 2 2 0 1 3452 3497 3450
6673 2 2 0 1 3453 3451 3498
6674 2 2 0 1 3498 3451 3492
6675 2 2 0 1 3452 3499 3497
6676 2 2 0 1 3458 3499 3452
6677 2 2 0 1 3500 3454 3453
6678 2 2 0 1 3500 3453 3498
6679 2 2 0 1 3454 3501 3455
6680 2 2 0 1 3500 3501 3454
6681 2 2 0 1 3501 3502 3455
6682 2 2 0 1 3502 3456 3455
6683 2 2 0 1 3457 3456 3503
6684 2 2 0 1 3503 3456 3502
6685 2 2 0 1 3504 3463 3457
6686 2 2 0 1 3504 3457 3503
6687 2 2 0 1 3458 3505 3499
6688 2 2 0 1 3459 3505 3458
6689 2 2 0 1 3506 3459 3460
6690 2 2 0 1 3506 3505 3459
6691 2 2 0 1 3461 3507 3460
6692 2 2 0 1 3507 3506 3460
6693 2 2 0 1 3508 3507 3461
6694 2 2 0 1 3508 3461 3462
6695 2 2 0 1 3509 3508 3462
6696 2 2 0 1 3463 3509 3462
6697 2 2 0 1 3504 3509 3463
6698 2 2 0 1 3464 3511 3466
6699 2 2 0 1 3464 3510 3511
6700 2 2 0 1 3512 3467 3465
6701 2 2 0 1 3466 3512 3465
6702 2 2 0 1 3466 3513 3512
6703 2 2 0 1 3466 3511 3513
6704 2 2 0 1 3512 3514 3467
6705 2 2 0 1 3467 3514 3471
6706 2 2 0 1 3515 3472 3468
6707 2 2 0 1 3515 3468 3469
6708 2 2 0 1 3515 3469 3516
6709 2 2 0 1 3469 3470 3516
6710 2 2 0 1 3517 3470 3471
6711 2 2 0 1 3470 3517 3516
6712 2 2 0 1 3514 3518 3471
6713 2 2 0 1 3518 3517 3471
6714 2 2 0 1 3519 3472 3515
6715 2 2 0 1 3519 3473 3472
6716 2 2 0 1 3473 3520 3474
6717 2 2 0 1 3519 3520 3473
6718 2 2 0 1 3474 3520 3521
6719 2 2 0 1 3475 3474 3521
6720 2 2 0 1 3522 3475 3521
6721 2 2 0 1 3476 3475 3522
6722 2 2 0 1 3476 3522 3523
6723 2 2 0 1 3477 3476 3523
6724 2 2 0 1 3478 3477 3524
6725 2 2 0 1 3524 3477 3523
6726 2 2 0 1 3525 3479 3478
6727 2 2 0 1 3525 3478 3524
6728 2 2 0 1 3479 3526 3480
6729 2 2 0 1 3525 3526 3479
6730 2 2 0 1 3527 3481 3480
6731 2 2 0 1 3526 3527 3480
6732 2 2 0 1 3528 3481 3527
6733 2 2 0 1 3484 3481 3528
6734 2 2 0 1 3486 3482 3529
6735 2 2 0 1 3529 3482 3483
6736 2 2 0 1 3485 3530 3483
6737 2 2 0 1 3530 3529 3483
6738 2 2 0 1 3484 3528 3531
6739 2 2 0 1 3484 3531 3485
6740 2 2 0 1 3531 3530 3485
6741 2 2 0 1 3486 3532 3533
6742 2 2 0 1 3487 3486 3533
6743 2 2 0 1 3486 3529 3532
6744 2 2 0 1 3487 3533 3534
6745 2 2 0 1 3488 3487 3534
6746 2 2 0 1 3535 3488 3534
6747 2 2 0 1 3488 3535 3489
6748 2 2 0 1 3535 3536 3489
6749 2 2 0 1 3536 3490 3489
6750 2 2 0 1 3536 3537 3490
6751 2 2 0 1 3490 3537 3491
6752 2 2 0 1 3491 3538 3492
6753 2 2 0 1 3491 3537 3538
6754 2 2 0 1 3538 3539 3492
6755 2 2 0 1 3539 3498 3492
6756 2 2 0 1 3493 3495 3540
6757 2 2 0 1 3541 3494 3493
6758 2 2 0 1 3541 3493 3540
6759 2 2 0 1 3495 3542 3540
6760 2 2 0 1 3496 3542 3495
6761 2 2 0 1 3496 3543 3542
6762 2 2 0 1 3496 3497 3543
6763 2 2 0 1 3543 3497 3544
6764 2 2 0 1 3497 3499 3544
6765 2 2 0 1 3545 3500 3498
6766 2 2 0 1 3539 3545 3498
6767 2 2 0 1 3544 3499 3546
6768 2 2 0 1 3499 3505 3546
6769 2 2 0 1 3545 3547 3500
6770 2 2 0 1 3500 3547 3501
6771 2 2 0 1 3501 3547 3548
6772 2 2 0 1 3501 3548 3502
6773 2 2 0 1 3549 3503 3502
6774 2 2 0 1 3548 3549 3502
6775 2 2 0 1 3550 3504 3503
6776 2 2 0 1 3550 3503 3549
6777 2 2 0 1 3551 3504 3550
6778 2 2 0 1 3551 3509 3504
6779 2 2 0 1 3506 3552 3505
6780 2 2 0 1 3505 3552 3546
6781 2 2 0 1 3506 3553 3552
6782 2 2 0 1 3507 3553 3506
6783 2 2 0 1 3508 3554 3507
6784 2 2 0 1 3507 3554 3553
6785 2 2 0 1 3509 3555 3508
6786 2 2 0 1 3508 3555 3554
6787 2 2 0 1 3551 3555 3509
6788 2 2 0 1 3510 3556 3557
6789 2 2 0 1 3511 3510 3557
6790 2 2 0 1 3513 3511 3558
6791 2 2 0 1 3511 3557 3558
6792 2 2 0 1 3512 3559 3514
6793 2 2 0 1 3512 3513 3559
6794 2 2 0 1 3559 3513 3560
6795 2 2 0 1 3560 3513 3558
6796 2 2 0 1 3514 3559 3561
6797 2 2 0 1 3514 3561 3518
6798 2 2 0 1 3519 3515 3562
6799 2 2 0 1 3562 3515 3516
6800 2 2 0 1 3517 3562 3516
6801 2 2 0 1 3518 3563 3517
6802 2 2 0 1 3517 3563 3562
6803 2 2 0 1 3518 3564 3563
6804 2 2 0 1 3518 3561 3564
6805 2 2 0 1 3565 3520 3519
6806 2 2 0 1 3565 3519 3562
6807 2 2 0 1 3520 3566 3521
6808 2 2 0 1 3565 3566 3520
6809 2 2 0 1 3521 3566 3567
6810 2 2 0 1 3522 3521 3567
6811 2 2 0 1 3568 3522 3567
6812 2 2 0 1 3523 3522 3568
6813 2 2 0 1 3569 3523 3568
6814 2 2 0 1 3569 3524 3523
6815 2 2 0 1 3569 3570 3524
6816 2 2 0 1 3570 3525 3524
6817 2 2 0 1 3570 3571 3525
6818 2 2 0 1 3525 3571 3526
6819 2 2 0 1 3526 3571 3572
6820 2 2 0 1 3526 3572 3527
6821 2 2 0 1 3573 3528 3527
6822 2 2 0 1 3572 3573 3527
6823 2 2 0 1 3531 3528 3574
6824 2 2 0 1 3528 3573 3574
6825 2 2 0 1 3532 3529 3575
6826 2 2 0 1 3575 3529 3530
6827 2 2 0 1 3576 3530 3531
6828 2 2 0 1 3575 3530 3576
6829 2 2 0 1 3576 3531 3574
6830 2 2 0 1 3532 3578 3533
6831 2 2 0 1 3532 3577 3578
6832 2 2 0 1 3532 3575 3577
6833 2 2 0 1 3533 3578 3579
6834 2 2 0 1 3534 3533 3579
6835 2 2 0 1 3580 3534 3579
6836 2 2 0 1 3580 3535 3534
6837 2 2 0 1 3581 3536 3535
6838 2 2 0 1 3580 3581 3535
6839 2 2 0 1 3581 3582 3536
6840 2 2 0 1 3536 3582 3537
6841 2 2 0 1 3537 3583 3538
6842 2 2 0 1 3537 3582 3583
6843 2 2 0 1 3538 3583 3584
6844 2 2 0 1 3539 3538 3584
6845 2 2 0 1 3585 3539 3584
6846 2 2 0 1 3585 3545 3539
6847 2 2 0 1 3587 3541 3540
6848 2 2 0 1 3542 3586 3540
6849 2 2 0 1 3586 3587 3540
6850 2 2 0 1 3542 3543 3588
6851 2 2 0 1 3542 3588 3586
6852 2 2 0 1 3589 3543 3544
6853 2 2 0 1 3543 3589 3588
6854 2 2 0 1 3590 3544 3546
6855 2 2 0 1 3590 3589 3544
6856 2 2 0 1 3545 3591 3547
6857 2 2 0 1 3585 3591 3545
6858 2 2 0 1 3592 3590 3546
6859 2 2 0 1 3552 3592 3546
6860 2 2 0 1 3547 3591 3593
6861 2 2 0 1 3548 3547 3593
6862 2 2 0 1 3548 3593 3594
6863 2 2 0 1 3548 3594 3549
6864 2 2 0 1 3594 3595 3549
6865 2 2 0 1 3595 3550 3549
6866 2 2 0 1 3596 3551 3550
6867 2 2 0 1 3596 3550 3595
6868 2 2 0 1 3551 3597 3555
6869 2 2 0 1 3596 3597 3551
6870 2 2 0 1 3552 3598 3592
6871 2 2 0 1 3552 3553 3598
6872 2 2 0 1 3598 3553 3599
6873 2 2 0 1 3553 3554 3599
6874 2 2 0 1 3599 3554 3600
6875 2 2 0 1 3554 3555 3600
6876 2 2 0 1 3555 3597 3600
6877 2 2 0 1 3556 3601 3557
6878 2 2 0 1 3556 3602 3601
6879 2 2 0 1 3557 3601 3603
6880 2 2 0 1 3557 3603 3558
6881 2 2 0 1 3603 3560 3558
6882 2 2 0 1 3561 3559 3605
6883 2 2 0 1 3559 3560 3605
6884 2 2 0 1 3605 3560 3606
6885 2 2 0 1 3560 3603 3606
6886 2 2 0 1 3607 3561 3605
6887 2 2 0 1 3564 3561 3607
6888 2 2 0 1 3563 3608 3562
6889 2 2 0 1 3608 3565 3562
6890 2 2 0 1 3563 3564 3609
6891 2 2 0 1 3563 3609 3608
6892 2 2 0 1 3564 3607 3610
6893 2 2 0 1 3609 3564 3610
6894 2 2 0 1 3608 3611 3565
6895 2 2 0 1 3565 3611 3566
6896 2 2 0 1 3566 3611 3612
6897 2 2 0 1 3566 3612 3567
6898 2 2 0 1 3613 3568 3567
6899 2 2 0 1 3612 3613 3567
6900 2 2 0 1 3613 3614 3568
6901 2 2 0 1 3614 3569 3568
6902 2 2 0 1 3615 3570 3569
6903 2 2 0 1 3614 3615 3569
6904 2 2 0 1 3616 3571 3570
6905 2 2 0 1 3616 3570 3615
6906 2 2 0 1 3571 3617 3572
6907 2 2 0 1 3616 3617 3571
6908 2 2 0 1 3617 3618 3572
6909 2 2 0 1 3618 3573 3572
6910 2 2 0 1 3573 3619 3574
6911 2 2 0 1 3618 3619 3573
6912 2 2 0 1 3619 3620 3574
6913 2 2 0 1 3620 3576 3574
6914 2 2 0 1 3577 3575 3621
6915 2 2 0 1 3575 3576 3621
6916 2 2 0 1 3576 3620 3621
6917 2 2 0 1 3578 3577 3623
6918 2 2 0 1 3623 3577 3622
6919 2 2 0 1 3622 3577 3621
6920 2 2 0 1 3578 3623 3624
6921 2 2 0 1 3578 3624 3579
6922 2 2 0 1 3579 3624 3625
6923 2 2 0 1 3580 3579 3625
6924 2 2 0 1 3626 3581 3580
6925 2 2 0 1 3626 3580 3625
6926 2 2 0 1 3626 3627 3581
6927 2 2 0 1 3581 3627 3582
6928 2 2 0 1 3582 3627 3628
6929 2 2 0 1 3583 3582 3628
6930 2 2 0 1 3583 3629 3584
6931 2 2 0 1 3629 3583 3628
6932 2 2 0 1 3629 3630 3584
6933 2 2 0 1 3630 3585 3584
6934 2 2 0 1 3631 3591 3585
6935 2 2 0 1 3631 3585 3630
6936 2 2 0 1 3632 3633 3586
6937 2 2 0 1 3633 3587 3586
6938 2 2 0 1 3588 3632 3586
6939 2 2 0 1 3589 3634 3588
6940 2 2 0 1 3634 3632 3588
6941 2 2 0 1 3590 3635 3589
6942 2 2 0 1 3589 3635 3634
6943 2 2 0 1 3592 3636 3590
6944 2 2 0 1 3590 3636 3635
6945 2 2 0 1 3591 3637 3593
6946 2 2 0 1 3631 3637 3591
6947 2 2 0 1 3592 3638 3636
6948 2 2 0 1 3592 3598 3638
6949 2 2 0 1 3593 3639 3594
6950 2 2 0 1 3593 3637 3639
6951 2 2 0 1 3639 3640 3594
6952 2 2 0 1 3640 3595 3594
6953 2 2 0 1 3640 3641 3595
6954 2 2 0 1 3641 3596 3595
6955 2 2 0 1 3596 3642 3597
6956 2 2 0 1 3641 3642 3596
6957 2 2 0 1 3597 3643 3600
6958 2 2 0 1 3597 3642 3643
6959 2 2 0 1 3644 3598 3599
6960 2 2 0 1 3638 3598 3644
6961 2 2 0 1 3599 3600 3645
6962 2 2 0 1 3644 3599 3645
6963 2 2 0 1 3600 3643 3645
6964 2 2 0 1 3603 3601 3604
6965 2 2 0 1 3601 3647 3604
6966 2 2 0 1 3602 3647 3601
6967 2 2 0 1 3602 3646 3647
6968 2 2 0 1 3648 3603 3604
6969 2 2 0 1 3603 3648 3606
6970 2 2 0 1 3647 3649 3604
6971 2 2 0 1 3649 3648 3604
6972 2 2 0 1 3650 3607 3605
6973 2 2 0 1 3650 3605 3606
6974 2 2 0 1 3648 3650 3606
6975 2 2 0 1 3607 3651 3610
6976 2 2 0 1 3607 3650 3651
6977 2 2 0 1 3608 3652 3611
6978 2 2 0 1 3608 3609 3652
6979 2 2 0 1 3652 3609 3653
6980 2 2 0 1 3653 3609 3610
6981 2 2 0 1 3651 3653 3610
6982 2 2 0 1 3611 3652 3654
6983 2 2 0 1 3611 3654 3612
6984 2 2 0 1 3654 3655 3612
6985 2 2 0 1 3655 3613 3612
6986 2 2 0 1 3656 3614 3613
6987 2 2 0 1 3655 3656 3613
6988 2 2 0 1 3614 3657 3615
6989 2 2 0 1 3656 3657 3614
6990 2 2 0 1 3657 3658 3615
6991 2 2 0 1 3658 3616 3615
6992 2 2 0 1 3658 3659 3616
6993 2 2 0 1 3616 3659 3617
6994 2 2 0 1 3617 3660 3618
6995 2 2 0 1 3617 3659 3660
6996 2 2 0 1 3618 3660 3661
6997 2 2 0 1 3618 3661 3619
6998 2 2 0 1 3619 3661 3662
6999 2 2 0 1 3619 3662 3620
7000 2 2 0 1 3621 3620 3663
7001 2 2 0 1 3620 3662 3663
7002 2 2 0 1 3622 3621 3663
7003 2 2 0 1 3622 3663 3664
7004 2 2 0 1 3623 3622 3665
7005 2 2 0 1 3665 3622 3664
7006 2 2 0 1 3624 3623 3666
7007 2 2 0 1 3623 3665 3666
7008 2 2 0 1 3624 3668 3625
7009 2 2 0 1 3668 3624 3667
7010 2 2 0 1 3667 3624 3666
7011 2 2 0 1 3668 3626 3625
7012 2 2 0 1 3668 3669 3626
7013 2 2 0 1 3626 3669 3627
7014 2 2 0 1 3627 3670 3628
7015 2 2 0 1 3627 3669 3670
7016 2 2 0 1 3671 3629 3628
7017 2 2 0 1 3670 3671 3628
7018 2 2 0 1 3672 3630 3629
7019 2 2 0 1 3671 3672 3629
7020 2 2 0 1 3631 3630 3673
7021 2 2 0 1 3630 3672 3673
7022 2 2 0 1 3674 3631 3673
7023 2 2 0 1 3674 3637 3631
7024 2 2 0 1 3676 3633 3632
7025 2 2 0 1 3632 3634 3675
7026 2 2 0 1 3676 3632 3675
7027 2 2 0 1 3634 3635 3677
7028 2 2 0 1 3634 3677 3675
7029 2 2 0 1 3635 3636 3678
7030 2 2 0 1 3635 3678 3677
7031 2 2 0 1 3636 3638 3679
7032 2 2 0 1 3636 3679 3678
7033 2 2 0 1 3637 3680 3639
7034 2 2 0 1 3674 3680 3637
7035 2 2 0 1 3638 3644 3681
7036 2 2 0 1 3679 3638 3681
7037 2 2 0 1 3680 3682 3639
7038 2 2 0 1 3682 3640 3639
7039 2 2 0 1 3683 3640 3682
7040 2 2 0 1 3683 3641 3640
7041 2 2 0 1 3641 3684 3642
7042 2 2 0 1 3683 3684 3641
7043 2 2 0 1 3642 3685 3643
7044 2 2 0 1 3642 3684 3685
7045 2 2 0 1 3645 3643 3686
7046 2 2 0 1 3643 3685 3686
7047 2 2 0 1 3681 3644 3687
7048 2 2 0 1 3687 3644 3645
7049 2 2 0 1 3687 3645 3686
7050 2 2 0 1 3647 3646 3688
7051 2 2 0 1 3646 3689 3688
7052 2 2 0 1 3647 3688 3690
7053 2 2 0 1 3649 3647 3690
7054 2 2 0 1 3691 3648 3649
7055 2 2 0 1 3691 3650 3648
7056 2 2 0 1 3692 3649 3690
7057 2 2 0 1 3691 3649 3692
7058 2 2 0 1 3650 3693 3651
7059 2 2 0 1 3691 3693 3650
7060 2 2 0 1 3694 3653 3651
7061 2 2 0 1 3693 3694 3651
7062 2 2 0 1 3654 3652 3695
7063 2 2 0 1 3695 3652 3653
7064 2 2 0 1 3696 3695 3653
7065 2 2 0 1 3694 3696 3653
7066 2 2 0 1 3654 3697 3655
7067 2 2 0 1 3654 3695 3697
7068 2 2 0 1 3655 3697 3698
7069 2 2 0 1 3655 3698 3656
7070 2 2 0 1 3656 3699 3657
7071 2 2 0 1 3656 3698 3699
7072 2 2 0 1 3657 3700 3658
7073 2 2 0 1 3657 3699 3700
7074 2 2 0 1 3658 3701 3659
7075 2 2 0 1 3658 3700 3701
7076 2 2 0 1 3660 3659 3702
7077 2 2 0 1 3659 3701 3702
7078 2 2 0 1 3661 3660 3703
7079 2 2 0 1 3660 3702 3703
7080 2 2 0 1 3704 3661 3703
7081 2 2 0 1 3662 3661 3704
7082 2 2 0 1 3662 3704 3705
7083 2 2 0 1 3662 3705 3663
7084 2 2 0 1 3663 3706 3664
7085 2 2 0 1 3705 3706 3663
7086 2 2 0 1 3707 3665 3664
7087 2 2 0 1 3706 3707 3664
7088 2 2 0 1 3708 3665 3707
7089 2 2 0 1 3665 3708 3666
7090 2 2 0 1 3708 3667 3666
7091 2 2 0 1 3708 3709 3667
7092 2 2 0 1 3709 3668 3667
7093 2 2 0 1 3709 3710 3668
7094 2 2 0 1 3668 3710 3669
7095 2 2 0 1 3669 3710 3711
7096 2 2 0 1 3669 3711 3670
7097 2 2 0 1 3670 3711 3712
7098 2 2 0 1 3671 3670 3712
7099 2 2 0 1 3713 3671 3712
7100 2 2 0 1 3713 3672 3671
7101 2 2 0 1 3713 3714 3672
7102 2 2 0 1 3672 3714 3673
7103 2 2 0 1 3715 3674 3673
7104 2 2 0 1 3714 3715 3673
7105 2 2 0 1 3715 3716 3674
7106 2 2 0 1 3674 3716 3680
7107 2 2 0 1 3677 3717 3675
7108 2 2 0 1 3717 3718 3675
7109 2 2 0 1 3718 3676 3675
7110 2 2 0 1 3678 3719 3677
7111 2 2 0 1 3719 3717 3677
7112 2 2 0 1 3678 3679 3720
7113 2 2 0 1 3678 3720 3719
7114 2 2 0 1 3720 3679 3721
7115 2 2 0 1 3679 3681 3721
7116 2 2 0 1 3680 3722 3682
7117 2 2 0 1 3680 3716 3722
7118 2 2 0 1 3681 3723 3721
7119 2 2 0 1 3681 3687 3723
7120 2 2 0 1 3724 3683 3682
7121 2 2 0 1 3722 3724 3682
7122 2 2 0 1 3683 3725 3684
7123 2 2 0 1 3724 3725 3683
7124 2 2 0 1 3685 3684 3726
7125 2 2 0 1 3684 3725 3726
7126 2 2 0 1 3686 3685 3727
7127 2 2 0 1 3685 3726 3727
7128 2 2 0 1 3728 3686 3727
7129 2 2 0 1 3728 3687 3686
7130 2 2 0 1 3687 3728 3723
7131 2 2 0 1 3689 3730 3688
7132 2 2 0 1 3688 3730 3690
7133 2 2 0 1 3689 3729 3730
7134 2 2 0 1 3730 3731 3690
7135 2 2 0 1 3731 3692 3690
7136 2 2 0 1 3732 3693 3691
7137 2 2 0 1 3732 3691 3692
7138 2 2 0 1 3733 3692 3731
7139 2 2 0 1 3733 3732 3692
7140 2 2 0 1 3734 3693 3732
7141 2 2 0 1 3734 3694 3693
7142 2 2 0 1 3735 3696 3694
7143 2 2 0 1 3735 3694 3734
7144 2 2 0 1 3736 3695 3696
7145 2 2 0 1 3697 3695 3736
7146 2 2 0 1 3736 3696 3737
7147 2 2 0 1 3737 3696 3735
7148 2 2 0 1 3698 3697 3738
7149 2 2 0 1 3697 3736 3738
7150 2 2 0 1 3699 3698 3739
7151 2 2 0 1 3739 3698 3738
7152 2 2 0 1 3700 3699 3740
7153 2 2 0 1 3699 3739 3740
7154 2 2 0 1 3741 3700 3740
7155 2 2 0 1 3701 3700 3741
7156 2 2 0 1 3701 3741 3742
7157 2 2 0 1 3701 3742 3702
7158 2 2 0 1 3702 3743 3703
7159 2 2 0 1 3742 3743 3702
7160 2 2 0 1 3743 3744 3703
7161 2 2 0 1 3744 3704 3703
7162 2 2 0 1 3705 3704 3745
7163 2 2 0 1 3745 3704 3744
7164 2 2 0 1 3705 3746 3706
7165 2 2 0 1 3705 3745 3746
7166 2 2 0 1 3706 3747 3707
7167 2 2 0 1 3706 3746 3747
7168 2 2 0 1 3747 3748 3707
7169 2 2 0 1 3748 3708 3707
7170 2 2 0 1 3749 3708 3748
7171 2 2 0 1 3749 3709 3708
7172 2 2 0 1 3709 3750 3710
7173 2 2 0 1 3749 3750 3709
7174 2 2 0 1 3711 3710 3751
7175 2 2 0 1 3710 3750 3751
7176 2 2 0 1 3711 3751 3752
7177 2 2 0 1 3711 3752 3712
7178 2 2 0 1 3713 3712 3753
7179 2 2 0 1 3712 3752 3753
7180 2 2 0 1 3754 3713 3753
7181 2 2 0 1 3754 3714 3713
7182 2 2 0 1 3755 3715 3714
7183 2 2 0 1 3755 3714 3754
7184 2 2 0 1 3756 3716 3715
7185 2 2 0 1 3756 3715 3755
7186 2 2 0 1 3716 3757 3722
7187 2 2 0 1 3756 3757 3716
7188 2 2 0 1 3759 3717 3758
7189 2 2 0 1 3759 3718 3717
7190 2 2 0 1 3717 3719 3758
7191 2 2 0 1 3719 3720 3760
7192 2 2 0 1 3719 3760 3758
7193 2 2 0 1 3720 3761 3760
7194 2 2 0 1 3761 3720 3721
7195 2 2 0 1 3723 3762 3721
7196 2 2 0 1 3762 3761 3721
7197 2 2 0 1 3763 3724 3722
7198 2 2 0 1 3757 3763 3722
7199 2 2 0 1 3728 3764 3723
7200 2 2 0 1 3764 3762 3723
7201 2 2 0 1 3724 3765 3725
7202 2 2 0 1 3763 3765 3724
7203 2 2 0 1 3725 3765 3766
7204 2 2 0 1 3725 3766 3726
7205 2 2 0 1 3726 3766 3767
7206 2 2 0 1 3727 3726 3767
7207 2 2 0 1 3768 3727 3767
7208 2 2 0 1 3768 3728 3727
7209 2 2 0 1 3768 3764 3728
7210 2 2 0 1 3729 3770 3769
7211 2 2 0 1 3730 3729 3769
7212 2 2 0 1 3731 3730 3771
7213 2 2 0 1 3771 3730 3769
7214 2 2 0 1 3772 3733 3731
7215 2 2 0 1 3772 3731 3771
7216 2 2 0 1 3773 3732 3733
7217 2 2 0 1 3734 3732 3773
7218 2 2 0 1 3773 3733 3774
7219 2 2 0 1 3774 3733 3772
7220 2 2 0 1 3734 3773 3775
7221 2 2 0 1 3735 3734 3775
7222 2 2 0 1 3776 3735 3775
7223 2 2 0 1 3737 3735 3776
7224 2 2 0 1 3736 3737 3777
7225 2 2 0 1 3736 3777 3738
7226 2 2 0 1 3737 3776 3778
7227 2 2 0 1 3777 3737 3778
7228 2 2 0 1 3779 3739 3738
7229 2 2 0 1 3777 3779 3738
7230 2 2 0 1 3740 3739 3780
7231 2 2 0 1 3780 3739 3779
7232 2 2 0 1 3741 3740 3781
7233 2 2 0 1 3740 3780 3781
7234 2 2 0 1 3742 3741 3782
7235 2 2 0 1 3782 3741 3781
7236 2 2 0 1 3742 3783 3743
7237 2 2 0 1 3742 3782 3783
7238 2 2 0 1 3783 3784 3743
7239 2 2 0 1 3784 3744 3743
7240 2 2 0 1 3745 3744 3785
7241 2 2 0 1 3744 3784 3785
7242 2 2 0 1 3746 3745 3786
7243 2 2 0 1 3745 3785 3786
7244 2 2 0 1 3787 3746 3786
7245 2 2 0 1 3747 3746 3787
7246 2 2 0 1 3748 3747 3788
7247 2 2 0 1 3747 3787 3788
7248 2 2 0 1 3789 3748 3788
7249 2 2 0 1 3789 3749 3748
7250 2 2 0 1 3789 3790 3749
7251 2 2 0 1 3749 3790 3750
7252 2 2 0 1 3750 3791 3751
7253 2 2 0 1 3750 3790 3791
7254 2 2 0 1 3751 3791 3792
7255 2 2 0 1 3752 3751 3792
7256 2 2 0 1 3793 3752 3792
7257 2 2 0 1 3752 3793 3753
7258 2 2 0 1 3794 3754 3753
7259 2 2 0 1 3793 3794 3753
7260 2 2 0 1 3755 3754 3795
7261 2 2 0 1 3795 3754 3794
7262 2 2 0 1 3756 3755 3796
7263 2 2 0 1 3755 3795 3796
7264 2 2 0 1 3797 3757 3756
7265 2 2 0 1 3797 3756 3796
7266 2 2 0 1 3798 3757 3797
7267 2 2 0 1 3798 3763 3757
7268 2 2 0 1 3800 3759 3758
7269 2 2 0 1 3760 3799 3758
7270 2 2 0 1 3799 3800 3758
7271 2 2 0 1 3801 3799 3760
7272 2 2 0 1 3761 3801 3760
7273 2 2 0 1 3761 3802 3801
7274 2 2 0 1 3762 3802 3761
7275 2 2 0 1 3764 3803 3762
7276 2 2 0 1 3762 3803 3802
7277 2 2 0 1 3763 3804 3765
7278 2 2 0 1 3798 3804 3763
7279 2 2 0 1 3805 3764 3768
7280 2 2 0 1 3805 3803 3764
7281 2 2 0 1 3766 3765 3806
7282 2 2 0 1 3765 3804 3806
7283 2 2 0 1 3766 3806 3807
7284 2 2 0 1 3766 3807 3767
7285 2 2 0 1 3808 3768 3767
7286 2 2 0 1 3807 3808 3767
7287 2 2 0 1 3805 3768 3808
7288 2 2 0 1 3810 3771 3769
7289 2 2 0 1 3770 3810 3769
7290 2 2 0 1 3770 3809 3810
7291 2 2 0 1 3772 3771 3811
7292 2 2 0 1 3771 3810 3811
7293 2 2 0 1 3774 3772 3812
7294 2 2 0 1 3772 3811 3812
7295 2 2 0 1 3773 3774 3813
7296 2 2 0 1 3773 3813 3775
7297 2 2 0 1 3813 3774 3814
7298 2 2 0 1 3774 3812 3814
7299 2 2 0 1 3813 3815 3775
7300 2 2 0 1 3815 3776 3775
7301 2 2 0 1 3778 3776 3816
7302 2 2 0 1 3776 3815 3816
7303 2 2 0 1 3777 3817 3779
7304 2 2 0 1 3817 3777 3778
7305 2 2 0 1 3817 3778 3816
7306 2 2 0 1 3817 3818 3779
7307 2 2 0 1 3818 3780 3779
7308 2 2 0 1 3781 3780 3819
7309 2 2 0 1 3819 3780 3818
7310 2 2 0 1 3820 3782 3781
7311 2 2 0 1 3820 3781 3819
7312 2 2 0 1 3821 3782 3820
7313 2 2 0 1 3783 3782 3821
7314 2 2 0 1 3783 3821 3822
7315 2 2 0 1 3783 3822 3784
7316 2 2 0 1 3784 3822 3823
7317 2 2 0 1 3785 3784 3823
7318 2 2 0 1 3785 3823 3824
7319 2 2 0 1 3786 3785 3824
7320 2 2 0 1 3825 3787 3786
7321 2 2 0 1 3825 3786 3824
7322 2 2 0 1 3787 3826 3788
7323 2 2 0 1 3787 3825 3826
7324 2 2 0 1 3827 3789 3788
7325 2 2 0 1 3826 3827 3788
7326 2 2 0 1 3827 3828 3789
7327 2 2 0 1 3789 3828 3790
7328 2 2 0 1 3790 3829 3791
7329 2 2 0 1 3790 3828 3829
7330 2 2 0 1 3792 3791 3830
7331 2 2 0 1 3791 3829 3830
7332 2 2 0 1 3831 3793 3792
7333 2 2 0 1 3831 3792 3830
7334 2 2 0 1 3831 3832 3793
7335 2 2 0 1 3832 3794 3793
7336 2 2 0 1 3795 3794 3833
7337 2 2 0 1 3833 3794 3832
7338 2 2 0 1 3796 3795 3834
7339 2 2 0 1 3795 3833 3834
7340 2 2 0 1 3835 3796 3834
7341 2 2 0 1 3835 3797 3796
7342 2 2 0 1 3835 3836 3797
7343 2 2 0 1 3836 3798 3797
7344 2 2 0 1 3798 3837 3804
7345 2 2 0 1 3836 3837 3798
7346 2 2 0 1 3799 3801 3838
7347 2 2 0 1 3839 3799 3838
7348 2 2 0 1 3839 3800 3799
7349 2 2 0 1 3801 3840 3838
7350 2 2 0 1 3801 3802 3840
7351 2 2 0 1 3802 3803 3841
7352 2 2 0 1 3840 3802 3841
7353 2 2 0 1 3803 3842 3841
7354 2 2 0 1 3805 3842 3803
7355 2 2 0 1 3804 3843 3806
7356 2 2 0 1 3804 3837 3843
7357 2 2 0 1 3844 3805 3808
7358 2 2 0 1 3844 3842 3805
7359 2 2 0 1 3806 3845 3807
7360 2 2 0 1 3806 3843 3845
7361 2 2 0 1 3846 3808 3807
7362 2 2 0 1 3845 3846 3807
7363 2 2 0 1 3846 3844 3808
7364 2 2 0 1 3809 3847 3848
7365 2 2 0 1 3810 3809 3848
7366 2 2 0 1 3849 3810 3848
7367 2 2 0 1 3810 3849 3811
7368 2 2 0 1 3849 3850 3811
7369 2 2 0 1 3811 3850 3812
7370 2 2 0 1 3850 3851 3812
7371 2 2 0 1 3812 3851 3814
7372 2 2 0 1 3852 3813 3814
7373 2 2 0 1 3813 3852 3815
7374 2 2 0 1 3851 3852 3814
7375 2 2 0 1 3852 3853 3815
7376 2 2 0 1 3815 3853 3816
7377 2 2 0 1 3853 3854 3816
7378 2 2 0 1 3854 3817 3816
7379 2 2 0 1 3855 3817 3854
7380 2 2 0 1 3855 3818 3817
7381 2 2 0 1 3856 3819 3818
7382 2 2 0 1 3855 3856 3818
7383 2 2 0 1 3820 3819 3857
7384 2 2 0 1 3857 3819 3856
7385 2 2 0 1 3820 3857 3858
7386 2 2 0 1 3821 3820 3858
7387 2 2 0 1 3822 3821 3859
7388 2 2 0 1 3859 3821 3858
7389 2 2 0 1 3822 3860 3823
7390 2 2 0 1 3822 3859 3860
7391 2 2 0 1 3823 3861 3824
7392 2 2 0 1 3860 3861 3823
7393 2 2 0 1 3861 3862 3824
7394 2 2 0 1 3862 3825 3824
7395 2 2 0 1 3862 3863 3825
7396 2 2 0 1 3825 3863 3826
7397 2 2 0 1 3863 3864 3826
7398 2 2 0 1 3864 3827 3826
7399 2 2 0 1 3864 3865 3827
7400 2 2 0 1 3827 3865 3828
7401 2 2 0 1 3829 3828 3866
7402 2 2 0 1 3828 3865 3866
7403 2 2 0 1 3829 3866 3867
7404 2 2 0 1 3830 3829 3867
7405 2 2 0 1 3868 3830 3867
7406 2 2 0 1 3868 3831 3830
7407 2 2 0 1 3869 3832 3831
7408 2 2 0 1 3869 3831 3868
7409 2 2 0 1 3870 3832 3869
7410 2 2 0 1 3833 3832 3870
7411 2 2 0 1 3833 3870 3871
7412 2 2 0 1 3833 3871 3834
7413 2 2 0 1 3872 3835 3834
7414 2 2 0 1 3871 3872 3834
7415 2 2 0 1 3873 3836 3835
7416 2 2 0 1 3873 3835 3872
7417 2 2 0 1 3873 3874 3836
7418 2 2 0 1 3836 3874 3837
7419 2 2 0 1 3843 3837 3875
7420 2 2 0 1 3837 3874 3875
7421 2 2 0 1 3876 3877 3838
7422 2 2 0 1 3877 3839 3838
7423 2 2 0 1 3840 3876 3838
7424 2 2 0 1 3840 3841 3878
7425 2 2 0 1 3840 3878 3876
7426 2 2 0 1 3842 3879 3841
7427 2 2 0 1 3841 3879 3878
7428 2 2 0 1 3844 3880 3842
7429 2 2 0 1 3842 3880 3879
7430 2 2 0 1 3843 3875 3881
7431 2 2 0 1 3843 3881 3845
7432 2 2 0 1 3882 3844 3846
7433 2 2 0 1 3882 3880 3844
7434 2 2 0 1 3881 3883 3845
7435 2 2 0 1 3883 3846 3845
7436 2 2 0 1 3882 3846 3883
7437 2 2 0 1 3848 3847 3885
7438 2 2 0 1 3847 3884 3885
7439 2 2 0 1 3886 3848 3885
7440 2 2 0 1 3886 3849 3848
7441 2 2 0 1 3886 3887 3849
7442 2 2 0 1 3887 3850 3849
7443 2 2 0 1 3887 3888 3850
7444 2 2 0 1 3850 3888 3851
7445 2 2 0 1 3889 3852 3851
7446 2 2 0 1 3888 3889 3851
7447 2 2 0 1 3852 3890 3853
7448 2 2 0 1 3889 3890 3852
7449 2 2 0 1 3853 3891 3854
7450 2 2 0 1 3853 3890 3891
7451 2 2 0 1 3892 3855 3854
7452 2 2 0 1 3891 3892 3854
7453 2 2 0 1 3893 3855 3892
7454 2 2 0 1 3893 3856 3855
7455 2 2 0 1 3894 3856 3893
7456 2 2 0 1 3857 3856 3894
7457 2 2 0 1 3857 3895 3858
7458 2 2 0 1 3857 3894 3895
7459 2 2 0 1 3895 3896 3858
7460 2 2 0 1 3896 3859 3858
7461 2 2 0 1 3897 3859 3896
7462 2 2 0 1 3860 3859 3897
7463 2 2 0 1 3860 3897 3898
7464 2 2 0 1 3860 3898 3861
7465 2 2 0 1 3861 3898 3899
7466 2 2 0 1 3861 3899 3862
7467 2 2 0 1 3862 3900 3863
7468 2 2 0 1 3862 3899 3900
7469 2 2 0 1 3863 3900 3901
7470 2 2 0 1 3863 3901 3864
7471 2 2 0 1 3864 3902 3865
7472 2 2 0 1 3864 3901 3902
7473 2 2 0 1 3865 3902 3903
7474 2 2 0 1 3865 3903 3866
7475 2 2 0 1 3866 3903 3904
7476 2 2 0 1 3866 3904 3867
7477 2 2 0 1 3905 3868 3867
7478 2 2 0 1 3904 3905 3867
7479 2 2 0 1 3906 3869 3868
7480 2 2 0 1 3905 3906 3868
7481 2 2 0 1 3907 3869 3906
7482 2 2 0 1 3870 3869 3907
7483 2 2 0 1 3871 3870 3908
7484 2 2 0 1 3870 3907 3908
7485 2 2 0 1 3871 3909 3872
7486 2 2 0 1 3909 3871 3908
7487 2 2 0 1 3910 3873 3872
7488 2 2 0 1 3909 3910 3872
7489 2 2 0 1 3910 3911 3873
7490 2 2 0 1 3873 3911 3874
7491 2 2 0 1 3874 3911 3912
7492 2 2 0 1 3875 3874 3912
7493 2 2 0 1 3875 3913 3881
7494 2 2 0 1 3913 3875 3912
7495 2 2 0 1 3878 3914 3876
7496 2 2 0 1 3915 3877 3876
7497 2 2 0 1 3914 3915 3876
7498 2 2 0 1 3878 3917 3916
7499 2 2 0 1 3914 3878 3916
7500 2 2 0 1 3879 3917 3878
7501 2 2 0 1 3879 3918 3917
7502 2 2 0 1 3880 3918 3879
7503 2 2 0 1 3880 3919 3918
7504 2 2 0 1 3882 3919 3880
7505 2 2 0 1 3913 3920 3881
7506 2 2 0 1 3920 3883 3881
7507 2 2 0 1 3921 3882 3883
7508 2 2 0 1 3921 3919 3882
7509 2 2 0 1 3920 3921 3883
7510 2 2 0 1 3884 3922 3923
7511 2 2 0 1 3884 3923 3885
7512 2 2 0 1 3885 3923 3924
7513 2 2 0 1 3886 3885 3924
7514 2 2 0 1 3925 3887 3886
7515 2 2 0 1 3925 3886 3924
7516 2 2 0 1 3926 3887 3925
7517 2 2 0 1 3926 3888 3887
7518 2 2 0 1 3927 3888 3926
7519 2 2 0 1 3927 3889 3888
7520 2 2 0 1 3928 3890 3889
7521 2 2 0 1 3928 3889 3927
7522 2 2 0 1 3928 3929 3890
7523 2 2 0 1 3890 3929 3891
7524 2 2 0 1 3929 3930 3891
7525 2 2 0 1 3891 3930 3892
7526 2 2 0 1 3930 3931 3892
7527 2 2 0 1 3931 3893 3892
7528 2 2 0 1 3932 3893 3931
7529 2 2 0 1 3894 3893 3932
7530 2 2 0 1 3895 3894 3933
7531 2 2 0 1 3894 3932 3933
7532 2 2 0 1 3896 3895 3934
7533 2 2 0 1 3934 3895 3933
7534 2 2 0 1 3935 3897 3896
7535 2 2 0 1 3935 3896 3934
7536 2 2 0 1 3936 3897 3935
7537 2 2 0 1 3898 3897 3936
7538 2 2 0 1 3898 3936 3937
7539 2 2 0 1 3899 3898 3937
7540 2 2 0 1 3938 3899 3937
7541 2 2 0 1 3900 3899 3938
7542 2 2 0 1 3901 3900 3939
7543 2 2 0 1 3900 3938 3939
7544 2 2 0 1 3902 3901 3940
7545 2 2 0 1 3940 3901 3939
7546 2 2 0 1 3902 3940 3941
7547 2 2 0 1 3902 3941 3903
7548 2 2 0 1 3941 3942 3903
7549 2 2 0 1 3903 3942 3904
7550 2 2 0 1 3904 3942 3943
7551 2 2 0 1 3905 3904 3943
7552 2 2 0 1 3944 3905 3943
7553 2 2 0 1 3944 3906 3905
7554 2 2 0 1 3907 3906 3945
7555 2 2 0 1 3945 3906 3944
7556 2 2 0 1 3946 3907 3945
7557 2 2 0 1 3908 3907 3946
7558 2 2 0 1 3909 3908 3947
7559 2 2 0 1 3908 3946 3947
7560 2 2 0 1 3948 3909 3947
7561 2 2 0 1 3948 3910 3909
7562 2 2 0 1 3910 3949 3911
7563 2 2 0 1 3948 3949 3910
7564 2 2 0 1 3911 3949 3950
7565 2 2 0 1 3911 3950 3912
7566 2 2 0 1 3950 3951 3912
7567 2 2 0 1 3951 3913 3912
7568 2 2 0 1 3952 3913 3951
7569 2 2 0 1 3952 3920 3913
7570 2 2 0 1 3954 3915 3914
7571 2 2 0 1 3954 3914 3953
7572 2 2 0 1 3953 3914 3916
7573 2 2 0 1 3917 3955 3916
7574 2 2 0 1 3955 3953 3916
7575 2 2 0 1 3917 3956 3955
7576 2 2 0 1 3917 3918 3956
7577 2 2 0 1 3918 3957 3956
7578 2 2 0 1 3918 3919 3957
7579 2 2 0 1 3921 3958 3919
7580 2 2 0 1 3919 3958 3957
7581 2 2 0 1 3959 3921 3920
7582 2 2 0 1 3959 3920 3952
7583 2 2 0 1 3959 3958 3921
7584 2 2 0 1 3923 3922 3962
7585 2 2 0 1 3922 3960 3962
7586 2 2 0 1 3964 3923 3963
7587 2 2 0 1 3923 3964 3924
7588 2 2 0 1 3963 3923 3962
7589 2 2 0 1 3964 3925 3924
7590 2 2 0 1 3926 3925 3965
7591 2 2 0 1 3925 3964 3965
7592 2 2 0 1 3927 3926 3966
7593 2 2 0 1 3966 3926 3965
7594 2 2 0 1 3928 3927 3967
7595 2 2 0 1 3927 3966 3967
7596 2 2 0 1 3968 3929 3928
7597 2 2 0 1 3968 3928 3967
7598 2 2 0 1 3968 3969 3929
7599 2 2 0 1 3929 3969 3930
7600 2 2 0 1 3930 3969 3970
7601 2 2 0 1 3931 3930 3970
7602 2 2 0 1 3971 3931 3970
7603 2 2 0 1 3932 3931 3971
7604 2 2 0 1 3932 3971 3972
7605 2 2 0 1 3933 3932 3972
7606 2 2 0 1 3973 3934 3933
7607 2 2 0 1 3973 3933 3972
7608 2 2 0 1 3974 3935 3934
7609 2 2 0 1 3973 3974 3934
7610 2 2 0 1 3936 3935 3975
7611 2 2 0 1 3975 3935 3974
7612 2 2 0 1 3936 3976 3937
7613 2 2 0 1 3936 3975 3976
7614 2 2 0 1 3938 3937 3977
7615 2 2 0 1 3937 3976 3977
7616 2 2 0 1 3938 3977 3978
7617 2 2 0 1 3938 3978 3939
7618 2 2 0 1 3978 3979 3939
7619 2 2 0 1 3979 3940 3939
7620 2 2 0 1 3980 3940 3979
7621 2 2 0 1 3941 3940 3980
7622 2 2 0 1 3941 3980 3981
7623 2 2 0 1 3941 3981 3942
7624 2 2 0 1 3942 3982 3943
7625 2 2 0 1 3942 3981 3982
7626 2 2 0 1 3982 3983 3943
7627 2 2 0 1 3983 3944 3943
7628 2 2 0 1 3984 3944 3983
7629 2 2 0 1 3984 3945 3944
7630 2 2 0 1 3945 3984 3985
7631 2 2 0 1 3946 3945 3985
7632 2 2 0 1 3946 3986 3947
7633 2 2 0 1 3986 3946 3985
7634 2 2 0 1 3987 3948 3947
7635 2 2 0 1 3986 3987 3947
7636 2 2 0 1 3948 3988 3949
7637 2 2 0 1 3987 3988 3948
7638 2 2 0 1 3949 3988 3989
7639 2 2 0 1 3950 3949 3989
7640 2 2 0 1 3950 3989 3990
7641 2 2 0 1 3950 3990 3951
7642 2 2 0 1 3990 3991 3951
7643 2 2 0 1 3991 3952 3951
7644 2 2 0 1 3991 3992 3952
7645 2 2 0 1 3992 3959 3952
7646 2 2 0 1 3993 3994 3953
7647 2 2 0 1 3994 3954 3953
7648 2 2 0 1 3993 3953 3955
7649 2 2 0 1 3956 3995 3955
7650 2 2 0 1 3995 3993 3955
7651 2 2 0 1 3956 3996 3995
7652 2 2 0 1 3957 3996 3956
7653 2 2 0 1 3958 3997 3957
7654 2 2 0 1 3997 3996 3957
7655 2 2 0 1 3958 3998 3997
7656 2 2 0 1 3959 3998 3958
7657 2 2 0 1 3992 3998 3959
7658 2 2 0 1 3962 3960 3999
7659 2 2 0 1 3960 3961 3999
7660 2 2 0 1 3961 4000 4001
7661 2 2 0 1 3961 4001 3999
7662 2 2 0 1 4002 3963 3962
7663 2 2 0 1 4002 3962 3999
7664 2 2 0 1 4003 3964 3963
7665 2 2 0 1 4002 4003 3963
7666 2 2 0 1 4003 4004 3964
7667 2 2 0 1 3964 4004 3965
7668 2 2 0 1 4004 4005 3965
7669 2 2 0 1 4005 3966 3965
7670 2 2 0 1 3966 4005 4006
7671 2 2 0 1 3966 4006 3967
7672 2 2 0 1 4007 3968 3967
7673 2 2 0 1 4006 4007 3967
7674 2 2 0 1 4007 4008 3968
7675 2 2 0 1 3968 4008 3969
7676 2 2 0 1 3969 4009 3970
7677 2 2 0 1 3969 4008 4009
7678 2 2 0 1 4010 3971 3970
7679 2 2 0 1 4009 4010 3970
7680 2 2 0 1 3971 4010 4011
7681 2 2 0 1 3972 3971 4011
7682 2 2 0 1 4012 3973 3972
7683 2 2 0 1 4012 3972 4011
7684 2 2 0 1 4013 3973 4012
7685 2 2 0 1 4013 3974 3973
7686 2 2 0 1 3975 3974 4014
7687 2 2 0 1 4014 3974 4013
7688 2 2 0 1 3976 3975 4015
7689 2 2 0 1 3975 4014 4015
7690 2 2 0 1 3977 3976 4016
7691 2 2 0 1 4016 3976 4015
7692 2 2 0 1 3977 4017 3978
7693 2 2 0 1 3977 4016 4017
7694 2 2 0 1 3979 3978 4018
7695 2 2 0 1 3978 4017 4018
7696 2 2 0 1 3980 3979 4019
7697 2 2 0 1 3979 4018 4019
7698 2 2 0 1 4020 3980 4019
7699 2 2 0 1 3981 3980 4020
7700 2 2 0 1 3981 4021 3982
7701 2 2 0 1 3981 4020 4021
7702 2 2 0 1 4021 4022 3982
7703 2 2 0 1 4022 3983 3982
7704 2 2 0 1 4022 4023 3983
7705 2 2 0 1 4023 3984 3983
7706 2 2 0 1 4023 4024 3984
7707 2 2 0 1 3984 4024 3985
7708 2 2 0 1 4025 3986 3985
7709 2 2 0 1 4024 4025 3985
7710 2 2 0 1 4026 3987 3986
7711 2 2 0 1 4025 4026 3986
7712 2 2 0 1 4026 4027 3987
7713 2 2 0 1 3987 4027 3988
7714 2 2 0 1 3989 3988 4028
7715 2 2 0 1 3988 4027 4028
7716 2 2 0 1 3989 4029 3990
7717 2 2 0 1 3989 4028 4029
7718 2 2 0 1 4030 3991 3990
7719 2 2 0 1 4029 4030 3990
7720 2 2 0 1 4031 3992 3991
7721 2 2 0 1 4030 4031 3991
7722 2 2 0 1 3992 4032 3998
7723 2 2 0 1 4031 4032 3992
7724 2 2 0 1 4033 3993 3995
7725 2 2 0 1 4034 3994 3993
7726 2 2 0 1 4034 3993 4033
7727 2 2 0 1 4035 4033 3995
7728 2 2 0 1 3996 4035 3995
7729 2 2 0 1 3997 4036 3996
7730 2 2 0 1 3996 4036 4035
7731 2 2 0 1 3997 3998 4037
7732 2 2 0 1 3997 4037 4036
7733 2 2 0 1 3998 4032 4037
7734 2 2 0 1 4002 3999 4038
7735 2 2 0 1 3999 4001 4038
7736 2 2 0 1 4000 4039 4040
7737 2 2 0 1 4001 4000 4040
7738 2 2 0 1 4001 4040 4041
7739 2 2 0 1 4038 4001 4041
7740 2 2 0 1 4047 4003 4002
7741 2 2 0 1 4047 4002 4038
7742 2 2 0 1 4048 4004 4003
7743 2 2 0 1 4048 4003 4047
7744 2 2 0 1 4049 4004 4048
7745 2 2 0 1 4049 4005 4004
7746 2 2 0 1 4005 4050 4006
7747 2 2 0 1 4049 4050 4005
7748 2 2 0 1 4051 4007 4006
7749 2 2 0 1 4050 4051 4006
7750 2 2 0 1 4007 4052 4008
7751 2 2 0 1 4051 4052 4007
7752 2 2 0 1 4008 4052 4053
7753 2 2 0 1 4009 4008 4053
7754 2 2 0 1 4054 4009 4053
7755 2 2 0 1 4009 4054 4010
7756 2 2 0 1 4054 4055 4010
7757 2 2 0 1 4010 4055 4011
7758 2 2 0 1 4055 4056 4011
7759 2 2 0 1 4056 4012 4011
7760 2 2 0 1 4057 4013 4012
7761 2 2 0 1 4056 4057 4012
7762 2 2 0 1 4058 4013 4057
7763 2 2 0 1 4014 4013 4058
7764 2 2 0 1 4014 4058 4059
7765 2 2 0 1 4014 4059 4015
7766 2 2 0 1 4015 4059 4060
7767 2 2 0 1 4016 4015 4060
7768 2 2 0 1 4016 4060 4061
7769 2 2 0 1 4017 4016 4061
7770 2 2 0 1 4018 4017 4062
7771 2 2 0 1 4062 4017 4061
7772 2 2 0 1 4018 4062 4063
7773 2 2 0 1 4018 4063 4019
7774 2 2 0 1 4064 4020 4019
7775 2 2 0 1 4063 4064 4019
7776 2 2 0 1 4065 4020 4064
7777 2 2 0 1 4021 4020 4065
7778 2 2 0 1 4021 4066 4022
7779 2 2 0 1 4021 4065 4066
7780 2 2 0 1 4022 4066 4067
7781 2 2 0 1 4022 4067 4023
7782 2 2 0 1 4023 4068 4024
7783 2 2 0 1 4023 4067 4068
7784 2 2 0 1 4024 4069 4025
7785 2 2 0 1 4024 4068 4069
7786 2 2 0 1 4025 4069 4070
7787 2 2 0 1 4025 4070 4026
7788 2 2 0 1 4026 4071 4027
7789 2 2 0 1 4026 4070 4071
7790 2 2 0 1 4027 4072 4028
7791 2 2 0 1 4027 4071 4072
7792 2 2 0 1 4072 4073 4028
7793 2 2 0 1 4028 4073 4029
7794 2 2 0 1 4073 4074 4029
7795 2 2 0 1 4074 4030 4029
7796 2 2 0 1 4075 4031 4030
7797 2 2 0 1 4075 4030 4074
7798 2 2 0 1 4075 4076 4031
7799 2 2 0 1 4031 4076 4032
7800 2 2 0 1 4032 4076 4077
7801 2 2 0 1 4032 4077 4037
7802 2 2 0 1 4078 4079 4033
7803 2 2 0 1 4079 4034 4033
7804 2 2 0 1 4078 4033 4035
7805 2 2 0 1 4080 4078 4035
7806 2 2 0 1 4036 4080 4035
7807 2 2 0 1 4037 4081 4036
7808 2 2 0 1 4036 4081 4080
7809 2 2 0 1 4037 4077 4081
7810 2 2 0 1 4082 4038 4041
7811 2 2 0 1 4082 4047 4038
7812 2 2 0 1 4039 4042 4083
7813 2 2 0 1 4039 4083 4040
7814 2 2 0 1 4040 4083 4084
7815 2 2 0 1 4041 4040 4084
7816 2 2 0 1 4085 4041 4084
7817 2 2 0 1 4085 4082 4041
7818 2 2 0 1 4083 4042 4086
7819 2 2 0 1 4042 4044 4086
7820 2 2 0 1 4087 4043 4045
7821 2 2 0 1 4043 4046 4045
7822 2 2 0 1 4044 4043 4087
7823 2 2 0 1 4044 4087 4086
7824 2 2 0 1 4088 4087 4045
7825 2 2 0 1 4046 4089 4045
7826 2 2 0 1 4089 4088 4045
7827 2 2 0 1 4046 4090 4089
7828 2 2 0 1 4095 4048 4047
7829 2 2 0 1 4095 4047 4082
7830 2 2 0 1 4049 4048 4096
7831 2 2 0 1 4048 4095 4096
7832 2 2 0 1 4097 4049 4096
7833 2 2 0 1 4097 4050 4049
7834 2 2 0 1 4098 4051 4050
7835 2 2 0 1 4098 4050 4097
7836 2 2 0 1 4099 4052 4051
7837 2 2 0 1 4099 4051 4098
7838 2 2 0 1 4052 4100 4053
7839 2 2 0 1 4099 4100 4052
7840 2 2 0 1 4101 4054 4053
7841 2 2 0 1 4100 4101 4053
7842 2 2 0 1 4054 4102 4055
7843 2 2 0 1 4101 4102 4054
7844 2 2 0 1 4103 4056 4055
7845 2 2 0 1 4102 4103 4055
7846 2 2 0 1 4104 4057 4056
7847 2 2 0 1 4104 4056 4103
7848 2 2 0 1 4105 4057 4104
7849 2 2 0 1 4058 4057 4105
7850 2 2 0 1 4058 4105 4106
7851 2 2 0 1 4059 4058 4106
7852 2 2 0 1 4060 4059 4107
7853 2 2 0 1 4107 4059 4106
7854 2 2 0 1 4060 4107 4108
7855 2 2 0 1 4061 4060 4108
7856 2 2 0 1 4109 4061 4108
7857 2 2 0 1 4109 4062 4061
7858 2 2 0 1 4063 4062 4110
7859 2 2 0 1 4062 4109 4110
7860 2 2 0 1 4111 4063 4110
7861 2 2 0 1 4111 4064 4063
7862 2 2 0 1 4065 4064 4112
7863 2 2 0 1 4064 4111 4112
7864 2 2 0 1 4113 4065 4112
7865 2 2 0 1 4066 4065 4113
7866 2 2 0 1 4066 4113 4114
7867 2 2 0 1 4067 4066 4114
7868 2 2 0 1 4067 4114 4115
7869 2 2 0 1 4068 4067 4115
7870 2 2 0 1 4116 4068 4115
7871 2 2 0 1 4069 4068 4116
7872 2 2 0 1 4070 4069 4117
7873 2 2 0 1 4069 4116 4117
7874 2 2 0 1 4071 4070 4118
7875 2 2 0 1 4118 4070 4117
7876 2 2 0 1 4119 4071 4118
7877 2 2 0 1 4072 4071 4119
7878 2 2 0 1 4072 4119 4120
7879 2 2 0 1 4072 4120 4073
7880 2 2 0 1 4073 4121 4074
7881 2 2 0 1 4120 4121 4073
7882 2 2 0 1 4121 4122 4074
7883 2 2 0 1 4122 4075 4074
7884 2 2 0 1 4075 4123 4076
7885 2 2 0 1 4122 4123 4075
7886 2 2 0 1 4076 4123 4124
7887 2 2 0 1 4077 4076 4124
7888 2 2 0 1 4125 4077 4124
7889 2 2 0 1 4081 4077 4125
7890 2 2 0 1 4127 4079 4078
7891 2 2 0 1 4127 4078 4126
7892 2 2 0 1 4126 4078 4080
7893 2 2 0 1 4128 4126 4080
7894 2 2 0 1 4081 4128 4080
7895 2 2 0 1 4081 4125 4128
7896 2 2 0 1 4129 4095 4082
7897 2 2 0 1 4085 4129 4082
7898 2 2 0 1 4083 4130 4084
7899 2 2 0 1 4130 4083 4086
7900 2 2 0 1 4130 4085 4084
7901 2 2 0 1 4131 4085 4130
7902 2 2 0 1 4131 4129 4085
7903 2 2 0 1 4087 4132 4086
7904 2 2 0 1 4132 4130 4086
7905 2 2 0 1 4132 4087 4133
7906 2 2 0 1 4133 4087 4088
7907 2 2 0 1 4091 4088 4089
7908 2 2 0 1 4133 4088 4134
7909 2 2 0 1 4134 4088 4091
7910 2 2 0 1 4090 4135 4089
7911 2 2 0 1 4135 4091 4089
7912 2 2 0 1 4090 4092 4135
7913 2 2 0 1 4134 4091 4136
7914 2 2 0 1 4091 4135 4136
7915 2 2 0 1 4135 4092 4137
7916 2 2 0 1 4092 4093 4137
7917 2 2 0 1 4093 4094 4138
7918 2 2 0 1 4093 4138 4137
7919 2 2 0 1 4094 4139 4140
7920 2 2 0 1 4138 4094 4140
7921 2 2 0 1 4129 4144 4095
7922 2 2 0 1 4095 4144 4096
7923 2 2 0 1 4145 4097 4096
7924 2 2 0 1 4144 4145 4096
7925 2 2 0 1 4098 4097 4146
7926 2 2 0 1 4146 4097 4145
7927 2 2 0 1 4098 4146 4147
7928 2 2 0 1 4099 4098 4147
7929 2 2 0 1 4148 4100 4099
7930 2 2 0 1 4148 4099 4147
7931 2 2 0 1 4100 4149 4101
7932 2 2 0 1 4148 4149 4100
7933 2 2 0 1 4101 4150 4102
7934 2 2 0 1 4101 4149 4150
7935 2 2 0 1 4103 4102 4151
7936 2 2 0 1 4102 4150 4151
7937 2 2 0 1 4152 4104 4103
7938 2 2 0 1 4152 4103 4151
7939 2 2 0 1 4153 4104 4152
7940 2 2 0 1 4105 4104 4153
7941 2 2 0 1 4105 4153 4154
7942 2 2 0 1 4105 4154 4106
7943 2 2 0 1 4107 4106 4155
7944 2 2 0 1 4106 4154 4155
7945 2 2 0 1 4156 4107 4155
7946 2 2 0 1 4107 4156 4108
7947 2 2 0 1 4156 4157 4108
7948 2 2 0 1 4157 4109 4108
7949 2 2 0 1 4157 4158 4109
7950 2 2 0 1 4109 4158 4110
7951 2 2 0 1 4159 4111 4110
7952 2 2 0 1 4158 4159 4110
7953 2 2 0 1 4159 4160 4111
7954 2 2 0 1 4111 4160 4112
7955 2 2 0 1 4161 4113 4112
7956 2 2 0 1 4160 4161 4112
7957 2 2 0 1 4113 4162 4114
7958 2 2 0 1 4113 4161 4162
7959 2 2 0 1 4114 4163 4115
7960 2 2 0 1 4114 4162 4163
7961 2 2 0 1 4115 4163 4164
7962 2 2 0 1 4116 4115 4164
7963 2 2 0 1 4165 4116 4164
7964 2 2 0 1 4116 4165 4117
7965 2 2 0 1 4166 4118 4117
7966 2 2 0 1 4165 4166 4117
7967 2 2 0 1 4167 4119 4118
7968 2 2 0 1 4166 4167 4118
7969 2 2 0 1 4168 4119 4167
7970 2 2 0 1 4120 4119 4168
7971 2 2 0 1 4120 4169 4121
7972 2 2 0 1 4120 4168 4169
7973 2 2 0 1 4121 4169 4170
7974 2 2 0 1 4121 4170 4122
7975 2 2 0 1 4122 4170 4171
7976 2 2 0 1 4122 4171 4123
7977 2 2 0 1 4124 4123 4172
7978 2 2 0 1 4123 4171 4172
7979 2 2 0 1 4125 4124 4173
7980 2 2 0 1 4124 4172 4173
7981 2 2 0 1 4125 4173 4174
7982 2 2 0 1 4128 4125 4174
7983 2 2 0 1 4128 4175 4126
7984 2 2 0 1 4175 4127 4126
7985 2 2 0 1 4175 4128 4176
7986 2 2 0 1 4128 4174 4176
7987 2 2 0 1 4177 4144 4129
7988 2 2 0 1 4177 4129 4131
7989 2 2 0 1 4131 4130 4178
7990 2 2 0 1 4178 4130 4132
7991 2 2 0 1 4177 4131 4179
7992 2 2 0 1 4131 4178 4179
7993 2 2 0 1 4180 4132 4133
7994 2 2 0 1 4178 4132 4180
7995 2 2 0 1 4133 4134 4181
7996 2 2 0 1 4180 4133 4181
7997 2 2 0 1 4182 4134 4136
7998 2 2 0 1 4134 4182 4181
7999 2 2 0 1 4183 4135 4137
8000 2 2 0 1 4135 4183 4136
8001 2 2 0 1 4183 4184 4136
8002 2 2 0 1 4184 4182 4136
8003 2 2 0 1 4185 4183 4137
8004 2 2 0 1 4138 4185 4137
8005 2 2 0 1 4185 4138 4186
8006 2 2 0 1 4186 4138 4140
8007 2 2 0 1 4139 4141 4187
8008 2 2 0 1 4139 4187 4140
8009 2 2 0 1 4188 4186 4140
8010 2 2 0 1 4187 4188 4140
8011 2 2 0 1 4187 4141 4189
8012 2 2 0 1 4141 4142 4189
8013 2 2 0 1 4142 4143 4190
8014 2 2 0 1 4189 4142 4190
8015 2 2 0 1 4143 4191 4192
8016 2 2 0 1 4143 4192 4190
8017 2 2 0 1 4196 4144 4177
8018 2 2 0 1 4196 4145 4144
8019 2 2 0 1 4146 4145 4197
8020 2 2 0 1 4197 4145 4196
8021 2 2 0 1 4146 4197 4198
8022 2 2 0 1 4146 4198 4147
8023 2 2 0 1 4198 4199 4147
8024 2 2 0 1 4199 4148 4147
8025 2 2 0 1 4200 4149 4148
8026 2 2 0 1 4200 4148 4199
8027 2 2 0 1 4149 4201 4150
8028 2 2 0 1 4200 4201 4149
8029 2 2 0 1 4150 4202 4151
8030 2 2 0 1 4201 4202 4150
8031 2 2 0 1 4203 4152 4151
8032 2 2 0 1 4202 4203 4151
8033 2 2 0 1 4204 4152 4203
8034 2 2 0 1 4153 4152 4204
8035 2 2 0 1 4153 4204 4205
8036 2 2 0 1 4154 4153 4205
8037 2 2 0 1 4154 4205 4206
8038 2 2 0 1 4154 4206 4155
8039 2 2 0 1 4206 4207 4155
8040 2 2 0 1 4207 4156 4155
8041 2 2 0 1 4208 4156 4207
8042 2 2 0 1 4208 4157 4156
8043 2 2 0 1 4209 4157 4208
8044 2 2 0 1 4209 4158 4157
8045 2 2 0 1 4210 4159 4158
8046 2 2 0 1 4210 4158 4209
8047 2 2 0 1 4211 4159 4210
8048 2 2 0 1 4211 4160 4159
8049 2 2 0 1 4160 4212 4161
8050 2 2 0 1 4211 4212 4160
8051 2 2 0 1 4162 4161 4213
8052 2 2 0 1 4161 4212 4213
8053 2 2 0 1 4214 4162 4213
8054 2 2 0 1 4162 4214 4163
8055 2 2 0 1 4163 4215 4164
8056 2 2 0 1 4163 4214 4215
8057 2 2 0 1 4216 4165 4164
8058 2 2 0 1 4215 4216 4164
8059 2 2 0 1 4217 4166 4165
8060 2 2 0 1 4216 4217 4165
8061 2 2 0 1 4218 4167 4166
8062 2 2 0 1 4217 4218 4166
8063 2 2 0 1 4167 4218 4219
8064 2 2 0 1 4168 4167 4219
8065 2 2 0 1 4220 4168 4219
8066 2 2 0 1 4169 4168 4220
8067 2 2 0 1 4170 4169 4221
8068 2 2 0 1 4169 4220 4221
8069 2 2 0 1 4171 4170 4222
8070 2 2 0 1 4222 4170 4221
8071 2 2 0 1 4171 4223 4172
8072 2 2 0 1 4171 4222 4223
8073 2 2 0 1 4223 4224 4172
8074 2 2 0 1 4172 4224 4173
8075 2 2 0 1 4226 4173 4225
8076 2 2 0 1 4173 4224 4225
8077 2 2 0 1 4173 4226 4174
8078 2 2 0 1 4174 4226 4176
8079 2 2 0 1 4227 4175 4176
8080 2 2 0 1 4226 4227 4176
8081 2 2 0 1 4228 4177 4179
8082 2 2 0 1 4196 4177 4228
8083 2 2 0 1 4179 4178 4229
8084 2 2 0 1 4178 4180 4229
8085 2 2 0 1 4228 4179 4230
8086 2 2 0 1 4179 4229 4230
8087 2 2 0 1 4231 4180 4181
8088 2 2 0 1 4180 4231 4229
8089 2 2 0 1 4182 4232 4181
8090 2 2 0 1 4232 4231 4181
8091 2 2 0 1 4184 4233 4182
8092 2 2 0 1 4233 4232 4182
8093 2 2 0 1 4234 4184 4183
8094 2 2 0 1 4185 4234 4183
8095 2 2 0 1 4234 4235 4184
8096 2 2 0 1 4184 4235 4233
8097 2 2 0 1 4236 4234 4185
8098 2 2 0 1 4236 4185 4186
8099 2 2 0 1 4237 4236 4186
8100 2 2 0 1 4237 4186 4188
8101 2 2 0 1 4238 4187 4189
8102 2 2 0 1 4188 4187 4238
8103 2 2 0 1 4237 4188 4239
8104 2 2 0 1 4239 4188 4238
8105 2 2 0 1 4240 4238 4189
8106 2 2 0 1 4240 4189 4190
8107 2 2 0 1 4192 4241 4190
8108 2 2 0 1 4241 4240 4190
8109 2 2 0 1 4192 4191 4242
8110 2 2 0 1 4191 4193 4242
8111 2 2 0 1 4243 4192 4242
8112 2 2 0 1 4241 4192 4243
8113 2 2 0 1 4193 4244 4242
8114 2 2 0 1 4193 4194 4244
8115 2 2 0 1 4244 4194 4245
8116 2 2 0 1 4194 4195 4245
8117 2 2 0 1 4245 4195 4246
8118 2 2 0 1 4195 4247 4246
8119 2 2 0 1 4196 4228 4248
8120 2 2 0 1 4197 4196 4248
8121 2 2 0 1 4198 4197 4249
8122 2 2 0 1 4249 4197 4248
8123 2 2 0 1 4198 4249 4250
8124 2 2 0 1 4199 4198 4250
8125 2 2 0 1 4251 4199 4250
8126 2 2 0 1 4251 4200 4199
8127 2 2 0 1 4252 4201 4200
8128 2 2 0 1 4252 4200 4251
8129 2 2 0 1 4253 4201 4252
8130 2 2 0 1 4253 4202 4201
8131 2 2 0 1 4254 4203 4202
8132 2 2 0 1 4254 4202 4253
8133 2 2 0 1 4204 4203 4255
8134 2 2 0 1 4255 4203 4254
8135 2 2 0 1 4204 4255 4256
8136 2 2 0 1 4204 4256 4205
8137 2 2 0 1 4256 4257 4205
8138 2 2 0 1 4205 4257 4206
8139 2 2 0 1 4207 4206 4258
8140 2 2 0 1 4206 4257 4258
8141 2 2 0 1 4259 4207 4258
8142 2 2 0 1 4208 4207 4259
8143 2 2 0 1 4209 4208 4260
8144 2 2 0 1 4260 4208 4259
8145 2 2 0 1 4209 4260 4261
8146 2 2 0 1 4210 4209 4261
8147 2 2 0 1 4262 4210 4261
8148 2 2 0 1 4211 4210 4262
8149 2 2 0 1 4263 4211 4262
8150 2 2 0 1 4263 4212 4211
8151 2 2 0 1 4212 4264 4213
8152 2 2 0 1 4263 4264 4212
8153 2 2 0 1 4265 4214 4213
8154 2 2 0 1 4264 4265 4213
8155 2 2 0 1 4265 4266 4214
8156 2 2 0 1 4214 4266 4215
8157 2 2 0 1 4267 4216 4215
8158 2 2 0 1 4266 4267 4215
8159 2 2 0 1 4268 4216 4267
8160 2 2 0 1 4268 4217 4216
8161 2 2 0 1 4268 4269 4217
8162 2 2 0 1 4217 4269 4218
8163 2 2 0 1 4218 4269 4270
8164 2 2 0 1 4219 4218 4270
8165 2 2 0 1 4271 4220 4219
8166 2 2 0 1 4271 4219 4270
8167 2 2 0 1 4220 4271 4272
8168 2 2 0 1 4220 4272 4221
8169 2 2 0 1 4273 4222 4221
8170 2 2 0 1 4272 4273 4221
8171 2 2 0 1 4223 4222 4274
8172 2 2 0 1 4274 4222 4273
8173 2 2 0 1 4223 4274 4275
8174 2 2 0 1 4223 4275 4224
8175 2 2 0 1 4224 4275 4276
8176 2 2 0 1 4224 4276 4225
8177 2 2 0 1 4277 4226 4225
8178 2 2 0 1 4276 4277 4225
8179 2 2 0 1 4278 4226 4277
8180 2 2 0 1 4278 4227 4226
8181 2 2 0 1 4248 4228 4279
8182 2 2 0 1 4279 4228 4230
8183 2 2 0 1 4229 4280 4230
8184 2 2 0 1 4231 4280 4229
8185 2 2 0 1 4280 4281 4230
8186 2 2 0 1 4281 4279 4230
8187 2 2 0 1 4282 4280 4231
8188 2 2 0 1 4232 4282 4231
8189 2 2 0 1 4283 4282 4232
8190 2 2 0 1 4283 4232 4233
8191 2 2 0 1 4284 4283 4233
8192 2 2 0 1 4235 4284 4233
8193 2 2 0 1 4285 4235 4234
8194 2 2 0 1 4285 4234 4236
8195 2 2 0 1 4286 4284 4235
8196 2 2 0 1 4286 4235 4285
8197 2 2 0 1 4285 4236 4287
8198 2 2 0 1 4287 4236 4237
8199 2 2 0 1 4287 4237 4288
8200 2 2 0 1 4237 4239 4288
8201 2 2 0 1 4289 4239 4238
8202 2 2 0 1 4240 4289 4238
8203 2 2 0 1 4289 4290 4239
8204 2 2 0 1 4239 4290 4288
8205 2 2 0 1 4291 4240 4241
8206 2 2 0 1 4291 4289 4240
8207 2 2 0 1 4292 4241 4243
8208 2 2 0 1 4291 4241 4292
8209 2 2 0 1 4244 4293 4242
8210 2 2 0 1 4293 4243 4242
8211 2 2 0 1 4293 4294 4243
8212 2 2 0 1 4294 4292 4243
8213 2 2 0 1 4293 4244 4295
8214 2 2 0 1 4244 4245 4295
8215 2 2 0 1 4245 4297 4296
8216 2 2 0 1 4295 4245 4296
8217 2 2 0 1 4297 4245 4246
8218 2 2 0 1 4298 4297 4246
8219 2 2 0 1 4247 4298 4246
8220 2 2 0 1 4299 4248 4279
8221 2 2 0 1 4249 4248 4299
8222 2 2 0 1 4250 4249 4300
8223 2 2 0 1 4300 4249 4299
8224 2 2 0 1 4251 4250 4301
8225 2 2 0 1 4301 4250 4300
8226 2 2 0 1 4252 4251 4302
8227 2 2 0 1 4251 4301 4302
8228 2 2 0 1 4253 4252 4303
8229 2 2 0 1 4303 4252 4302
8230 2 2 0 1 4254 4253 4304
8231 2 2 0 1 4253 4303 4304
8232 2 2 0 1 4305 4254 4304
8233 2 2 0 1 4255 4254 4305
8234 2 2 0 1 4306 4255 4305
8235 2 2 0 1 4256 4255 4306
8236 2 2 0 1 4256 4307 4257
8237 2 2 0 1 4256 4306 4307
8238 2 2 0 1 4257 4308 4258
8239 2 2 0 1 4257 4307 4308
8240 2 2 0 1 4308 4309 4258
8241 2 2 0 1 4309 4259 4258
8242 2 2 0 1 4309 4310 4259
8243 2 2 0 1 4310 4260 4259
8244 2 2 0 1 4261 4260 4311
8245 2 2 0 1 4311 4260 4310
8246 2 2 0 1 4312 4262 4261
8247 2 2 0 1 4312 4261 4311
8248 2 2 0 1 4263 4262 4313
8249 2 2 0 1 4262 4312 4313
8250 2 2 0 1 4314 4264 4263
8251 2 2 0 1 4314 4263 4313
8252 2 2 0 1 4264 4315 4265
8253 2 2 0 1 4314 4315 4264
8254 2 2 0 1 4265 4315 4316
8255 2 2 0 1 4265 4316 4266
8256 2 2 0 1 4266 4316 4317
8257 2 2 0 1 4266 4317 4267
8258 2 2 0 1 4318 4268 4267
8259 2 2 0 1 4317 4318 4267
8260 2 2 0 1 4319 4269 4268
8261 2 2 0 1 4319 4268 4318
8262 2 2 0 1 4319 4320 4269
8263 2 2 0 1 4269 4320 4270
8264 2 2 0 1 4320 4321 4270
8265 2 2 0 1 4321 4271 4270
8266 2 2 0 1 4321 4322 4271
8267 2 2 0 1 4271 4322 4272
8268 2 2 0 1 4272 4322 4323
8269 2 2 0 1 4273 4272 4323
8270 2 2 0 1 4324 4273 4323
8271 2 2 0 1 4274 4273 4324
8272 2 2 0 1 4275 4274 4325
8273 2 2 0 1 4325 4274 4324
8274 2 2 0 1 4275 4325 4326
8275 2 2 0 1 4276 4275 4326
8276 2 2 0 1 4277 4276 4327
8277 2 2 0 1 4276 4326 4327
8278 2 2 0 1 4328 4277 4327
8279 2 2 0 1 4328 4278 4277
8280 2 2 0 1 4281 4329 4279
8281 2 2 0 1 4329 4299 4279
8282 2 2 0 1 4280 4330 4281
8283 2 2 0 1 4282 4330 4280
8284 2 2 0 1 4331 4329 4281
8285 2 2 0 1 4330 4331 4281
8286 2 2 0 1 4332 4282 4283
8287 2 2 0 1 4332 4330 4282
8288 2 2 0 1 4332 4283 4333
8289 2 2 0 1 4333 4283 4284
8290 2 2 0 1 4334 4284 4286
8291 2 2 0 1 4333 4284 4334
8292 2 2 0 1 4285 4287 4335
8293 2 2 0 1 4286 4285 4335
8294 2 2 0 1 4336 4286 4335
8295 2 2 0 1 4334 4286 4336
8296 2 2 0 1 4335 4287 4337
8297 2 2 0 1 4337 4287 4288
8298 2 2 0 1 4338 4337 4288
8299 2 2 0 1 4290 4338 4288
8300 2 2 0 1 4291 4339 4289
8301 2 2 0 1 4289 4339 4290
8302 2 2 0 1 4290 4339 4340
8303 2 2 0 1 4290 4340 4338
8304 2 2 0 1 4341 4291 4292
8305 2 2 0 1 4341 4339 4291
8306 2 2 0 1 4342 4341 4292
8307 2 2 0 1 4294 4342 4292
8308 2 2 0 1 4344 4294 4293
8309 2 2 0 1 4344 4293 4295
8310 2 2 0 1 4343 4342 4294
8311 2 2 0 1 4343 4294 4344
8312 2 2 0 1 4345 4295 4296
8313 2 2 0 1 4345 4344 4295
8314 2 2 0 1 4346 4345 4296
8315 2 2 0 1 4297 4346 4296
8316 2 2 0 1 4298 4347 4297
8317 2 2 0 1 4297 4347 4346
8318 2 2 0 1 4348 4300 4299
8319 2 2 0 1 4329 4348 4299
8320 2 2 0 1 4300 4348 4349
8321 2 2 0 1 4301 4300 4349
8322 2 2 0 1 4301 4350 4302
8323 2 2 0 1 4350 4301 4349
8324 2 2 0 1 4350 4351 4302
8325 2 2 0 1 4351 4303 4302
8326 2 2 0 1 4303 4351 4352
8327 2 2 0 1 4304 4303 4352
8328 2 2 0 1 4353 4304 4352
8329 2 2 0 1 4353 4305 4304
8330 2 2 0 1 4353 4354 4305
8331 2 2 0 1 4354 4306 4305
8332 2 2 0 1 4307 4306 4355
8333 2 2 0 1 4355 4306 4354
8334 2 2 0 1 4307 4355 4356
8335 2 2 0 1 4307 4356 4308
8336 2 2 0 1 4357 4309 4308
8337 2 2 0 1 4356 4357 4308
8338 2 2 0 1 4309 4358 4310
8339 2 2 0 1 4357 4358 4309
8340 2 2 0 1 4358 4359 4310
8341 2 2 0 1 4359 4311 4310
8342 2 2 0 1 4360 4312 4311
8343 2 2 0 1 4359 4360 4311
8344 2 2 0 1 4360 4361 4312
8345 2 2 0 1 4312 4361 4313
8346 2 2 0 1 4362 4314 4313
8347 2 2 0 1 4361 4362 4313
8348 2 2 0 1 4314 4363 4315
8349 2 2 0 1 4362 4363 4314
8350 2 2 0 1 4315 4363 4364
8351 2 2 0 1 4316 4315 4364
8352 2 2 0 1 4316 4364 4365
8353 2 2 0 1 4317 4316 4365
8354 2 2 0 1 4318 4317 4366
8355 2 2 0 1 4366 4317 4365
8356 2 2 0 1 4367 4318 4366
8357 2 2 0 1 4319 4318 4367
8358 2 2 0 1 4368 4320 4319
8359 2 2 0 1 4368 4319 4367
8360 2 2 0 1 4320 4369 4321
8361 2 2 0 1 4368 4369 4320
8362 2 2 0 1 4321 4369 4370
8363 2 2 0 1 4321 4370 4322
8364 2 2 0 1 4322 4371 4323
8365 2 2 0 1 4322 4370 4371
8366 2 2 0 1 4372 4324 4323
8367 2 2 0 1 4371 4372 4323
8368 2 2 0 1 4373 4325 4324
8369 2 2 0 1 4372 4373 4324
8370 2 2 0 1 4325 4373 4374
8371 2 2 0 1 4326 4325 4374
8372 2 2 0 1 4375 4326 4374
8373 2 2 0 1 4326 4375 4327
8374 2 2 0 1 4376 4328 4327
8375 2 2 0 1 4375 4376 4327
8376 2 2 0 1 4331 4377 4329
8377 2 2 0 1 4329 4377 4348
8378 2 2 0 1 4378 4330 4332
8379 2 2 0 1 4378 4331 4330
8380 2 2 0 1 4379 4377 4331
8381 2 2 0 1 4379 4331 4378
8382 2 2 0 1 4332 4333 4380
8383 2 2 0 1 4378 4332 4380
8384 2 2 0 1 4333 4381 4380
8385 2 2 0 1 4333 4334 4381
8386 2 2 0 1 4334 4336 4382
8387 2 2 0 1 4381 4334 4382
8388 2 2 0 1 4383 4335 4337
8389 2 2 0 1 4383 4336 4335
8390 2 2 0 1 4382 4336 4384
8391 2 2 0 1 4384 4336 4383
8392 2 2 0 1 4385 4383 4337
8393 2 2 0 1 4385 4337 4338
8394 2 2 0 1 4386 4385 4338
8395 2 2 0 1 4340 4386 4338
8396 2 2 0 1 4341 4387 4339
8397 2 2 0 1 4339 4387 4340
8398 2 2 0 1 4387 4388 4340
8399 2 2 0 1 4388 4386 4340
8400 2 2 0 1 4389 4341 4342
8401 2 2 0 1 4389 4387 4341
8402 2 2 0 1 4390 4342 4343
8403 2 2 0 1 4389 4342 4390
8404 2 2 0 1 4390 4343 4391
8405 2 2 0 1 4391 4343 4392
8406 2 2 0 1 4343 4344 4392
8407 2 2 0 1 4392 4344 4345
8408 2 2 0 1 4393 4392 4345
8409 2 2 0 1 4393 4345 4346
8410 2 2 0 1 4394 4393 4346
8411 2 2 0 1 4347 4394 4346
8412 2 2 0 1 4348 4395 4349
8413 2 2 0 1 4377 4395 4348
8414 2 2 0 1 4396 4350 4349
8415 2 2 0 1 4395 4396 4349
8416 2 2 0 1 4397 4351 4350
8417 2 2 0 1 4397 4350 4396
8418 2 2 0 1 4351 4398 4352
8419 2 2 0 1 4397 4398 4351
8420 2 2 0 1 4399 4353 4352
8421 2 2 0 1 4398 4399 4352
8422 2 2 0 1 4353 4400 4354
8423 2 2 0 1 4399 4400 4353
8424 2 2 0 1 4401 4355 4354
8425 2 2 0 1 4400 4401 4354
8426 2 2 0 1 4356 4355 4402
8427 2 2 0 1 4402 4355 4401
8428 2 2 0 1 4356 4402 4403
8429 2 2 0 1 4356 4403 4357
8430 2 2 0 1 4357 4403 4404
8431 2 2 0 1 4357 4404 4358
8432 2 2 0 1 4358 4405 4359
8433 2 2 0 1 4358 4404 4405
8434 2 2 0 1 4359 4406 4360
8435 2 2 0 1 4359 4405 4406
8436 2 2 0 1 4360 4406 4407
8437 2 2 0 1 4360 4407 4361
8438 2 2 0 1 4361 4408 4362
8439 2 2 0 1 4361 4407 4408
8440 2 2 0 1 4362 4409 4363
8441 2 2 0 1 4362 4408 4409
8442 2 2 0 1 4363 4410 4364
8443 2 2 0 1 4363 4409 4410
8444 2 2 0 1 4364 4411 4365
8445 2 2 0 1 4410 4411 4364
8446 2 2 0 1 4412 4366 4365
8447 2 2 0 1 4411 4412 4365
8448 2 2 0 1 4412 4413 4366
8449 2 2 0 1 4413 4367 4366
8450 2 2 0 1 4413 4414 4367
8451 2 2 0 1 4414 4368 4367
8452 2 2 0 1 4368 4415 4369
8453 2 2 0 1 4414 4415 4368
8454 2 2 0 1 4369 4415 4416
8455 2 2 0 1 4370 4369 4416
8456 2 2 0 1 4417 4370 4416
8457 2 2 0 1 4371 4370 4417
8458 2 2 0 1 4371 4417 4418
8459 2 2 0 1 4371 4418 4372
8460 2 2 0 1 4372 4419 4373
8461 2 2 0 1 4372 4418 4419
8462 2 2 0 1 4373 4419 4420
8463 2 2 0 1 4373 4420 4374
8464 2 2 0 1 4420 4421 4374
8465 2 2 0 1 4421 4375 4374
8466 2 2 0 1 4422 4375 4421
8467 2 2 0 1 4422 4376 4375
8468 2 2 0 1 4377 4423 4395
8469 2 2 0 1 4379 4423 4377
8470 2 2 0 1 4379 4378 4424
8471 2 2 0 1 4424 4378 4380
8472 2 2 0 1 4425 4423 4379
8473 2 2 0 1 4425 4379 4424
8474 2 2 0 1 4424 4380 4426
8475 2 2 0 1 4380 4381 4426
8476 2 2 0 1 4381 4382 4427
8477 2 2 0 1 4381 4427 4426
8478 2 2 0 1 4382 4384 4428
8479 2 2 0 1 4427 4382 4428
8480 2 2 0 1 4429 4383 4385
8481 2 2 0 1 4384 4383 4429
8482 2 2 0 1 4384 4429 4430
8483 2 2 0 1 4384 4430 4428
8484 2 2 0 1 4429 4385 4431
8485 2 2 0 1 4385 4386 4431
8486 2 2 0 1 4388 4432 4386
8487 2 2 0 1 4386 4432 4431
8488 2 2 0 1 4433 4387 4389
8489 2 2 0 1 4433 4388 4387
8490 2 2 0 1 4434 4432 4388
8491 2 2 0 1 4434 4388 4433
8492 2 2 0 1 4433 4389 4435
8493 2 2 0 1 4389 4390 4435
8494 2 2 0 1 4390 4391 4436
8495 2 2 0 1 4390 4436 4435
8496 2 2 0 1 4437 4391 4438
8497 2 2 0 1 4438 4391 4392
8498 2 2 0 1 4436 4391 4437
8499 2 2 0 1 4393 4438 4392
8500 2 2 0 1 4438 4393 4439
8501 2 2 0 1 4393 4440 4439
8502 2 2 0 1 4394 4440 4393
8503 2 2 0 1 4395 4441 4396
8504 2 2 0 1 4395 4423 4441
8505 2 2 0 1 4442 4397 4396
8506 2 2 0 1 4441 4442 4396
8507 2 2 0 1 4397 4443 4398
8508 2 2 0 1 4442 4443 4397
8509 2 2 0 1 4398 4444 4399
8510 2 2 0 1 4398 4443 4444
8511 2 2 0 1 4399 4445 4400
8512 2 2 0 1 4444 4445 4399
8513 2 2 0 1 4446 4401 4400
8514 2 2 0 1 4445 4446 4400
8515 2 2 0 1 4402 4401 4447
8516 2 2 0 1 4447 4401 4446
8517 2 2 0 1 4403 4402 4448
8518 2 2 0 1 4402 4447 4448
8519 2 2 0 1 4404 4403 4449
8520 2 2 0 1 4449 4403 4448
8521 2 2 0 1 4405 4404 4450
8522 2 2 0 1 4404 4449 4450
8523 2 2 0 1 4406 4405 4451
8524 2 2 0 1 4451 4405 4450
8525 2 2 0 1 4406 4451 4452
8526 2 2 0 1 4407 4406 4452
8527 2 2 0 1 4453 4407 4452
8528 2 2 0 1 4408 4407 4453
8529 2 2 0 1 4408 4453 4454
8530 2 2 0 1 4409 4408 4454
8531 2 2 0 1 4455 4409 4454
8532 2 2 0 1 4410 4409 4455
8533 2 2 0 1 4410 4455 4456
8534 2 2 0 1 4410 4456 4411
8535 2 2 0 1 4411 4456 4457
8536 2 2 0 1 4411 4457 4412
8537 2 2 0 1 4458 4413 4412
8538 2 2 0 1 4457 4458 4412
8539 2 2 0 1 4459 4414 4413
8540 2 2 0 1 4458 4459 4413
8541 2 2 0 1 4414 4460 4415
8542 2 2 0 1 4459 4460 4414
8543 2 2 0 1 4415 4460 4461
8544 2 2 0 1 4415 4461 4416
8545 2 2 0 1 4461 4462 4416
8546 2 2 0 1 4462 4417 4416
8547 2 2 0 1 4418 4417 4463
8548 2 2 0 1 4463 4417 4462
8549 2 2 0 1 4419 4418 4464
8550 2 2 0 1 4418 4463 4464
8551 2 2 0 1 4419 4464 4465
8552 2 2 0 1 4420 4419 4465
8553 2 2 0 1 4420 4465 4466
8554 2 2 0 1 4421 4420 4466
8555 2 2 0 1 4467 4421 4466
8556 2 2 0 1 4467 4422 4421
8557 2 2 0 1 4425 4468 4423
8558 2 2 0 1 4423 4468 4441
8559 2 2 0 1 4469 4425 4424
8560 2 2 0 1 4469 4424 4426
8561 2 2 0 1 4470 4468 4425
8562 2 2 0 1 4470 4425 4469
8563 2 2 0 1 4471 4469 4426
8564 2 2 0 1 4427 4471 4426
8565 2 2 0 1 4471 4427 4472
8566 2 2 0 1 4427 4428 4472
8567 2 2 0 1 4430 4473 4428
8568 2 2 0 1 4428 4473 4472
8569 2 2 0 1 4429 4474 4430
8570 2 2 0 1 4474 4429 4431
8571 2 2 0 1 4475 4473 4430
8572 2 2 0 1 4474 4475 4430
8573 2 2 0 1 4432 4476 4431
8574 2 2 0 1 4476 4474 4431
8575 2 2 0 1 4477 4476 4432
8576 2 2 0 1 4477 4432 4434
8577 2 2 0 1 4434 4433 4478
8578 2 2 0 1 4478 4433 4435
8579 2 2 0 1 4477 4434 4479
8580 2 2 0 1 4434 4478 4479
8581 2 2 0 1 4436 4480 4435
8582 2 2 0 1 4480 4478 4435
8583 2 2 0 1 4436 4481 4480
8584 2 2 0 1 4436 4437 4481
8585 2 2 0 1 4437 4483 4482
8586 2 2 0 1 4437 4438 4483
8587 2 2 0 1 4481 4437 4482
8588 2 2 0 1 4483 4438 4439
8589 2 2 0 1 4484 4483 4439
8590 2 2 0 1 4440 4484 4439
8591 2 2 0 1 4485 4442 4441
8592 2 2 0 1 4468 4485 4441
8593 2 2 0 1 4486 4442 4485
8594 2 2 0 1 4486 4443 4442
8595 2 2 0 1 4443 4487 4444
8596 2 2 0 1 4486 4487 4443
8597 2 2 0 1 4444 4487 4488
8598 2 2 0 1 4445 4444 4488
8599 2 2 0 1 4489 4446 4445
8600 2 2 0 1 4489 4445 4488
8601 2 2 0 1 4447 4446 4490
8602 2 2 0 1 4490 4446 4489
8603 2 2 0 1 4447 4491 4448
8604 2 2 0 1 4447 4490 4491
8605 2 2 0 1 4448 4491 4492
8606 2 2 0 1 4449 4448 4492
8607 2 2 0 1 4493 4449 4492
8608 2 2 0 1 4449 4493 4450
8609 2 2 0 1 4450 4493 4494
8610 2 2 0 1 4451 4450 4494
8611 2 2 0 1 4495 4451 4494
8612 2 2 0 1 4452 4451 4495
8613 2 2 0 1 4453 4452 4496
8614 2 2 0 1 4496 4452 4495
8615 2 2 0 1 4453 4497 4454
8616 2 2 0 1 4453 4496 4497
8617 2 2 0 1 4497 4498 4454
8618 2 2 0 1 4498 4455 4454
8619 2 2 0 1 4456 4455 4499
8620 2 2 0 1 4455 4498 4499
8621 2 2 0 1 4457 4456 4500
8622 2 2 0 1 4500 4456 4499
8623 2 2 0 1 4457 4501 4458
8624 2 2 0 1 4457 4500 4501
8625 2 2 0 1 4458 4502 4459
8626 2 2 0 1 4458 4501 4502
8627 2 2 0 1 4459 4503 4460
8628 2 2 0 1 4459 4502 4503
8629 2 2 0 1 4460 4503 4504
8630 2 2 0 1 4460 4504 4461
8631 2 2 0 1 4461 4505 4462
8632 2 2 0 1 4504 4505 4461
8633 2 2 0 1 4462 4505 4506
8634 2 2 0 1 4463 4462 4506
8635 2 2 0 1 4463 4506 4507
8636 2 2 0 1 4463 4507 4464
8637 2 2 0 1 4465 4464 4508
8638 2 2 0 1 4464 4507 4508
8639 2 2 0 1 4509 4465 4508
8640 2 2 0 1 4465 4509 4466
8641 2 2 0 1 4509 4510 4466
8642 2 2 0 1 4510 4467 4466
8643 2 2 0 1 4470 4511 4468
8644 2 2 0 1 4468 4511 4485
8645 2 2 0 1 4512 4469 4471
8646 2 2 0 1 4470 4469 4512
8647 2 2 0 1 4513 4511 4470
8648 2 2 0 1 4513 4470 4512
8649 2 2 0 1 4514 4512 4471
8650 2 2 0 1 4514 4471 4472
8651 2 2 0 1 4515 4514 4472
8652 2 2 0 1 4473 4515 4472
8653 2 2 0 1 4475 4516 4473
8654 2 2 0 1 4473 4516 4515
8655 2 2 0 1 4517 4475 4474
8656 2 2 0 1 4517 4474 4476
8657 2 2 0 1 4518 4516 4475
8658 2 2 0 1 4518 4475 4517
8659 2 2 0 1 4519 4476 4477
8660 2 2 0 1 4517 4476 4519
8661 2 2 0 1 4520 4477 4479
8662 2 2 0 1 4519 4477 4520
8663 2 2 0 1 4479 4478 4521
8664 2 2 0 1 4478 4480 4521
8665 2 2 0 1 4520 4479 4522
8666 2 2 0 1 4479 4521 4522
8667 2 2 0 1 4481 4523 4480
8668 2 2 0 1 4480 4523 4521
8669 2 2 0 1 4523 4481 4524
8670 2 2 0 1 4524 4481 4482
8671 2 2 0 1 4483 4526 4482
8672 2 2 0 1 4524 4482 4525
8673 2 2 0 1 4482 4526 4525
8674 2 2 0 1 4484 4527 4483
8675 2 2 0 1 4527 4526 4483
8676 2 2 0 1 4511 4528 4485
8677 2 2 0 1 4528 4486 4485
8678 2 2 0 1 4486 4529 4487
8679 2 2 0 1 4528 4529 4486
8680 2 2 0 1 4487 4530 4488
8681 2 2 0 1 4529 4530 4487
8682 2 2 0 1 4530 4531 4488
8683 2 2 0 1 4531 4489 4488
8684 2 2 0 1 4532 4489 4531
8685 2 2 0 1 4490 4489 4532
8686 2 2 0 1 4491 4490 4533
8687 2 2 0 1 4490 4532 4533
8688 2 2 0 1 4534 4491 4533
8689 2 2 0 1 4491 4534 4492
8690 2 2 0 1 4535 4493 4492
8691 2 2 0 1 4534 4535 4492
8692 2 2 0 1 4493 4536 4494
8693 2 2 0 1 4535 4536 4493
8694 2 2 0 1 4537 4495 4494
8695 2 2 0 1 4536 4537 4494
8696 2 2 0 1 4496 4495 4538
8697 2 2 0 1 4495 4537 4538
8698 2 2 0 1 4497 4496 4539
8699 2 2 0 1 4539 4496 4538
8700 2 2 0 1 4497 4539 4540
8701 2 2 0 1 4497 4540 4498
8702 2 2 0 1 4498 4540 4541
8703 2 2 0 1 4498 4541 4499
8704 2 2 0 1 4542 4500 4499
8705 2 2 0 1 4541 4542 4499
8706 2 2 0 1 4501 4500 4543
8707 2 2 0 1 4543 4500 4542
8708 2 2 0 1 4502 4501 4544
8709 2 2 0 1 4501 4543 4544
8710 2 2 0 1 4545 4502 4544
8711 2 2 0 1 4503 4502 4545
8712 2 2 0 1 4504 4503 4546
8713 2 2 0 1 4546 4503 4545
8714 2 2 0 1 4504 4547 4505
8715 2 2 0 1 4504 4546 4547
8716 2 2 0 1 4505 4547 4548
8717 2 2 0 1 4506 4505 4548
8718 2 2 0 1 4507 4506 4549
8719 2 2 0 1 4549 4506 4548
8720 2 2 0 1 4507 4550 4508
8721 2 2 0 1 4507 4549 4550
8722 2 2 0 1 4551 4509 4508
8723 2 2 0 1 4550 4551 4508
8724 2 2 0 1 4552 4509 4551
8725 2 2 0 1 4552 4510 4509
8726 2 2 0 1 4553 4511 4513
8727 2 2 0 1 4553 4528 4511
8728 2 2 0 1 4514 4554 4512
8729 2 2 0 1 4554 4513 4512
8730 2 2 0 1 4553 4513 4555
8731 2 2 0 1 4555 4513 4554
8732 2 2 0 1 4556 4514 4515
8733 2 2 0 1 4556 4554 4514
8734 2 2 0 1 4516 4557 4515
8735 2 2 0 1 4557 4556 4515
8736 2 2 0 1 4558 4516 4518
8737 2 2 0 1 4558 4557 4516
8738 2 2 0 1 4518 4517 4559
8739 2 2 0 1 4517 4519 4559
8740 2 2 0 1 4518 4559 4560
8741 2 2 0 1 4558 4518 4560
8742 2 2 0 1 4519 4561 4559
8743 2 2 0 1 4519 4520 4561
8744 2 2 0 1 4562 4520 4522
8745 2 2 0 1 4561 4520 4562
8746 2 2 0 1 4523 4563 4521
8747 2 2 0 1 4521 4563 4522
8748 2 2 0 1 4564 4562 4522
8749 2 2 0 1 4563 4564 4522
8750 2 2 0 1 4565 4563 4523
8751 2 2 0 1 4565 4523 4524
8752 2 2 0 1 4565 4524 4566
8753 2 2 0 1 4566 4524 4525
8754 2 2 0 1 4526 4567 4525
8755 2 2 0 1 4567 4566 4525
8756 2 2 0 1 4527 4568 4526
8757 2 2 0 1 4526 4568 4567
8758 2 2 0 1 4569 4528 4553
8759 2 2 0 1 4569 4529 4528
8760 2 2 0 1 4570 4529 4569
8761 2 2 0 1 4570 4530 4529
8762 2 2 0 1 4571 4531 4530
8763 2 2 0 1 4571 4530 4570
8764 2 2 0 1 4572 4531 4571
8765 2 2 0 1 4532 4531 4572
8766 2 2 0 1 4532 4572 4573
8767 2 2 0 1 4532 4573 4533
8768 2 2 0 1 4574 4534 4533
8769 2 2 0 1 4573 4574 4533
8770 2 2 0 1 4574 4575 4534
8771 2 2 0 1 4534 4575 4535
8772 2 2 0 1 4575 4576 4535
8773 2 2 0 1 4576 4536 4535
8774 2 2 0 1 4536 4577 4537
8775 2 2 0 1 4576 4577 4536
8776 2 2 0 1 4537 4578 4538
8777 2 2 0 1 4537 4577 4578
8778 2 2 0 1 4578 4579 4538
8779 2 2 0 1 4579 4539 4538
8780 2 2 0 1 4580 4539 4579
8781 2 2 0 1 4539 4580 4540
8782 2 2 0 1 4541 4540 4581
8783 2 2 0 1 4540 4580 4581
8784 2 2 0 1 4582 4542 4541
8785 2 2 0 1 4582 4541 4581
8786 2 2 0 1 4542 4582 4583
8787 2 2 0 1 4543 4542 4583
8788 2 2 0 1 4584 4543 4583
8789 2 2 0 1 4543 4584 4544
8790 2 2 0 1 4545 4544 4585
8791 2 2 0 1 4544 4584 4585
8792 2 2 0 1 4586 4545 4585
8793 2 2 0 1 4586 4546 4545
8794 2 2 0 1 4547 4546 4587
8795 2 2 0 1 4587 4546 4586
8796 2 2 0 1 4547 4588 4548
8797 2 2 0 1 4547 4587 4588
8798 2 2 0 1 4589 4549 4548
8799 2 2 0 1 4588 4589 4548
8800 2 2 0 1 4549 4590 4550
8801 2 2 0 1 4549 4589 4590
8802 2 2 0 1 4590 4591 4550
8803 2 2 0 1 4591 4551 4550
8804 2 2 0 1 4592 4552 4551
8805 2 2 0 1 4591 4592 4551
8806 2 2 0 1 4553 4555 4593
8807 2 2 0 1 4569 4553 4593
8808 2 2 0 1 4555 4554 4594
8809 2 2 0 1 4594 4554 4556
8810 2 2 0 1 4593 4555 4595
8811 2 2 0 1 4555 4594 4595
8812 2 2 0 1 4594 4556 4596
8813 2 2 0 1 4596 4556 4557
8814 2 2 0 1 4596 4557 4597
8815 2 2 0 1 4597 4557 4558
8816 2 2 0 1 4598 4558 4560
8817 2 2 0 1 4597 4558 4598
8818 2 2 0 1 4560 4559 4599
8819 2 2 0 1 4559 4561 4599
8820 2 2 0 1 4600 4560 4599
8821 2 2 0 1 4600 4598 4560
8822 2 2 0 1 4561 4562 4601
8823 2 2 0 1 4561 4601 4599
8824 2 2 0 1 4601 4562 4602
8825 2 2 0 1 4602 4562 4564
8826 2 2 0 1 4603 4563 4565
8827 2 2 0 1 4603 4564 4563
8828 2 2 0 1 4604 4564 4603
8829 2 2 0 1 4602 4564 4604
8830 2 2 0 1 4605 4565 4566
8831 2 2 0 1 4603 4565 4605
8832 2 2 0 1 4567 4606 4566
8833 2 2 0 1 4606 4605 4566
8834 2 2 0 1 4607 4606 4567
8835 2 2 0 1 4568 4607 4567
8836 2 2 0 1 4608 4569 4593
8837 2 2 0 1 4570 4569 4608
8838 2 2 0 1 4570 4608 4609
8839 2 2 0 1 4571 4570 4609
8840 2 2 0 1 4610 4571 4609
8841 2 2 0 1 4572 4571 4610
8842 2 2 0 1 4573 4572 4611
8843 2 2 0 1 4611 4572 4610
8844 2 2 0 1 4573 4611 4612
8845 2 2 0 1 4573 4612 4574
8846 2 2 0 1 4574 4613 4575
8847 2 2 0 1 4612 4613 4574
8848 2 2 0 1 4575 4613 4614
8849 2 2 0 1 4575 4614 4576
8850 2 2 0 1 4576 4614 4615
8851 2 2 0 1 4576 4615 4577
8852 2 2 0 1 4577 4616 4578
8853 2 2 0 1 4577 4615 4616
8854 2 2 0 1 4616 4617 4578
8855 2 2 0 1 4578 4617 4579
8856 2 2 0 1 4617 4618 4579
8857 2 2 0 1 4618 4580 4579
8858 2 2 0 1 4580 4619 4581
8859 2 2 0 1 4618 4619 4580
8860 2 2 0 1 4619 4620 4581
8861 2 2 0 1 4620 4582 4581
8862 2 2 0 1 4620 4621 4582
8863 2 2 0 1 4582 4621 4583
8864 2 2 0 1 4622 4584 4583
8865 2 2 0 1 4621 4622 4583
8866 2 2 0 1 4584 4623 4585
8867 2 2 0 1 4622 4623 4584
8868 2 2 0 1 4624 4586 4585
8869 2 2 0 1 4623 4624 4585
8870 2 2 0 1 4587 4586 4625
8871 2 2 0 1 4625 4586 4624
8872 2 2 0 1 4626 4587 4625
8873 2 2 0 1 4588 4587 4626
8874 2 2 0 1 4588 4626 4627
8875 2 2 0 1 4588 4627 4589
8876 2 2 0 1 4589 4627 4628
8877 2 2 0 1 4589 4628 4590
8878 2 2 0 1 4629 4591 4590
8879 2 2 0 1 4628 4629 4590
8880 2 2 0 1 4630 4591 4629
8881 2 2 0 1 4630 4592 4591
8882 2 2 0 1 4593 4595 4631
8883 2 2 0 1 4608 4593 4631
8884 2 2 0 1 4594 4596 4632
8885 2 2 0 1 4594 4632 4595
8886 2 2 0 1 4595 4633 4631
8887 2 2 0 1 4595 4632 4633
8888 2 2 0 1 4632 4596 4634
8889 2 2 0 1 4596 4597 4634
8890 2 2 0 1 4597 4635 4634
8891 2 2 0 1 4597 4598 4635
8892 2 2 0 1 4635 4598 4636
8893 2 2 0 1 4636 4598 4600
8894 2 2 0 1 4637 4600 4599
8895 2 2 0 1 4601 4637 4599
8896 2 2 0 1 4638 4600 4637
8897 2 2 0 1 4636 4600 4638
8898 2 2 0 1 4601 4602 4639
8899 2 2 0 1 4637 4601 4639
8900 2 2 0 1 4602 4604 4640
8901 2 2 0 1 4602 4640 4639
8902 2 2 0 1 4604 4603 4642
8903 2 2 0 1 4603 4605 4642
8904 2 2 0 1 4641 4604 4642
8905 2 2 0 1 4640 4604 4641
8906 2 2 0 1 4605 4643 4642
8907 2 2 0 1 4605 4606 4643
8908 2 2 0 1 4643 4606 4644
8909 2 2 0 1 4606 4645 4644
8910 2 2 0 1 4607 4645 4606
8911 2 2 0 1 4646 4608 4631
8912 2 2 0 1 4609 4608 4646
8913 2 2 0 1 4647 4610 4609
8914 2 2 0 1 4647 4609 4646
8915 2 2 0 1 4648 4611 4610
8916 2 2 0 1 4647 4648 4610
8917 2 2 0 1 4612 4611 4649
8918 2 2 0 1 4649 4611 4648
8919 2 2 0 1 4612 4650 4613
8920 2 2 0 1 4612 4649 4650
8921 2 2 0 1 4613 4650 4651
8922 2 2 0 1 4614 4613 4651
8923 2 2 0 1 4652 4614 4651
8924 2 2 0 1 4615 4614 4652
8925 2 2 0 1 4616 4615 4653
8926 2 2 0 1 4615 4652 4653
8927 2 2 0 1 4654 4616 4653
8928 2 2 0 1 4617 4616 4654
8929 2 2 0 1 4655 4618 4617
8930 2 2 0 1 4655 4617 4654
8931 2 2 0 1 4618 4656 4619
8932 2 2 0 1 4655 4656 4618
8933 2 2 0 1 4619 4657 4620
8934 2 2 0 1 4619 4656 4657
8935 2 2 0 1 4621 4620 4658
8936 2 2 0 1 4620 4657 4658
8937 2 2 0 1 4659 4621 4658
8938 2 2 0 1 4659 4622 4621
8939 2 2 0 1 4622 4660 4623
8940 2 2 0 1 4659 4660 4622
8941 2 2 0 1 4623 4661 4624
8942 2 2 0 1 4623 4660 4661
8943 2 2 0 1 4662 4625 4624
8944 2 2 0 1 4661 4662 4624
8945 2 2 0 1 4625 4662 4663
8946 2 2 0 1 4626 4625 4663
8947 2 2 0 1 4664 4626 4663
8948 2 2 0 1 4627 4626 4664
8949 2 2 0 1 4627 4664 4665
8950 2 2 0 1 4628 4627 4665
8951 2 2 0 1 4628 4665 4666
8952 2 2 0 1 4629 4628 4666
8953 2 2 0 1 4667 4630 4629
8954 2 2 0 1 4667 4629 4666
8955 2 2 0 1 4633 4668 4631
8956 2 2 0 1 4668 4646 4631
8957 2 2 0 1 4633 4632 4669
8958 2 2 0 1 4632 4634 4669
8959 2 2 0 1 4670 4633 4669
8960 2 2 0 1 4670 4668 4633
8961 2 2 0 1 4634 4671 4669
8962 2 2 0 1 4634 4635 4671
8963 2 2 0 1 4635 4636 4672
8964 2 2 0 1 4635 4672 4671
8965 2 2 0 1 4673 4636 4638
8966 2 2 0 1 4672 4636 4673
8967 2 2 0 1 4675 4637 4639
8968 2 2 0 1 4638 4637 4675
8969 2 2 0 1 4674 4638 4675
8970 2 2 0 1 4674 4673 4638
8971 2 2 0 1 4676 4675 4639
8972 2 2 0 1 4640 4676 4639
8973 2 2 0 1 4640 4677 4676
8974 2 2 0 1 4640 4641 4677
8975 2 2 0 1 4678 4641 4679
8976 2 2 0 1 4679 4641 4642
8977 2 2 0 1 4677 4641 4678
8978 2 2 0 1 4643 4679 4642
8979 2 2 0 1 4680 4643 4644
8980 2 2 0 1 4680 4679 4643
8981 2 2 0 1 4681 4680 4644
8982 2 2 0 1 4645 4681 4644
8983 2 2 0 1 4668 4682 4646
8984 2 2 0 1 4682 4647 4646
8985 2 2 0 1 4683 4648 4647
8986 2 2 0 1 4682 4683 4647
8987 2 2 0 1 4684 4648 4683
8988 2 2 0 1 4649 4648 4684
8989 2 2 0 1 4650 4649 4685
8990 2 2 0 1 4685 4649 4684
8991 2 2 0 1 4650 4685 4686
8992 2 2 0 1 4650 4686 4651
8993 2 2 0 1 4686 4687 4651
8994 2 2 0 1 4687 4652 4651
8995 2 2 0 1 4652 4688 4653
8996 2 2 0 1 4687 4688 4652
8997 2 2 0 1 4688 4689 4653
8998 2 2 0 1 4689 4654 4653
8999 2 2 0 1 4690 4655 4654
9000 2 2 0 1 4689 4690 4654
9001 2 2 0 1 4690 4691 4655
9002 2 2 0 1 4655 4691 4656
9003 2 2 0 1 4657 4656 4692
9004 2 2 0 1 4656 4691 4692
9005 2 2 0 1 4658 4657 4693
9006 2 2 0 1 4693 4657 4692
9007 2 2 0 1 4658 4693 4694
9008 2 2 0 1 4659 4658 4694
9009 2 2 0 1 4695 4659 4694
9010 2 2 0 1 4695 4660 4659
9011 2 2 0 1 4695 4696 4660
9012 2 2 0 1 4660 4696 4661
9013 2 2 0 1 4696 4697 4661
9014 2 2 0 1 4697 4662 4661
9015 2 2 0 1 4697 4698 4662
9016 2 2 0 1 4662 4698 4663
9017 2 2 0 1 4698 4699 4663
9018 2 2 0 1 4699 4664 4663
9019 2 2 0 1 4664 4699 4700
9020 2 2 0 1 4664 4700 4665
9021 2 2 0 1 4665 4701 4666
9022 2 2 0 1 4700 4701 4665
9023 2 2 0 1 4702 4667 4666
9024 2 2 0 1 4701 4702 4666
9025 2 2 0 1 4703 4682 4668
9026 2 2 0 1 4703 4668 4670
9027 2 2 0 1 4704 4670 4669
9028 2 2 0 1 4671 4704 4669
9029 2 2 0 1 4705 4703 4670
9030 2 2 0 1 4705 4670 4704
9031 2 2 0 1 4672 4706 4671
9032 2 2 0 1 4671 4706 4704
9033 2 2 0 1 4672 4707 4706
9034 2 2 0 1 4672 4673 4707
9035 2 2 0 1 4707 4673 4708
9036 2 2 0 1 4708 4673 4674
9037 2 2 0 1 4674 4675 4710
9038 2 2 0 1 4708 4674 4709
9039 2 2 0 1 4674 4710 4709
9040 2 2 0 1 4675 4676 4710
9041 2 2 0 1 4676 4677 4711
9042 2 2 0 1 4676 4711 4710
9043 2 2 0 1 4711 4677 4712
9044 2 2 0 1 4677 4678 4712
9045 2 2 0 1 4678 4714 4713
9046 2 2 0 1 4678 4679 4714
9047 2 2 0 1 4678 4713 4712
9048 2 2 0 1 4679 4680 4714
9049 2 2 0 1 4714 4680 4715
9050 2 2 0 1 4681 4716 4680
9051 2 2 0 1 4680 4716 4715
9052 2 2 0 1 4703 4717 4682
9053 2 2 0 1 4682 4717 4683
9054 2 2 0 1 4718 4684 4683
9055 2 2 0 1 4717 4718 4683
9056 2 2 0 1 4719 4685 4684
9057 2 2 0 1 4719 4684 4718
9058 2 2 0 1 4686 4685 4720
9059 2 2 0 1 4720 4685 4719
9060 2 2 0 1 4686 4721 4687
9061 2 2 0 1 4686 4720 4721
9062 2 2 0 1 4721 4722 4687
9063 2 2 0 1 4722 4688 4687
9064 2 2 0 1 4688 4723 4689
9065 2 2 0 1 4722 4723 4688
9066 2 2 0 1 4724 4690 4689
9067 2 2 0 1 4723 4724 4689
9068 2 2 0 1 4690 4725 4691
9069 2 2 0 1 4724 4725 4690
9070 2 2 0 1 4691 4726 4692
9071 2 2 0 1 4691 4725 4726
9072 2 2 0 1 4693 4692 4727
9073 2 2 0 1 4692 4726 4727
9074 2 2 0 1 4693 4727 4728
9075 2 2 0 1 4694 4693 4728
9076 2 2 0 1 4729 4694 4728
9077 2 2 0 1 4729 4695 4694
9078 2 2 0 1 4695 4730 4696
9079 2 2 0 1 4729 4730 4695
9080 2 2 0 1 4696 4731 4697
9081 2 2 0 1 4696 4730 4731
9082 2 2 0 1 4697 4732 4698
9083 2 2 0 1 4697 4731 4732
9084 2 2 0 1 4698 4732 4733
9085 2 2 0 1 4698 4733 4699
9086 2 2 0 1 4699 4734 4700
9087 2 2 0 1 4699 4733 4734
9088 2 2 0 1 4734 4735 4700
9089 2 2 0 1 4735 4701 4700
9090 2 2 0 1 4736 4702 4701
9091 2 2 0 1 4736 4701 4735
9092 2 2 0 1 4705 4737 4703
9093 2 2 0 1 4703 4737 4717
9094 2 2 0 1 4705 4704 4738
9095 2 2 0 1 4704 4706 4738
9096 2 2 0 1 4739 4705 4738
9097 2 2 0 1 4739 4737 4705
9098 2 2 0 1 4706 4707 4740
9099 2 2 0 1 4706 4740 4738
9100 2 2 0 1 4707 4741 4740
9101 2 2 0 1 4707 4708 4741
9102 2 2 0 1 4742 4708 4709
9103 2 2 0 1 4741 4708 4742
9104 2 2 0 1 4710 4744 4709
9105 2 2 0 1 4743 4742 4709
9106 2 2 0 1 4744 4743 4709
9107 2 2 0 1 4711 4744 4710
9108 2 2 0 1 4745 4744 4711
9109 2 2 0 1 4745 4711 4712
9110 2 2 0 1 4713 4746 4712
9111 2 2 0 1 4746 4745 4712
9112 2 2 0 1 4746 4713 4747
9113 2 2 0 1 4713 4748 4747
9114 2 2 0 1 4714 4748 4713
9115 2 2 0 1 4748 4714 4715
9116 2 2 0 1 4716 4749 4715
9117 2 2 0 1 4749 4748 4715
9118 2 2 0 1 4718 4717 4750
9119 2 2 0 1 4717 4737 4750
9120 2 2 0 1 4719 4718 4751
9121 2 2 0 1 4718 4750 4751
9122 2 2 0 1 4752 4719 4751
9123 2 2 0 1 4720 4719 4752
9124 2 2 0 1 4753 4720 4752
9125 2 2 0 1 4721 4720 4753
9126 2 2 0 1 4721 4753 4754
9127 2 2 0 1 4721 4754 4722
9128 2 2 0 1 4722 4754 4755
9129 2 2 0 1 4722 4755 4723
9130 2 2 0 1 4723 4755 4756
9131 2 2 0 1 4723 4756 4724
9132 2 2 0 1 4724 4756 4757
9133 2 2 0 1 4724 4757 4725
9134 2 2 0 1 4725 4757 4758
9135 2 2 0 1 4726 4725 4758
9136 2 2 0 1 4726 4759 4727
9137 2 2 0 1 4726 4758 4759
9138 2 2 0 1 4759 4760 4727
9139 2 2 0 1 4727 4760 4728
9140 2 2 0 1 4761 4729 4728
9141 2 2 0 1 4760 4761 4728
9142 2 2 0 1 4729 4762 4730
9143 2 2 0 1 4761 4762 4729
9144 2 2 0 1 4731 4730 4763
9145 2 2 0 1 4730 4762 4763
9146 2 2 0 1 4764 4731 4763
9147 2 2 0 1 4732 4731 4764
9148 2 2 0 1 4732 4764 4765
9149 2 2 0 1 4732 4765 4733
9150 2 2 0 1 4733 4765 4766
9151 2 2 0 1 4733 4766 4734
9152 2 2 0 1 4767 4735 4734
9153 2 2 0 1 4766 4767 4734
9154 2 2 0 1 4767 4768 4735
9155 2 2 0 1 4768 4736 4735
9156 2 2 0 1 4737 4769 4750
9157 2 2 0 1 4739 4769 4737
9158 2 2 0 1 4738 4740 4770
9159 2 2 0 1 4739 4738 4770
9160 2 2 0 1 4771 4769 4739
9161 2 2 0 1 4771 4739 4770
9162 2 2 0 1 4740 4772 4770
9163 2 2 0 1 4741 4772 4740
9164 2 2 0 1 4741 4773 4772
9165 2 2 0 1 4741 4742 4773
9166 2 2 0 1 4774 4742 4743
9167 2 2 0 1 4773 4742 4774
9168 2 2 0 1 4775 4743 4776
9169 2 2 0 1 4776 4743 4744
9170 2 2 0 1 4774 4743 4775
9171 2 2 0 1 4776 4744 4745
9172 2 2 0 1 4776 4745 4777
9173 2 2 0 1 4777 4745 4746
9174 2 2 0 1 4777 4746 4778
9175 2 2 0 1 4778 4746 4747
9176 2 2 0 1 4748 4779 4747
9177 2 2 0 1 4779 4778 4747
9178 2 2 0 1 4749 4780 4748
9179 2 2 0 1 4748 4780 4779
9180 2 2 0 1 4769 4781 4750
9181 2 2 0 1 4750 4781 4751
9182 2 2 0 1 4781 4782 4751
9183 2 2 0 1 4782 4752 4751
9184 2 2 0 1 4783 4753 4752
9185 2 2 0 1 4782 4783 4752
9186 2 2 0 1 4784 4753 4783
9187 2 2 0 1 4754 4753 4784
9188 2 2 0 1 4755 4754 4785
9189 2 2 0 1 4754 4784 4785
9190 2 2 0 1 4756 4755 4786
9191 2 2 0 1 4755 4785 4786
9192 2 2 0 1 4757 4756 4787
9193 2 2 0 1 4787 4756 4786
9194 2 2 0 1 4757 4788 4758
9195 2 2 0 1 4757 4787 4788
9196 2 2 0 1 4758 4789 4759
9197 2 2 0 1 4758 4788 4789
9198 2 2 0 1 4790 4760 4759
9199 2 2 0 1 4789 4790 4759
9200 2 2 0 1 4791 4761 4760
9201 2 2 0 1 4791 4760 4790
9202 2 2 0 1 4761 4792 4762
9203 2 2 0 1 4791 4792 4761
9204 2 2 0 1 4762 4792 4793
9205 2 2 0 1 4763 4762 4793
9206 2 2 0 1 4794 4763 4793
9207 2 2 0 1 4794 4764 4763
9208 2 2 0 1 4795 4764 4794
9209 2 2 0 1 4765 4764 4795
9210 2 2 0 1 4765 4795 4796
9211 2 2 0 1 4765 4796 4766
9212 2 2 0 1 4796 4797 4766
9213 2 2 0 1 4797 4767 4766
9214 2 2 0 1 4798 4767 4797
9215 2 2 0 1 4798 4768 4767
9216 2 2 0 1 4769 4799 4781
9217 2 2 0 1 4771 4799 4769
9218 2 2 0 1 4772 4800 4770
9219 2 2 0 1 4800 4771 4770
9220 2 2 0 1 4800 4801 4771
9221 2 2 0 1 4771 4801 4799
9222 2 2 0 1 4772 4802 4800
9223 2 2 0 1 4772 4773 4802
9224 2 2 0 1 4773 4774 4803
9225 2 2 0 1 4802 4773 4803
9226 2 2 0 1 4774 4804 4803
9227 2 2 0 1 4774 4775 4804
9228 2 2 0 1 4805 4775 4806
9229 2 2 0 1 4804 4775 4805
9230 2 2 0 1 4775 4776 4806
9231 2 2 0 1 4776 4777 4806
9232 2 2 0 1 4777 4778 4807
9233 2 2 0 1 4806 4777 4807
9234 2 2 0 1 4778 4809 4808
9235 2 2 0 1 4807 4778 4808
9236 2 2 0 1 4809 4778 4779
9237 2 2 0 1 4810 4809 4779
9238 2 2 0 1 4780 4810 4779
9239 2 2 0 1 4781 4799 4811
9240 2 2 0 1 4782 4781 4811
9241 2 2 0 1 4812 4782 4811
9242 2 2 0 1 4812 4783 4782
9243 2 2 0 1 4813 4783 4812
9244 2 2 0 1 4784 4783 4813
9245 2 2 0 1 4784 4813 4814
9246 2 2 0 1 4784 4814 4785
9247 2 2 0 1 4785 4814 4815
9248 2 2 0 1 4785 4815 4786
9249 2 2 0 1 4816 4787 4786
9250 2 2 0 1 4815 4816 4786
9251 2 2 0 1 4788 4787 4817
9252 2 2 0 1 4817 4787 4816
9253 2 2 0 1 4788 4817 4818
9254 2 2 0 1 4788 4818 4789
9255 2 2 0 1 4819 4790 4789
9256 2 2 0 1 4818 4819 4789
9257 2 2 0 1 4820 4791 4790
9258 2 2 0 1 4819 4820 4790
9259 2 2 0 1 4791 4821 4792
9260 2 2 0 1 4820 4821 4791
9261 2 2 0 1 4792 4822 4793
9262 2 2 0 1 4792 4821 4822
9263 2 2 0 1 4794 4793 4823
9264 2 2 0 1 4793 4822 4823
9265 2 2 0 1 4824 4794 4823
9266 2 2 0 1 4795 4794 4824
9267 2 2 0 1 4795 4824 4825
9268 2 2 0 1 4796 4795 4825
9269 2 2 0 1 4797 4796 4826
9270 2 2 0 1 4796 4825 4826
9271 2 2 0 1 4827 4797 4826
9272 2 2 0 1 4827 4798 4797
9273 2 2 0 1 4799 4801 4828
9274 2 2 0 1 4799 4828 4811
9275 2 2 0 1 4800 4802 4829
9276 2 2 0 1 4800 4829 4801
9277 2 2 0 1 4801 4830 4828
9278 2 2 0 1 4801 4829 4830
9279 2 2 0 1 4829 4802 4831
9280 2 2 0 1 4831 4802 4803
9281 2 2 0 1 4832 4831 4803
9282 2 2 0 1 4804 4832 4803
9283 2 2 0 1 4804 4833 4832
9284 2 2 0 1 4804 4805 4833
9285 2 2 0 1 4835 4805 4806
9286 2 2 0 1 4833 4805 4834
9287 2 2 0 1 4834 4805 4835
9288 2 2 0 1 4835 4806 4807
9289 2 2 0 1 4836 4835 4807
9290 2 2 0 1 4836 4807 4808
9291 2 2 0 1 4809 4837 4808
9292 2 2 0 1 4837 4836 4808
9293 2 2 0 1 4838 4837 4809
9294 2 2 0 1 4810 4838 4809
9295 2 2 0 1 4811 4828 4839
9296 2 2 0 1 4812 4811 4839
9297 2 2 0 1 4840 4812 4839
9298 2 2 0 1 4813 4812 4840
9299 2 2 0 1 4814 4813 4841
9300 2 2 0 1 4841 4813 4840
9301 2 2 0 1 4814 4841 4842
9302 2 2 0 1 4814 4842 4815
9303 2 2 0 1 4815 4842 4843
9304 2 2 0 1 4816 4815 4843
9305 2 2 0 1 4817 4816 4844
9306 2 2 0 1 4816 4843 4844
9307 2 2 0 1 4845 4817 4844
9308 2 2 0 1 4818 4817 4845
9309 2 2 0 1 4818 4845 4846
9310 2 2 0 1 4818 4846 4819
9311 2 2 0 1 4819 4846 4847
9312 2 2 0 1 4819 4847 4820
9313 2 2 0 1 4820 4848 4821
9314 2 2 0 1 4820 4847 4848
9315 2 2 0 1 4822 4821 4849
9316 2 2 0 1 4821 4848 4849
9317 2 2 0 1 4850 4822 4849
9318 2 2 0 1 4822 4850 4823
9319 2 2 0 1 4824 4823 4851
9320 2 2 0 1 4823 4850 4851
9321 2 2 0 1 4824 4852 4825
9322 2 2 0 1 4824 4851 4852
9323 2 2 0 1 4825 4853 4826
9324 2 2 0 1 4852 4853 4825
9325 2 2 0 1 4853 4854 4826
9326 2 2 0 1 4854 4827 4826
9327 2 2 0 1 4828 4855 4839
9328 2 2 0 1 4828 4830 4855
9329 2 2 0 1 4830 4829 4856
9330 2 2 0 1 4829 4831 4856
9331 2 2 0 1 4855 4830 4857
9332 2 2 0 1 4830 4856 4857
9333 2 2 0 1 4831 4832 4858
9334 2 2 0 1 4856 4831 4858
9335 2 2 0 1 4832 4833 4859
9336 2 2 0 1 4858 4832 4859
9337 2 2 0 1 4859 4833 4860
9338 2 2 0 1 4833 4834 4860
9339 2 2 0 1 4834 4862 4861
9340 2 2 0 1 4860 4834 4861
9341 2 2 0 1 4834 4835 4862
9342 2 2 0 1 4862 4835 4836
9343 2 2 0 1 4862 4836 4863
9344 2 2 0 1 4836 4837 4864
9345 2 2 0 1 4836 4864 4863
9346 2 2 0 1 4838 4865 4837
9347 2 2 0 1 4837 4865 4864
9348 2 2 0 1 4840 4839 4866
9349 2 2 0 1 4839 4855 4866
9350 2 2 0 1 4867 4841 4840
9351 2 2 0 1 4867 4840 4866
9352 2 2 0 1 4868 4841 4867
9353 2 2 0 1 4842 4841 4868
9354 2 2 0 1 4843 4842 4869
9355 2 2 0 1 4842 4868 4869
9356 2 2 0 1 4843 4870 4844
9357 2 2 0 1 4870 4843 4869
9358 2 2 0 1 4870 4871 4844
9359 2 2 0 1 4871 4845 4844
9360 2 2 0 1 4846 4845 4872
9361 2 2 0 1 4872 4845 4871
9362 2 2 0 1 4846 4872 4873
9363 2 2 0 1 4847 4846 4873
9364 2 2 0 1 4874 4847 4873
9365 2 2 0 1 4848 4847 4874
9366 2 2 0 1 4848 4875 4849
9367 2 2 0 1 4848 4874 4875
9368 2 2 0 1 4875 4876 4849
9369 2 2 0 1 4876 4850 4849
9370 2 2 0 1 4876 4877 4850
9371 2 2 0 1 4850 4877 4851
9372 2 2 0 1 4851 4877 4878
9373 2 2 0 1 4851 4878 4852
9374 2 2 0 1 4853 4852 4879
9375 2 2 0 1 4852 4878 4879
9376 2 2 0 1 4880 4853 4879
9377 2 2 0 1 4880 4854 4853
9378 2 2 0 1 4881 4855 4857
9379 2 2 0 1 4855 4881 4866
9380 2 2 0 1 4882 4856 4858
9381 2 2 0 1 4856 4882 4857
9382 2 2 0 1 4883 4881 4857
9383 2 2 0 1 4882 4883 4857
9384 2 2 0 1 4884 4882 4858
9385 2 2 0 1 4884 4858 4859
9386 2 2 0 1 4885 4859 4860
9387 2 2 0 1 4885 4884 4859
9388 2 2 0 1 4886 4885 4860
9389 2 2 0 1 4886 4860 4861
9390 2 2 0 1 4887 4886 4861
9391 2 2 0 1 4887 4861 4888
9392 2 2 0 1 4861 4862 4888
9393 2 2 0 1 4888 4862 4863
9394 2 2 0 1 4889 4888 4863
9395 2 2 0 1 4864 4889 4863
9396 2 2 0 1 4890 4889 4864
9397 2 2 0 1 4865 4890 4864
9398 2 2 0 1 4881 4891 4866
9399 2 2 0 1 4891 4867 4866
9400 2 2 0 1 4892 4867 4891
9401 2 2 0 1 4868 4867 4892
9402 2 2 0 1 4868 4892 4893
9403 2 2 0 1 4869 4868 4893
9404 2 2 0 1 4894 4869 4893
9405 2 2 0 1 4894 4870 4869
9406 2 2 0 1 4895 4871 4870
9407 2 2 0 1 4894 4895 4870
9408 2 2 0 1 4872 4871 4896
9409 2 2 0 1 4896 4871 4895
9410 2 2 0 1 4872 4896 4897
9411 2 2 0 1 4873 4872 4897
9412 2 2 0 1 4898 4873 4897
9413 2 2 0 1 4874 4873 4898
9414 2 2 0 1 4899 4874 4898
9415 2 2 0 1 4875 4874 4899
9416 2 2 0 1 4875 4899 4900
9417 2 2 0 1 4875 4900 4876
9418 2 2 0 1 4876 4901 4877
9419 2 2 0 1 4876 4900 4901
9420 2 2 0 1 4878 4877 4902
9421 2 2 0 1 4877 4901 4902
9422 2 2 0 1 4878 4903 4879
9423 2 2 0 1 4878 4902 4903
9424 2 2 0 1 4904 4880 4879
9425 2 2 0 1 4903 4904 4879
9426 2 2 0 1 4883 4905 4881
9427 2 2 0 1 4881 4905 4891
9428 2 2 0 1 4882 4906 4883
9429 2 2 0 1 4884 4906 4882
9430 2 2 0 1 4907 4905 4883
9431 2 2 0 1 4906 4907 4883
9432 2 2 0 1 4908 4884 4885
9433 2 2 0 1 4908 4906 4884
9434 2 2 0 1 4886 4909 4885
9435 2 2 0 1 4909 4908 4885
9436 2 2 0 1 4910 4886 4887
9437 2 2 0 1 4910 4909 4886
9438 2 2 0 1 4910 4887 4911
9439 2 2 0 1 4911 4887 4912
9440 2 2 0 1 4912 4887 4888
9441 2 2 0 1 4889 4912 4888
9442 2 2 0 1 4912 4889 4913
9443 2 2 0 1 4889 4914 4913
9444 2 2 0 1 4890 4914 4889
9445 2 2 0 1 4905 4915 4891
9446 2 2 0 1 4915 4892 4891
9447 2 2 0 1 4916 4892 4915
9448 2 2 0 1 4892 4916 4893
9449 2 2 0 1 4917 4894 4893
9450 2 2 0 1 4916 4917 4893
9451 2 2 0 1 4918 4895 4894
9452 2 2 0 1 4918 4894 4917
9453 2 2 0 1 4919 4895 4918
9454 2 2 0 1 4896 4895 4919
9455 2 2 0 1 4896 4920 4897
9456 2 2 0 1 4896 4919 4920
9457 2 2 0 1 4921 4898 4897
9458 2 2 0 1 4920 4921 4897
9459 2 2 0 1 4921 4922 4898
9460 2 2 0 1 4922 4899 4898
9461 2 2 0 1 4900 4899 4923
9462 2 2 0 1 4923 4899 4922
9463 2 2 0 1 4900 4923 4924
9464 2 2 0 1 4900 4924 4901
9465 2 2 0 1 4901 4924 4925
9466 2 2 0 1 4901 4925 4902
9467 2 2 0 1 4902 4926 4903
9468 2 2 0 1 4925 4926 4902
9469 2 2 0 1 4926 4927 4903
9470 2 2 0 1 4927 4904 4903
9471 2 2 0 1 4907 4928 4905
9472 2 2 0 1 4905 4928 4915
9473 2 2 0 1 4929 4906 4908
9474 2 2 0 1 4929 4907 4906
9475 2 2 0 1 4930 4907 4929
9476 2 2 0 1 4930 4928 4907
9477 2 2 0 1 4929 4908 4931
9478 2 2 0 1 4931 4908 4909
9479 2 2 0 1 4931 4909 4932
9480 2 2 0 1 4932 4909 4910
9481 2 2 0 1 4910 4911 4933
9482 2 2 0 1 4932 4910 4933
9483 2 2 0 1 4933 4911 4934
9484 2 2 0 1 4911 4935 4934
9485 2 2 0 1 4911 4912 4935
9486 2 2 0 1 4935 4912 4913
9487 2 2 0 1 4936 4935 4913
9488 2 2 0 1 4914 4936 4913
9489 2 2 0 1 4928 4937 4915
9490 2 2 0 1 4937 4916 4915
9491 2 2 0 1 4916 4938 4917
9492 2 2 0 1 4937 4938 4916
9493 2 2 0 1 4938 4939 4917
9494 2 2 0 1 4939 4918 4917
9495 2 2 0 1 4919 4918 4940
9496 2 2 0 1 4940 4918 4939
9497 2 2 0 1 4919 4940 4941
9498 2 2 0 1 4919 4941 4920
9499 2 2 0 1 4941 4942 4920
9500 2 2 0 1 4942 4921 4920
9501 2 2 0 1 4943 4922 4921
9502 2 2 0 1 4943 4921 4942
9503 2 2 0 1 4923 4922 4944
9504 2 2 0 1 4944 4922 4943
9505 2 2 0 1 4924 4923 4945
9506 2 2 0 1 4923 4944 4945
9507 2 2 0 1 4924 4945 4946
9508 2 2 0 1 4925 4924 4946
9509 2 2 0 1 4926 4925 4947
9510 2 2 0 1 4925 4946 4947
9511 2 2 0 1 4948 4926 4947
9512 2 2 0 1 4948 4927 4926
9513 2 2 0 1 4949 4937 4928
9514 2 2 0 1 4949 4928 4930
9515 2 2 0 1 4930 4929 4950
9516 2 2 0 1 4929 4931 4950
9517 2 2 0 1 4951 4930 4950
9518 2 2 0 1 4949 4930 4951
9519 2 2 0 1 4931 4952 4950
9520 2 2 0 1 4931 4932 4952
9521 2 2 0 1 4952 4932 4953
9522 2 2 0 1 4953 4932 4933
9523 2 2 0 1 4954 4953 4933
9524 2 2 0 1 4954 4933 4934
9525 2 2 0 1 4955 4954 4934
9526 2 2 0 1 4935 4955 4934
9527 2 2 0 1 4956 4955 4935
9528 2 2 0 1 4936 4956 4935
9529 2 2 0 1 4957 4938 4937
9530 2 2 0 1 4957 4937 4949
9531 2 2 0 1 4958 4939 4938
9532 2 2 0 1 4958 4938 4957
9533 2 2 0 1 4940 4939 4959
9534 2 2 0 1 4959 4939 4958
9535 2 2 0 1 4940 4959 4960
9536 2 2 0 1 4941 4940 4960
9537 2 2 0 1 4942 4941 4961
9538 2 2 0 1 4961 4941 4960
9539 2 2 0 1 4962 4943 4942
9540 2 2 0 1 4962 4942 4961
9541 2 2 0 1 4963 4943 4962
9542 2 2 0 1 4944 4943 4963
9543 2 2 0 1 4944 4964 4945
9544 2 2 0 1 4944 4963 4964
9545 2 2 0 1 4945 4964 4965
9546 2 2 0 1 4945 4965 4946
9547 2 2 0 1 4946 4966 4947
9548 2 2 0 1 4965 4966 4946
9549 2 2 0 1 4966 4967 4947
9550 2 2 0 1 4967 4948 4947
9551 2 2 0 1 4949 4951 4968
9552 2 2 0 1 4957 4949 4968
9553 2 2 0 1 4951 4950 4969
9554 2 2 0 1 4950 4952 4969
9555 2 2 0 1 4970 4951 4969
9556 2 2 0 1 4968 4951 4970
9557 2 2 0 1 4952 4953 4971
9558 2 2 0 1 4952 4971 4969
9559 2 2 0 1 4971 4953 4972
9560 2 2 0 1 4972 4953 4954
9561 2 2 0 1 4954 4955 4974
9562 2 2 0 1 4954 4974 4973
9563 2 2 0 1 4972 4954 4973
9564 2 2 0 1 4956 4975 4955
9565 2 2 0 1 4955 4975 4974
9566 2 2 0 1 4958 4957 4976
9567 2 2 0 1 4957 4968 4976
9568 2 2 0 1 4959 4958 4977
9569 2 2 0 1 4977 4958 4976
9570 2 2 0 1 4959 4978 4960
9571 2 2 0 1 4959 4977 4978
9572 2 2 0 1 4961 4960 4979
9573 2 2 0 1 4960 4978 4979
9574 2 2 0 1 4980 4961 4979
9575 2 2 0 1 4980 4962 4961
9576 2 2 0 1 4981 4963 4962
9577 2 2 0 1 4980 4981 4962
9578 2 2 0 1 4982 4963 4981
9579 2 2 0 1 4964 4963 4982
9580 2 2 0 1 4964 4982 4983
9581 2 2 0 1 4965 4964 4983
9582 2 2 0 1 4965 4983 4984
9583 2 2 0 1 4966 4965 4984
9584 2 2 0 1 4985 4967 4966
9585 2 2 0 1 4985 4966 4984
9586 2 2 0 1 4968 4986 4976
9587 2 2 0 1 4986 4968 4970
9588 2 2 0 1 4987 4970 4969
9589 2 2 0 1 4971 4987 4969
9590 2 2 0 1 4988 4986 4970
9591 2 2 0 1 4987 4988 4970
9592 2 2 0 1 4987 4971 4989
9593 2 2 0 1 4971 4972 4989
9594 2 2 0 1 4990 4972 4973
9595 2 2 0 1 4989 4972 4990
9596 2 2 0 1 4974 4991 4973
9597 2 2 0 1 4991 4990 4973
9598 2 2 0 1 4975 4992 4974
9599 2 2 0 1 4992 4991 4974
9600 2 2 0 1 4993 4977 4976
9601 2 2 0 1 4986 4993 4976
9602 2 2 0 1 4978 4977 4994
9603 2 2 0 1 4994 4977 4993
9604 2 2 0 1 4978 4995 4979
9605 2 2 0 1 4978 4994 4995
9606 2 2 0 1 4995 4996 4979
9607 2 2 0 1 4996 4980 4979
9608 2 2 0 1 4996 4997 4980
9609 2 2 0 1 4980 4997 4981
9610 2 2 0 1 4981 4997 4998
9611 2 2 0 1 4982 4981 4998
9612 2 2 0 1 4982 4999 4983
9613 2 2 0 1 4982 4998 4999
9614 2 2 0 1 4983 5000 4984
9615 2 2 0 1 4999 5000 4983
9616 2 2 0 1 5001 4985 4984
9617 2 2 0 1 5000 5001 4984
9618 2 2 0 1 4986 5002 4993
9619 2 2 0 1 4988 5002 4986
9620 2 2 0 1 5003 4988 4987
9621 2 2 0 1 5003 4987 4989
9622 2 2 0 1 5004 4988 5003
9623 2 2 0 1 5004 5002 4988
9624 2 2 0 1 5005 5003 4989
9625 2 2 0 1 5005 4989 4990
9626 2 2 0 1 4990 5007 5006
9627 2 2 0 1 4991 5007 4990
9628 2 2 0 1 5005 4990 5006
9629 2 2 0 1 4991 5008 5007
9630 2 2 0 1 4992 5008 4991
9631 2 2 0 1 5009 4994 4993
9632 2 2 0 1 5002 5009 4993
9633 2 2 0 1 4995 4994 5010
9634 2 2 0 1 5010 4994 5009
9635 2 2 0 1 4995 5011 4996
9636 2 2 0 1 4995 5010 5011
9637 2 2 0 1 4996 5011 5012
9638 2 2 0 1 4996 5012 4997
9639 2 2 0 1 4997 5012 5013
9640 2 2 0 1 4998 4997 5013
9641 2 2 0 1 4999 4998 5014
9642 2 2 0 1 4998 5013 5014
9643 2 2 0 1 5000 4999 5015
9644 2 2 0 1 4999 5014 5015
9645 2 2 0 1 5016 5000 5015
9646 2 2 0 1 5016 5001 5000
9647 2 2 0 1 5017 5009 5002
9648 2 2 0 1 5017 5002 5004
9649 2 2 0 1 5018 5003 5005
9650 2 2 0 1 5004 5003 5018
9651 2 2 0 1 5004 5018 5019
9652 2 2 0 1 5017 5004 5019
9653 2 2 0 1 5018 5005 5020
9654 2 2 0 1 5020 5005 5006
9655 2 2 0 1 5021 5020 5006
9656 2 2 0 1 5007 5021 5006
9657 2 2 0 1 5022 5021 5007
9658 2 2 0 1 5008 5022 5007
9659 2 2 0 1 5010 5009 5023
9660 2 2 0 1 5023 5009 5017
9661 2 2 0 1 5010 5023 5024
9662 2 2 0 1 5011 5010 5024
9663 2 2 0 1 5025 5011 5024
9664 2 2 0 1 5012 5011 5025
9665 2 2 0 1 5012 5026 5013
9666 2 2 0 1 5012 5025 5026
9667 2 2 0 1 5013 5027 5014
9668 2 2 0 1 5026 5027 5013
9669 2 2 0 1 5027 5028 5014
9670 2 2 0 1 5014 5028 5015
9671 2 2 0 1 5028 5029 5015
9672 2 2 0 1 5029 5016 5015
9673 2 2 0 1 5030 5017 5019
9674 2 2 0 1 5023 5017 5030
9675 2 2 0 1 5031 5018 5020
9676 2 2 0 1 5018 5031 5019
9677 2 2 0 1 5031 5032 5019
9678 2 2 0 1 5032 5030 5019
9679 2 2 0 1 5033 5031 5020
9680 2 2 0 1 5021 5033 5020
9681 2 2 0 1 5021 5034 5033
9682 2 2 0 1 5022 5034 5021
9683 2 2 0 1 5023 5030 5035
9684 2 2 0 1 5023 5035 5024
9685 2 2 0 1 5024 5035 5036
9686 2 2 0 1 5025 5024 5036
9687 2 2 0 1 5026 5025 5037
9688 2 2 0 1 5037 5025 5036
9689 2 2 0 1 5026 5038 5027
9690 2 2 0 1 5026 5037 5038
9691 2 2 0 1 5027 5038 5039
9692 2 2 0 1 5028 5027 5039
9693 2 2 0 1 5040 5029 5028
9694 2 2 0 1 5040 5028 5039
9695 2 2 0 1 5035 5030 5041
9696 2 2 0 1 5041 5030 5032
9697 2 2 0 1 5042 5031 5033
9698 2 2 0 1 5042 5032 5031
9699 2 2 0 1 5043 5032 5042
9700 2 2 0 1 5041 5032 5043
9701 2 2 0 1 5042 5033 5044
9702 2 2 0 1 5034 5045 5033
9703 2 2 0 1 5033 5045 5044
9704 2 2 0 1 5035 5046 5036
9705 2 2 0 1 5035 5041 5046
9706 2 2 0 1 5047 5037 5036
9707 2 2 0 1 5046 5047 5036
9708 2 2 0 1 5037 5047 5048
9709 2 2 0 1 5038 5037 5048
9710 2 2 0 1 5038 5048 5049
9711 2 2 0 1 5038 5049 5039
9712 2 2 0 1 5049 5050 5039
9713 2 2 0 1 5050 5040 5039
9714 2 2 0 1 5051 5041 5043
9715 2 2 0 1 5046 5041 5051
9716 2 2 0 1 5053 5043 5042
9717 2 2 0 1 5053 5042 5044
9718 2 2 0 1 5053 5052 5043
9719 2 2 0 1 5052 5051 5043
9720 2 2 0 1 5054 5053 5044
9721 2 2 0 1 5045 5054 5044
9722 2 2 0 1 5046 5055 5047
9723 2 2 0 1 5046 5051 5055
9724 2 2 0 1 5047 5056 5048
9725 2 2 0 1 5055 5056 5047
9726 2 2 0 1 5048 5057 5049
9727 2 2 0 1 5056 5057 5048
9728 2 2 0 1 5058 5050 5049
9729 2 2 0 1 5057 5058 5049
9730 2 2 0 1 5059 5051 5052
9731 2 2 0 1 5055 5051 5059
9732 2 2 0 1 5052 5061 5060
9733 2 2 0 1 5059 5052 5060
9734 2 2 0 1 5052 5053 5061
9735 2 2 0 1 5054 5062 5053
9736 2 2 0 1 5053 5062 5061
9737 2 2 0 1 5055 5063 5056
9738 2 2 0 1 5055 5059 5063
9739 2 2 0 1 5057 5056 5064
9740 2 2 0 1 5056 5063 5064
9741 2 2 0 1 5065 5058 5057
9742 2 2 0 1 5065 5057 5064
9743 2 2 0 1 5066 5059 5060
9744 2 2 0 1 5063 5059 5066
9745 2 2 0 1 5061 5067 5060
9746 2 2 0 1 5067 5066 5060
9747 2 2 0 1 5062 5068 5061
9748 2 2 0 1 5068 5067 5061
9749 2 2 0 1 5070 5063 5069
9750 2 2 0 1 5069 5063 5066
9751 2 2 0 1 5063 5070 5064
9752 2 2 0 1 5071 5065 5064
9753 2 2 0 1 5070 5071 5064
9754 2 2 0 1 5067 5072 5066
9755 2 2 0 1 5072 5069 5066
9756 2 2 0 1 5067 5073 5072
9757 2 2 0 1 5068 5073 5067
9758 2 2 0 1 5069 5072 5074
9759 2 2 0 1 5070 5069 5074
9760 2 2 0 1 5075 5071 5070
9761 2 2 0 1 5075 5070 5074
9762 2 2 0 1 5074 5072 5076
9763 2 2 0 1 5072 5077 5076
9764 2 2 0 1 5073 5077 5072
9765 2 2 0 1 5078 5075 5074
9766 2 2 0 1 5078 5074 5076
9767 2 2 0 1 5079 5078 5076
9768 2 2 0 1 5077 5079 5076
$EndElements
