$MeshFormat
4.1 0 8
$EndMeshFormat
$PhysicalNames
3
1 2 "openboundary"
1 3 "coastline"
2 1 "Fluid_Domain"
$EndPhysicalNames
$Entities
12 12 1 0
1 0 0 0 0 
2 15000 0 0 0 
3 15000 6600 0 0 
4 8500 6600 0 0 
5 8500 6800 0 0 
6 15000 6800 0 0 
7 15000 14000 0 0 
8 0 14000 0 0 
9 0 6800 0 0 
10 6500 6800 0 0 
11 6500 6600 0 0 
12 0 6600 0 0 
1 0 6800 0 0 14000 0 1 3 2 8 -9 
2 0 6800 0 6500 6800 0 1 3 2 9 -10 
3 6500 6600 0 6500 6800 0 1 3 2 10 -11 
4 0 6600 0 6500 6600 0 1 3 2 11 -12 
5 0 0 0 0 6600 0 1 3 2 12 -1 
6 0 0 0 15000 0 0 1 3 2 1 -2 
7 15000 0 0 15000 6600 0 1 3 2 2 -3 
8 8500 6600 0 15000 6600 0 1 3 2 3 -4 
9 8500 6600 0 8500 6800 0 1 3 2 4 -5 
10 8500 6800 0 15000 6800 0 1 3 2 5 -6 
11 15000 6800 0 15000 14000 0 1 3 2 6 -7 
12 0 14000 0 15000 14000 0 1 2 2 7 -8 
1 0 0 0 15000 14000 0 1 1 12 1 2 3 4 5 6 7 8 9 10 11 12 
$EndEntities
$Nodes
25 5079 1 5079
0 1 0 1
1
0 0 0
0 2 0 1
2
15000 0 0
0 3 0 1
3
15000 6600 0
0 4 0 1
4
8500 6600 0
0 5 0 1
5
8500 6800 0
0 6 0 1
6
15000 6800 0
0 7 0 1
7
15000 14000 0
0 8 0 1
8
0 14000 0
0 9 0 1
9
0 6800 0
0 10 0 1
10
6500 6800 0
0 11 0 1
11
6500 6600 0
0 12 0 1
12
0 6600 0
1 1 0 31
13
14
15
16
17
18
19
20
21
22
23
24
25
26
27
28
29
30
31
32
33
34
35
36
37
38
39
40
41
42
43
0 13775 0
0 13550 0
0 13325 0
0 13100 0
0 12875 0
0 12650 0
0 12425 0
0 12200 0
0 11975 0
0 11750 0
0 11525 0
0 11300 0
0 11075 0
0 10850 0
0 10625 0
0 10400 0
0 10175 0
0 9950.000000000004 0
0 9725.000000000004 0
0 9500.000000000004 0
0 9275.000000000004 0
0 9050.000000000002 0
0 8825.000000000002 0
0 8600.000000000002 0
0 8375.000000000002 0
0 8150.000000000002 0
0 7925.000000000001 0
0 7700.000000000001 0
0 7475.000000000001 0
0 7250 0
0 7025 0
1 2 0 31
44
45
46
47
48
49
50
51
52
53
54
55
56
57
58
59
60
61
62
63
64
65
66
67
68
69
70
71
72
73
74
228.9986040645963 6800 0
457.9972081291882 6800 0
686.9958121939339 6800 0
915.9944162585646 6800 0
1144.993020322975 6800 0
1373.991624387386 6800 0
1602.990228451797 6800 0
1831.988832516208 6800 0
2060.987436580619 6800 0
2289.98604064503 6800 0
2518.98464470944 6800 0
2747.983248773851 6800 0
2976.981852838262 6800 0
3205.980456902684 6800 0
3434.979060968378 6800 0
3663.977665034392 6800 0
3892.976269100405 6800 0
4121.974873166419 6800 0
4350.973477232433 6800 0
4579.972081298447 6800 0
4808.97068536446 6800 0
5037.969289430474 6800 0
5266.967893496488 6800 0
5489.669836040478 6800 0
5685.252071171641 6800 0
5855.386775446688 6800 0
6003.384958903171 6800 0
6132.126847391092 6800 0
6244.117931650414 6800 0
6341.537651685518 6800 0
6426.281925875225 6800 0
1 3 0 2
75
76
6500 6733.333337213471 0
6500 6666.666662786529 0
1 4 0 31
77
78
79
80
81
82
83
84
85
86
87
88
89
90
91
92
93
94
95
96
97
98
99
100
101
102
103
104
105
106
107
6426.281925875152 6600 0
6341.537651685347 6600 0
6244.117931650117 6600 0
6132.126847390637 6600 0
6003.384958902512 6600 0
5855.386775445784 6600 0
5685.252071170462 6600 0
5489.669836041866 6600 0
5266.967893500992 6600 0
5037.969289437963 6600 0
4808.970685374935 6600 0
4579.972081311906 6600 0
4350.973477248877 6600 0
4121.974873185848 6600 0
3892.976269121457 6600 0
3663.977665056827 6600 0
3434.979060992197 6600 0
3205.980456927247 6600 0
2976.981852861026 6600 0
2747.983248794793 6600 0
2518.984644728561 6600 0
2289.986040662327 6600 0
2060.987436596095 6600 0
1831.988832529862 6600 0
1602.99022846363 6600 0
1373.991624397397 6600 0
1144.993020331164 6600 0
915.9944162649317 6600 0
686.9958121986992 6600 0
457.9972081324659 6600 0
228.9986040662334 6600 0
1 5 0 28
108
109
110
111
112
113
114
115
116
117
118
119
120
121
122
123
124
125
126
127
128
129
130
131
132
133
134
135
0 6372.413793103038 0
0 6144.827586206076 0
0 5917.241379309115 0
0 5689.655172412153 0
0 5462.068965515191 0
0 5234.48275861823 0
0 5006.896551721268 0
0 4779.310344824306 0
0 4551.724137927601 0
0 4324.137931033678 0
0 4096.551724139756 0
0 3868.965517244442 0
0 3641.379310349048 0
0 3413.793103453654 0
0 3186.206896557476 0
0 2958.620689660514 0
0 2731.034482763551 0
0 2503.448275866588 0
0 2275.862068969626 0
0 2048.275862072664 0
0 1820.6896551757 0
0 1593.103448278737 0
0 1365.517241381775 0
0 1137.931034484814 0
0 910.3448275878509 0
0 682.7586206908882 0
0 455.1724137939254 0
0 227.5862068969627 0
1 6 0 65
136
137
138
139
140
141
142
143
144
145
146
147
148
149
150
151
152
153
154
155
156
157
158
159
160
161
162
163
164
165
166
167
168
169
170
171
172
173
174
175
176
177
178
179
180
181
182
183
184
185
186
187
188
189
190
191
192
193
194
195
196
197
198
199
200
227.2727272726578 0 0
454.5454545453238 0 0
681.8181818178822 0 0
909.0909090904146 0 0
1136.36363636317 0 0
1363.63636363603 0 0
1590.90909090889 0 0
1818.181818181728 0 0
2045.454545454352 0 0
2272.727272726868 0 0
2499.999999999384 0 0
2727.2727272719 0 0
2954.545454544415 0 0
3181.818181816931 0 0
3409.090909089447 0 0
3636.363636361963 0 0
3863.636363634478 0 0
4090.909090906832 0 0
4318.181818178675 0 0
4545.454545450502 0 0
4772.727272722329 0 0
4999.999999994156 0 0
5227.272727265984 0 0
5454.545454537812 0 0
5681.818181809638 0 0
5909.090909081466 0 0
6136.363636353293 0 0
6363.63636362512 0 0
6590.909090896947 0 0
6818.181818168775 0 0
7045.454545440602 0 0
7272.727272712429 0 0
7499.999999984434 0 0
7727.272727257459 0 0
7954.545454530665 0 0
8181.818181803869 0 0
8409.090909077073 0 0
8636.363636350277 0 0
8863.636363623482 0 0
9090.909090896686 0 0
9318.181818169891 0 0
9545.454545443094 0 0
9772.7272727163 0 0
9999.999999989504 0 0
10227.27272726271 0 0
10454.54545453591 0 0
10681.81818180912 0 0
10909.09090908232 0 0
11136.36363635553 0 0
11363.63636362873 0 0
11590.90909090193 0 0
11818.18181817514 0 0
12045.45454544834 0 0
12272.72727272155 0 0
12499.99999999475 0 0
12727.27272726796 0 0
12954.54545454116 0 0
13181.81818181436 0 0
13409.09090908757 0 0
13636.36363636077 0 0
13863.63636363398 0 0
14090.90909090718 0 0
14318.18181818039 0 0
14545.45454545359 0 0
14772.7272727268 0 0
1 7 0 28
201
202
203
204
205
206
207
208
209
210
211
212
213
214
215
216
217
218
219
220
221
222
223
224
225
226
227
228
15000 227.5862068963958 0
15000 455.1724137927416 0
15000 682.7586206890733 0
15000 910.3448275853771 0
15000 1137.931034481681 0
15000 1365.517241377984 0
15000 1593.103448274287 0
15000 1820.689655170591 0
15000 2048.275862066831 0
15000 2275.862068962375 0
15000 2503.448275857895 0
15000 2731.034482753415 0
15000 2958.620689648934 0
15000 3186.206896544454 0
15000 3413.793103440758 0
15000 3641.379310337847 0
15000 3868.965517234936 0
15000 4096.551724132025 0
15000 4324.137931029112 0
15000 4551.724137926202 0
15000 4779.310344823291 0
15000 5006.896551720379 0
15000 5234.482758617467 0
15000 5462.068965514556 0
15000 5689.655172411645 0
15000 5917.241379308733 0
15000 6144.827586205823 0
15000 6372.413793102912 0
1 8 0 31
229
230
231
232
233
234
235
236
237
238
239
240
241
242
243
244
245
246
247
248
249
250
251
252
253
254
255
256
257
258
259
14771.00139593823 6600 0
14542.00279187647 6600 0
14313.0041878147 6600 0
14084.00558375294 6600 0
13855.00697969117 6600 0
13626.0083756294 6600 0
13397.00977156764 6600 0
13168.01116750587 6600 0
12939.01256344411 6600 0
12710.01395938234 6600 0
12481.01535532057 6600 0
12252.01675125881 6600 0
12023.01814719704 6600 0
11794.01954313522 6600 0
11565.02093906833 6600 0
11336.02233500015 6600 0
11107.02373093198 6600 0
10878.02512686381 6600 0
10649.02652279564 6600 0
10420.02791872746 6600 0
10191.02931465929 6600 0
9962.030710591116 6600 0
9733.032106522944 6600 0
9510.330163975326 6600 0
9314.747928840392 6600 0
9144.613224562283 6600 0
8996.615041103338 6600 0
8867.873152613436 6600 0
8755.882068352541 6600 0
8658.462348316194 6600 0
8573.718074125518 6600 0
1 9 0 2
260
261
8500 6666.666662786529 0
8500 6733.333337213471 0
1 10 0 31
262
263
264
265
266
267
268
269
270
271
272
273
274
275
276
277
278
279
280
281
282
283
284
285
286
287
288
289
290
291
292
8573.718074123559 6800 0
8658.462348311687 6800 0
8755.882068344767 6800 0
8867.87315260152 6800 0
8996.615041086219 6800 0
9144.613224538673 6800 0
9314.747928808722 6800 0
9510.330163933713 6800 0
9733.032106471779 6800 0
9962.030710534271 6800 0
10191.02931459676 6800 0
10420.02791865925 6800 0
10649.02652272175 6800 0
10878.02512678424 6800 0
11107.02373084673 6800 0
11336.02233490922 6800 0
11565.02093897171 6800 0
11794.01954303548 6800 0
12023.01814710433 6800 0
12252.01675117323 6800 0
12481.01535524213 6800 0
12710.01395931102 6800 0
12939.01256337992 6800 0
13168.01116744882 6800 0
13397.00977151772 6800 0
13626.00837558661 6800 0
13855.00697965551 6800 0
14084.00558372441 6800 0
14313.00418779331 6800 0
14542.00279186221 6800 0
14771.0013959311 6800 0
1 11 0 31
293
294
295
296
297
298
299
300
301
302
303
304
305
306
307
308
309
310
311
312
313
314
315
316
317
318
319
320
321
322
323
15000 7024.999999999999 0
15000 7249.999999999999 0
15000 7474.999999999998 0
15000 7699.999999999998 0
15000 7924.999999999997 0
15000 8149.999999999996 0
15000 8374.999999999996 0
15000 8599.999999999996 0
15000 8824.999999999996 0
15000 9049.999999999996 0
15000 9274.999999999996 0
15000 9499.999999999996 0
15000 9724.999999999996 0
15000 9949.999999999996 0
15000 10175 0
15000 10400 0
15000 10625 0
15000 10850 0
15000 11075 0
15000 11300 0
15000 11525 0
15000 11750 0
15000 11975 0
15000 12200 0
15000 12425 0
15000 12650 0
15000 12875 0
15000 13100 0
15000 13325 0
15000 13550 0
15000 13775 0
1 12 0 65
324
325
326
327
328
329
330
331
332
333
334
335
336
337
338
339
340
341
342
343
344
345
346
347
348
349
350
351
352
353
354
355
356
357
358
359
360
361
362
363
364
365
366
367
368
369
370
371
372
373
374
375
376
377
378
379
380
381
382
383
384
385
386
387
388
14772.7272727267 14000 0
14545.45454545339 14000 0
14318.18181818009 14000 0
14090.90909090679 14000 0
13863.63636363348 14000 0
13636.36363636018 14000 0
13409.09090908688 14000 0
13181.81818181357 14000 0
12954.54545454027 14000 0
12727.27272726697 14000 0
12499.99999999366 14000 0
12272.72727272036 14000 0
12045.45454544706 14000 0
11818.18181817375 14000 0
11590.90909090045 14000 0
11363.63636362715 14000 0
11136.36363635384 14000 0
10909.09090908119 14000 0
10681.81818181057 14000 0
10454.54545454003 14000 0
10227.27272726948 14000 0
9999.999999998932 14000 0
9772.727272728385 14000 0
9545.454545457837 14000 0
9318.181818187291 14000 0
9090.909090916743 14000 0
8863.636363646196 14000 0
8636.363636375649 14000 0
8409.090909105102 14000 0
8181.81818183449 14000 0
7954.545454562855 14000 0
7727.272727290929 14000 0
7500.000000018825 14000 0
7272.7272727457 14000 0
7045.454545472397 14000 0
6818.181818199093 14000 0
6590.90909092579 14000 0
6363.636363652489 14000 0
6136.363636379185 14000 0
5909.090909105882 14000 0
5681.818181832579 14000 0
5454.545454559275 14000 0
5227.272727285972 14000 0
5000.000000012669 14000 0
4772.727272739365 14000 0
4545.454545466064 14000 0
4318.181818192759 14000 0
4090.909090919457 14000 0
3863.636363646152 14000 0
3636.363636372851 14000 0
3409.090909099546 14000 0
3181.818181826244 14000 0
2954.545454552941 14000 0
2727.272727279638 14000 0
2500.000000006334 14000 0
2272.727272733031 14000 0
2045.454545459728 14000 0
1818.181818186426 14000 0
1590.909090913121 14000 0
1363.63636363982 14000 0
1136.363636366515 14000 0
909.0909090932128 14000 0
681.8181818199082 14000 0
454.5454545466073 14000 0
227.2727272733009 14000 0
2 1 0 4691
389
390
391
392
393
394
395
396
397
398
399
400
401
402
403
404
405
406
407
408
409
410
411
412
413
414
415
416
417
418
419
420
421
422
423
424
425
426
427
428
429
430
431
432
433
434
435
436
437
438
439
440
441
442
443
444
445
446
447
448
449
450
451
452
453
454
455
456
457
458
459
460
461
462
463
464
465
466
467
468
469
470
471
472
473
474
475
476
477
478
479
480
481
482
483
484
485
486
487
488
489
490
491
492
493
494
495
496
497
498
499
500
501
502
503
504
505
506
507
508
509
510
511
512
513
514
515
516
517
518
519
520
521
522
523
524
525
526
527
528
529
530
531
532
533
534
535
536
537
538
539
540
541
542
543
544
545
546
547
548
549
550
551
552
553
554
555
556
557
558
559
560
561
562
563
564
565
566
567
568
569
570
571
572
573
574
575
576
577
578
579
580
581
582
583
584
585
586
587
588
589
590
591
592
593
594
595
596
597
598
599
600
601
602
603
604
605
606
607
608
609
610
611
612
613
614
615
616
617
618
619
620
621
622
623
624
625
626
627
628
629
630
631
632
633
634
635
636
637
638
639
640
641
642
643
644
645
646
647
648
649
650
651
652
653
654
655
656
657
658
659
660
661
662
663
664
665
666
667
668
669
670
671
672
673
674
675
676
677
678
679
680
681
682
683
684
685
686
687
688
689
690
691
692
693
694
695
696
697
698
699
700
701
702
703
704
705
706
707
708
709
710
711
712
713
714
715
716
717
718
719
720
721
722
723
724
725
726
727
728
729
730
731
732
733
734
735
736
737
738
739
740
741
742
743
744
745
746
747
748
749
750
751
752
753
754
755
756
757
758
759
760
761
762
763
764
765
766
767
768
769
770
771
772
773
774
775
776
777
778
779
780
781
782
783
784
785
786
787
788
789
790
791
792
793
794
795
796
797
798
799
800
801
802
803
804
805
806
807
808
809
810
811
812
813
814
815
816
817
818
819
820
821
822
823
824
825
826
827
828
829
830
831
832
833
834
835
836
837
838
839
840
841
842
843
844
845
846
847
848
849
850
851
852
853
854
855
856
857
858
859
860
861
862
863
864
865
866
867
868
869
870
871
872
873
874
875
876
877
878
879
880
881
882
883
884
885
886
887
888
889
890
891
892
893
894
895
896
897
898
899
900
901
902
903
904
905
906
907
908
909
910
911
912
913
914
915
916
917
918
919
920
921
922
923
924
925
926
927
928
929
930
931
932
933
934
935
936
937
938
939
940
941
942
943
944
945
946
947
948
949
950
951
952
953
954
955
956
957
958
959
960
961
962
963
964
965
966
967
968
969
970
971
972
973
974
975
976
977
978
979
980
981
982
983
984
985
986
987
988
989
990
991
992
993
994
995
996
997
998
999
1000
1001
1002
1003
1004
1005
1006
1007
1008
1009
1010
1011
1012
1013
1014
1015
1016
1017
1018
1019
1020
1021
1022
1023
1024
1025
1026
1027
1028
1029
1030
1031
1032
1033
1034
1035
1036
1037
1038
1039
1040
1041
1042
1043
1044
1045
1046
1047
1048
1049
1050
1051
1052
1053
1054
1055
1056
1057
1058
1059
1060
1061
1062
1063
1064
1065
1066
1067
1068
1069
1070
1071
1072
1073
1074
1075
1076
1077
1078
1079
1080
1081
1082
1083
1084
1085
1086
1087
1088
1089
1090
1091
1092
1093
1094
1095
1096
1097
1098
1099
1100
1101
1102
1103
1104
1105
1106
1107
1108
1109
1110
1111
1112
1113
1114
1115
1116
1117
1118
1119
1120
1121
1122
1123
1124
1125
1126
1127
1128
1129
1130
1131
1132
1133
1134
1135
1136
1137
1138
1139
1140
1141
1142
1143
1144
1145
1146
1147
1148
1149
1150
1151
1152
1153
1154
1155
1156
1157
1158
1159
1160
1161
1162
1163
1164
1165
1166
1167
1168
1169
1170
1171
1172
1173
1174
1175
1176
1177
1178
1179
1180
1181
1182
1183
1184
1185
1186
1187
1188
1189
1190
1191
1192
1193
1194
1195
1196
1197
1198
1199
1200
1201
1202
1203
1204
1205
1206
1207
1208
1209
1210
1211
1212
1213
1214
1215
1216
1217
1218
1219
1220
1221
1222
1223
1224
1225
1226
1227
1228
1229
1230
1231
1232
1233
1234
1235
1236
1237
1238
1239
1240
1241
1242
1243
1244
1245
1246
1247
1248
1249
1250
1251
1252
1253
1254
1255
1256
1257
1258
1259
1260
1261
1262
1263
1264
1265
1266
1267
1268
1269
1270
1271
1272
1273
1274
1275
1276
1277
1278
1279
1280
1281
1282
1283
1284
1285
1286
1287
1288
1289
1290
1291
1292
1293
1294
1295
1296
1297
1298
1299
1300
1301
1302
1303
1304
1305
1306
1307
1308
1309
1310
1311
1312
1313
1314
1315
1316
1317
1318
1319
1320
1321
1322
1323
1324
1325
1326
1327
1328
1329
1330
1331
1332
1333
1334
1335
1336
1337
1338
1339
1340
1341
1342
1343
1344
1345
1346
1347
1348
1349
1350
1351
1352
1353
1354
1355
1356
1357
1358
1359
1360
1361
1362
1363
1364
1365
1366
1367
1368
1369
1370
1371
1372
1373
1374
1375
1376
1377
1378
1379
1380
1381
1382
1383
1384
1385
1386
1387
1388
1389
1390
1391
1392
1393
1394
1395
1396
1397
1398
1399
1400
1401
1402
1403
1404
1405
1406
1407
1408
1409
1410
1411
1412
1413
1414
1415
1416
1417
1418
1419
1420
1421
1422
1423
1424
1425
1426
1427
1428
1429
1430
1431
1432
1433
1434
1435
1436
1437
1438
1439
1440
1441
1442
1443
1444
1445
1446
1447
1448
1449
1450
1451
1452
1453
1454
1455
1456
1457
1458
1459
1460
1461
1462
1463
1464
1465
1466
1467
1468
1469
1470
1471
1472
1473
1474
1475
1476
1477
1478
1479
1480
1481
1482
1483
1484
1485
1486
1487
1488
1489
1490
1491
1492
1493
1494
1495
1496
1497
1498
1499
1500
1501
1502
1503
1504
1505
1506
1507
1508
1509
1510
1511
1512
1513
1514
1515
1516
1517
1518
1519
1520
1521
1522
1523
1524
1525
1526
1527
1528
1529
1530
1531
1532
1533
1534
1535
1536
1537
1538
1539
1540
1541
1542
1543
1544
1545
1546
1547
1548
1549
1550
1551
1552
1553
1554
1555
1556
1557
1558
1559
1560
1561
1562
1563
1564
1565
1566
1567
1568
1569
1570
1571
1572
1573
1574
1575
1576
1577
1578
1579
1580
1581
1582
1583
1584
1585
1586
1587
1588
1589
1590
1591
1592
1593
1594
1595
1596
1597
1598
1599
1600
1601
1602
1603
1604
1605
1606
1607
1608
1609
1610
1611
1612
1613
1614
1615
1616
1617
1618
1619
1620
1621
1622
1623
1624
1625
1626
1627
1628
1629
1630
1631
1632
1633
1634
1635
1636
1637
1638
1639
1640
1641
1642
1643
1644
1645
1646
1647
1648
1649
1650
1651
1652
1653
1654
1655
1656
1657
1658
1659
1660
1661
1662
1663
1664
1665
1666
1667
1668
1669
1670
1671
1672
1673
1674
1675
1676
1677
1678
1679
1680
1681
1682
1683
1684
1685
1686
1687
1688
1689
1690
1691
1692
1693
1694
1695
1696
1697
1698
1699
1700
1701
1702
1703
1704
1705
1706
1707
1708
1709
1710
1711
1712
1713
1714
1715
1716
1717
1718
1719
1720
1721
1722
1723
1724
1725
1726
1727
1728
1729
1730
1731
1732
1733
1734
1735
1736
1737
1738
1739
1740
1741
1742
1743
1744
1745
1746
1747
1748
1749
1750
1751
1752
1753
1754
1755
1756
1757
1758
1759
1760
1761
1762
1763
1764
1765
1766
1767
1768
1769
1770
1771
1772
1773
1774
1775
1776
1777
1778
1779
1780
1781
1782
1783
1784
1785
1786
1787
1788
1789
1790
1791
1792
1793
1794
1795
1796
1797
1798
1799
1800
1801
1802
1803
1804
1805
1806
1807
1808
1809
1810
1811
1812
1813
1814
1815
1816
1817
1818
1819
1820
1821
1822
1823
1824
1825
1826
1827
1828
1829
1830
1831
1832
1833
1834
1835
1836
1837
1838
1839
1840
1841
1842
1843
1844
1845
1846
1847
1848
1849
1850
1851
1852
1853
1854
1855
1856
1857
1858
1859
1860
1861
1862
1863
1864
1865
1866
1867
1868
1869
1870
1871
1872
1873
1874
1875
1876
1877
1878
1879
1880
1881
1882
1883
1884
1885
1886
1887
1888
1889
1890
1891
1892
1893
1894
1895
1896
1897
1898
1899
1900
1901
1902
1903
1904
1905
1906
1907
1908
1909
1910
1911
1912
1913
1914
1915
1916
1917
1918
1919
1920
1921
1922
1923
1924
1925
1926
1927
1928
1929
1930
1931
1932
1933
1934
1935
1936
1937
1938
1939
1940
1941
1942
1943
1944
1945
1946
1947
1948
1949
1950
1951
1952
1953
1954
1955
1956
1957
1958
1959
1960
1961
1962
1963
1964
1965
1966
1967
1968
1969
1970
1971
1972
1973
1974
1975
1976
1977
1978
1979
1980
1981
1982
1983
1984
1985
1986
1987
1988
1989
1990
1991
1992
1993
1994
1995
1996
1997
1998
1999
2000
2001
2002
2003
2004
2005
2006
2007
2008
2009
2010
2011
2012
2013
2014
2015
2016
2017
2018
2019
2020
2021
2022
2023
2024
2025
2026
2027
2028
2029
2030
2031
2032
2033
2034
2035
2036
2037
2038
2039
2040
2041
2042
2043
2044
2045
2046
2047
2048
2049
2050
2051
2052
2053
2054
2055
2056
2057
2058
2059
2060
2061
2062
2063
2064
2065
2066
2067
2068
2069
2070
2071
2072
2073
2074
2075
2076
2077
2078
2079
2080
2081
2082
2083
2084
2085
2086
2087
2088
2089
2090
2091
2092
2093
2094
2095
2096
2097
2098
2099
2100
2101
2102
2103
2104
2105
2106
2107
2108
2109
2110
2111
2112
2113
2114
2115
2116
2117
2118
2119
2120
2121
2122
2123
2124
2125
2126
2127
2128
2129
2130
2131
2132
2133
2134
2135
2136
2137
2138
2139
2140
2141
2142
2143
2144
2145
2146
2147
2148
2149
2150
2151
2152
2153
2154
2155
2156
2157
2158
2159
2160
2161
2162
2163
2164
2165
2166
2167
2168
2169
2170
2171
2172
2173
2174
2175
2176
2177
2178
2179
2180
2181
2182
2183
2184
2185
2186
2187
2188
2189
2190
2191
2192
2193
2194
2195
2196
2197
2198
2199
2200
2201
2202
2203
2204
2205
2206
2207
2208
2209
2210
2211
2212
2213
2214
2215
2216
2217
2218
2219
2220
2221
2222
2223
2224
2225
2226
2227
2228
2229
2230
2231
2232
2233
2234
2235
2236
2237
2238
2239
2240
2241
2242
2243
2244
2245
2246
2247
2248
2249
2250
2251
2252
2253
2254
2255
2256
2257
2258
2259
2260
2261
2262
2263
2264
2265
2266
2267
2268
2269
2270
2271
2272
2273
2274
2275
2276
2277
2278
2279
2280
2281
2282
2283
2284
2285
2286
2287
2288
2289
2290
2291
2292
2293
2294
2295
2296
2297
2298
2299
2300
2301
2302
2303
2304
2305
2306
2307
2308
2309
2310
2311
2312
2313
2314
2315
2316
2317
2318
2319
2320
2321
2322
2323
2324
2325
2326
2327
2328
2329
2330
2331
2332
2333
2334
2335
2336
2337
2338
2339
2340
2341
2342
2343
2344
2345
2346
2347
2348
2349
2350
2351
2352
2353
2354
2355
2356
2357
2358
2359
2360
2361
2362
2363
2364
2365
2366
2367
2368
2369
2370
2371
2372
2373
2374
2375
2376
2377
2378
2379
2380
2381
2382
2383
2384
2385
2386
2387
2388
2389
2390
2391
2392
2393
2394
2395
2396
2397
2398
2399
2400
2401
2402
2403
2404
2405
2406
2407
2408
2409
2410
2411
2412
2413
2414
2415
2416
2417
2418
2419
2420
2421
2422
2423
2424
2425
2426
2427
2428
2429
2430
2431
2432
2433
2434
2435
2436
2437
2438
2439
2440
2441
2442
2443
2444
2445
2446
2447
2448
2449
2450
2451
2452
2453
2454
2455
2456
2457
2458
2459
2460
2461
2462
2463
2464
2465
2466
2467
2468
2469
2470
2471
2472
2473
2474
2475
2476
2477
2478
2479
2480
2481
2482
2483
2484
2485
2486
2487
2488
2489
2490
2491
2492
2493
2494
2495
2496
2497
2498
2499
2500
2501
2502
2503
2504
2505
2506
2507
2508
2509
2510
2511
2512
2513
2514
2515
2516
2517
2518
2519
2520
2521
2522
2523
2524
2525
2526
2527
2528
2529
2530
2531
2532
2533
2534
2535
2536
2537
2538
2539
2540
2541
2542
2543
2544
2545
2546
2547
2548
2549
2550
2551
2552
2553
2554
2555
2556
2557
2558
2559
2560
2561
2562
2563
2564
2565
2566
2567
2568
2569
2570
2571
2572
2573
2574
2575
2576
2577
2578
2579
2580
2581
2582
2583
2584
2585
2586
2587
2588
2589
2590
2591
2592
2593
2594
2595
2596
2597
2598
2599
2600
2601
2602
2603
2604
2605
2606
2607
2608
2609
2610
2611
2612
2613
2614
2615
2616
2617
2618
2619
2620
2621
2622
2623
2624
2625
2626
2627
2628
2629
2630
2631
2632
2633
2634
2635
2636
2637
2638
2639
2640
2641
2642
2643
2644
2645
2646
2647
2648
2649
2650
2651
2652
2653
2654
2655
2656
2657
2658
2659
2660
2661
2662
2663
2664
2665
2666
2667
2668
2669
2670
2671
2672
2673
2674
2675
2676
2677
2678
2679
2680
2681
2682
2683
2684
2685
2686
2687
2688
2689
2690
2691
2692
2693
2694
2695
2696
2697
2698
2699
2700
2701
2702
2703
2704
2705
2706
2707
2708
2709
2710
2711
2712
2713
2714
2715
2716
2717
2718
2719
2720
2721
2722
2723
2724
2725
2726
2727
2728
2729
2730
2731
2732
2733
2734
2735
2736
2737
2738
2739
2740
2741
2742
2743
2744
2745
2746
2747
2748
2749
2750
2751
2752
2753
2754
2755
2756
2757
2758
2759
2760
2761
2762
2763
2764
2765
2766
2767
2768
2769
2770
2771
2772
2773
2774
2775
2776
2777
2778
2779
2780
2781
2782
2783
2784
2785
2786
2787
2788
2789
2790
2791
2792
2793
2794
2795
2796
2797
2798
2799
2800
2801
2802
2803
2804
2805
2806
2807
2808
2809
2810
2811
2812
2813
2814
2815
2816
2817
2818
2819
2820
2821
2822
2823
2824
2825
2826
2827
2828
2829
2830
2831
2832
2833
2834
2835
2836
2837
2838
2839
2840
2841
2842
2843
2844
2845
2846
2847
2848
2849
2850
2851
2852
2853
2854
2855
2856
2857
2858
2859
2860
2861
2862
2863
2864
2865
2866
2867
2868
2869
2870
2871
2872
2873
2874
2875
2876
2877
2878
2879
2880
2881
2882
2883
2884
2885
2886
2887
2888
2889
2890
2891
2892
2893
2894
2895
2896
2897
2898
2899
2900
2901
2902
2903
2904
2905
2906
2907
2908
2909
2910
2911
2912
2913
2914
2915
2916
2917
2918
2919
2920
2921
2922
2923
2924
2925
2926
2927
2928
2929
2930
2931
2932
2933
2934
2935
2936
2937
2938
2939
2940
2941
2942
2943
2944
2945
2946
2947
2948
2949
2950
2951
2952
2953
2954
2955
2956
2957
2958
2959
2960
2961
2962
2963
2964
2965
2966
2967
2968
2969
2970
2971
2972
2973
2974
2975
2976
2977
2978
2979
2980
2981
2982
2983
2984
2985
2986
2987
2988
2989
2990
2991
2992
2993
2994
2995
2996
2997
2998
2999
3000
3001
3002
3003
3004
3005
3006
3007
3008
3009
3010
3011
3012
3013
3014
3015
3016
3017
3018
3019
3020
3021
3022
3023
3024
3025
3026
3027
3028
3029
3030
3031
3032
3033
3034
3035
3036
3037
3038
3039
3040
3041
3042
3043
3044
3045
3046
3047
3048
3049
3050
3051
3052
3053
3054
3055
3056
3057
3058
3059
3060
3061
3062
3063
3064
3065
3066
3067
3068
3069
3070
3071
3072
3073
3074
3075
3076
3077
3078
3079
3080
3081
3082
3083
3084
3085
3086
3087
3088
3089
3090
3091
3092
3093
3094
3095
3096
3097
3098
3099
3100
3101
3102
3103
3104
3105
3106
3107
3108
3109
3110
3111
3112
3113
3114
3115
3116
3117
3118
3119
3120
3121
3122
3123
3124
3125
3126
3127
3128
3129
3130
3131
3132
3133
3134
3135
3136
3137
3138
3139
3140
3141
3142
3143
3144
3145
3146
3147
3148
3149
3150
3151
3152
3153
3154
3155
3156
3157
3158
3159
3160
3161
3162
3163
3164
3165
3166
3167
3168
3169
3170
3171
3172
3173
3174
3175
3176
3177
3178
3179
3180
3181
3182
3183
3184
3185
3186
3187
3188
3189
3190
3191
3192
3193
3194
3195
3196
3197
3198
3199
3200
3201
3202
3203
3204
3205
3206
3207
3208
3209
3210
3211
3212
3213
3214
3215
3216
3217
3218
3219
3220
3221
3222
3223
3224
3225
3226
3227
3228
3229
3230
3231
3232
3233
3234
3235
3236
3237
3238
3239
3240
3241
3242
3243
3244
3245
3246
3247
3248
3249
3250
3251
3252
3253
3254
3255
3256
3257
3258
3259
3260
3261
3262
3263
3264
3265
3266
3267
3268
3269
3270
3271
3272
3273
3274
3275
3276
3277
3278
3279
3280
3281
3282
3283
3284
3285
3286
3287
3288
3289
3290
3291
3292
3293
3294
3295
3296
3297
3298
3299
3300
3301
3302
3303
3304
3305
3306
3307
3308
3309
3310
3311
3312
3313
3314
3315
3316
3317
3318
3319
3320
3321
3322
3323
3324
3325
3326
3327
3328
3329
3330
3331
3332
3333
3334
3335
3336
3337
3338
3339
3340
3341
3342
3343
3344
3345
3346
3347
3348
3349
3350
3351
3352
3353
3354
3355
3356
3357
3358
3359
3360
3361
3362
3363
3364
3365
3366
3367
3368
3369
3370
3371
3372
3373
3374
3375
3376
3377
3378
3379
3380
3381
3382
3383
3384
3385
3386
3387
3388
3389
3390
3391
3392
3393
3394
3395
3396
3397
3398
3399
3400
3401
3402
3403
3404
3405
3406
3407
3408
3409
3410
3411
3412
3413
3414
3415
3416
3417
3418
3419
3420
3421
3422
3423
3424
3425
3426
3427
3428
3429
3430
3431
3432
3433
3434
3435
3436
3437
3438
3439
3440
3441
3442
3443
3444
3445
3446
3447
3448
3449
3450
3451
3452
3453
3454
3455
3456
3457
3458
3459
3460
3461
3462
3463
3464
3465
3466
3467
3468
3469
3470
3471
3472
3473
3474
3475
3476
3477
3478
3479
3480
3481
3482
3483
3484
3485
3486
3487
3488
3489
3490
3491
3492
3493
3494
3495
3496
3497
3498
3499
3500
3501
3502
3503
3504
3505
3506
3507
3508
3509
3510
3511
3512
3513
3514
3515
3516
3517
3518
3519
3520
3521
3522
3523
3524
3525
3526
3527
3528
3529
3530
3531
3532
3533
3534
3535
3536
3537
3538
3539
3540
3541
3542
3543
3544
3545
3546
3547
3548
3549
3550
3551
3552
3553
3554
3555
3556
3557
3558
3559
3560
3561
3562
3563
3564
3565
3566
3567
3568
3569
3570
3571
3572
3573
3574
3575
3576
3577
3578
3579
3580
3581
3582
3583
3584
3585
3586
3587
3588
3589
3590
3591
3592
3593
3594
3595
3596
3597
3598
3599
3600
3601
3602
3603
3604
3605
3606
3607
3608
3609
3610
3611
3612
3613
3614
3615
3616
3617
3618
3619
3620
3621
3622
3623
3624
3625
3626
3627
3628
3629
3630
3631
3632
3633
3634
3635
3636
3637
3638
3639
3640
3641
3642
3643
3644
3645
3646
3647
3648
3649
3650
3651
3652
3653
3654
3655
3656
3657
3658
3659
3660
3661
3662
3663
3664
3665
3666
3667
3668
3669
3670
3671
3672
3673
3674
3675
3676
3677
3678
3679
3680
3681
3682
3683
3684
3685
3686
3687
3688
3689
3690
3691
3692
3693
3694
3695
3696
3697
3698
3699
3700
3701
3702
3703
3704
3705
3706
3707
3708
3709
3710
3711
3712
3713
3714
3715
3716
3717
3718
3719
3720
3721
3722
3723
3724
3725
3726
3727
3728
3729
3730
3731
3732
3733
3734
3735
3736
3737
3738
3739
3740
3741
3742
3743
3744
3745
3746
3747
3748
3749
3750
3751
3752
3753
3754
3755
3756
3757
3758
3759
3760
3761
3762
3763
3764
3765
3766
3767
3768
3769
3770
3771
3772
3773
3774
3775
3776
3777
3778
3779
3780
3781
3782
3783
3784
3785
3786
3787
3788
3789
3790
3791
3792
3793
3794
3795
3796
3797
3798
3799
3800
3801
3802
3803
3804
3805
3806
3807
3808
3809
3810
3811
3812
3813
3814
3815
3816
3817
3818
3819
3820
3821
3822
3823
3824
3825
3826
3827
3828
3829
3830
3831
3832
3833
3834
3835
3836
3837
3838
3839
3840
3841
3842
3843
3844
3845
3846
3847
3848
3849
3850
3851
3852
3853
3854
3855
3856
3857
3858
3859
3860
3861
3862
3863
3864
3865
3866
3867
3868
3869
3870
3871
3872
3873
3874
3875
3876
3877
3878
3879
3880
3881
3882
3883
3884
3885
3886
3887
3888
3889
3890
3891
3892
3893
3894
3895
3896
3897
3898
3899
3900
3901
3902
3903
3904
3905
3906
3907
3908
3909
3910
3911
3912
3913
3914
3915
3916
3917
3918
3919
3920
3921
3922
3923
3924
3925
3926
3927
3928
3929
3930
3931
3932
3933
3934
3935
3936
3937
3938
3939
3940
3941
3942
3943
3944
3945
3946
3947
3948
3949
3950
3951
3952
3953
3954
3955
3956
3957
3958
3959
3960
3961
3962
3963
3964
3965
3966
3967
3968
3969
3970
3971
3972
3973
3974
3975
3976
3977
3978
3979
3980
3981
3982
3983
3984
3985
3986
3987
3988
3989
3990
3991
3992
3993
3994
3995
3996
3997
3998
3999
4000
4001
4002
4003
4004
4005
4006
4007
4008
4009
4010
4011
4012
4013
4014
4015
4016
4017
4018
4019
4020
4021
4022
4023
4024
4025
4026
4027
4028
4029
4030
4031
4032
4033
4034
4035
4036
4037
4038
4039
4040
4041
4042
4043
4044
4045
4046
4047
4048
4049
4050
4051
4052
4053
4054
4055
4056
4057
4058
4059
4060
4061
4062
4063
4064
4065
4066
4067
4068
4069
4070
4071
4072
4073
4074
4075
4076
4077
4078
4079
4080
4081
4082
4083
4084
4085
4086
4087
4088
4089
4090
4091
4092
4093
4094
4095
4096
4097
4098
4099
4100
4101
4102
4103
4104
4105
4106
4107
4108
4109
4110
4111
4112
4113
4114
4115
4116
4117
4118
4119
4120
4121
4122
4123
4124
4125
4126
4127
4128
4129
4130
4131
4132
4133
4134
4135
4136
4137
4138
4139
4140
4141
4142
4143
4144
4145
4146
4147
4148
4149
4150
4151
4152
4153
4154
4155
4156
4157
4158
4159
4160
4161
4162
4163
4164
4165
4166
4167
4168
4169
4170
4171
4172
4173
4174
4175
4176
4177
4178
4179
4180
4181
4182
4183
4184
4185
4186
4187
4188
4189
4190
4191
4192
4193
4194
4195
4196
4197
4198
4199
4200
4201
4202
4203
4204
4205
4206
4207
4208
4209
4210
4211
4212
4213
4214
4215
4216
4217
4218
4219
4220
4221
4222
4223
4224
4225
4226
4227
4228
4229
4230
4231
4232
4233
4234
4235
4236
4237
4238
4239
4240
4241
4242
4243
4244
4245
4246
4247
4248
4249
4250
4251
4252
4253
4254
4255
4256
4257
4258
4259
4260
4261
4262
4263
4264
4265
4266
4267
4268
4269
4270
4271
4272
4273
4274
4275
4276
4277
4278
4279
4280
4281
4282
4283
4284
4285
4286
4287
4288
4289
4290
4291
4292
4293
4294
4295
4296
4297
4298
4299
4300
4301
4302
4303
4304
4305
4306
4307
4308
4309
4310
4311
4312
4313
4314
4315
4316
4317
4318
4319
4320
4321
4322
4323
4324
4325
4326
4327
4328
4329
4330
4331
4332
4333
4334
4335
4336
4337
4338
4339
4340
4341
4342
4343
4344
4345
4346
4347
4348
4349
4350
4351
4352
4353
4354
4355
4356
4357
4358
4359
4360
4361
4362
4363
4364
4365
4366
4367
4368
4369
4370
4371
4372
4373
4374
4375
4376
4377
4378
4379
4380
4381
4382
4383
4384
4385
4386
4387
4388
4389
4390
4391
4392
4393
4394
4395
4396
4397
4398
4399
4400
4401
4402
4403
4404
4405
4406
4407
4408
4409
4410
4411
4412
4413
4414
4415
4416
4417
4418
4419
4420
4421
4422
4423
4424
4425
4426
4427
4428
4429
4430
4431
4432
4433
4434
4435
4436
4437
4438
4439
4440
4441
4442
4443
4444
4445
4446
4447
4448
4449
4450
4451
4452
4453
4454
4455
4456
4457
4458
4459
4460
4461
4462
4463
4464
4465
4466
4467
4468
4469
4470
4471
4472
4473
4474
4475
4476
4477
4478
4479
4480
4481
4482
4483
4484
4485
4486
4487
4488
4489
4490
4491
4492
4493
4494
4495
4496
4497
4498
4499
4500
4501
4502
4503
4504
4505
4506
4507
4508
4509
4510
4511
4512
4513
4514
4515
4516
4517
4518
4519
4520
4521
4522
4523
4524
4525
4526
4527
4528
4529
4530
4531
4532
4533
4534
4535
4536
4537
4538
4539
4540
4541
4542
4543
4544
4545
4546
4547
4548
4549
4550
4551
4552
4553
4554
4555
4556
4557
4558
4559
4560
4561
4562
4563
4564
4565
4566
4567
4568
4569
4570
4571
4572
4573
4574
4575
4576
4577
4578
4579
4580
4581
4582
4583
4584
4585
4586
4587
4588
4589
4590
4591
4592
4593
4594
4595
4596
4597
4598
4599
4600
4601
4602
4603
4604
4605
4606
4607
4608
4609
4610
4611
4612
4613
4614
4615
4616
4617
4618
4619
4620
4621
4622
4623
4624
4625
4626
4627
4628
4629
4630
4631
4632
4633
4634
4635
4636
4637
4638
4639
4640
4641
4642
4643
4644
4645
4646
4647
4648
4649
4650
4651
4652
4653
4654
4655
4656
4657
4658
4659
4660
4661
4662
4663
4664
4665
4666
4667
4668
4669
4670
4671
4672
4673
4674
4675
4676
4677
4678
4679
4680
4681
4682
4683
4684
4685
4686
4687
4688
4689
4690
4691
4692
4693
4694
4695
4696
4697
4698
4699
4700
4701
4702
4703
4704
4705
4706
4707
4708
4709
4710
4711
4712
4713
4714
4715
4716
4717
4718
4719
4720
4721
4722
4723
4724
4725
4726
4727
4728
4729
4730
4731
4732
4733
4734
4735
4736
4737
4738
4739
4740
4741
4742
4743
4744
4745
4746
4747
4748
4749
4750
4751
4752
4753
4754
4755
4756
4757
4758
4759
4760
4761
4762
4763
4764
4765
4766
4767
4768
4769
4770
4771
4772
4773
4774
4775
4776
4777
4778
4779
4780
4781
4782
4783
4784
4785
4786
4787
4788
4789
4790
4791
4792
4793
4794
4795
4796
4797
4798
4799
4800
4801
4802
4803
4804
4805
4806
4807
4808
4809
4810
4811
4812
4813
4814
4815
4816
4817
4818
4819
4820
4821
4822
4823
4824
4825
4826
4827
4828
4829
4830
4831
4832
4833
4834
4835
4836
4837
4838
4839
4840
4841
4842
4843
4844
4845
4846
4847
4848
4849
4850
4851
4852
4853
4854
4855
4856
4857
4858
4859
4860
4861
4862
4863
4864
4865
4866
4867
4868
4869
4870
4871
4872
4873
4874
4875
4876
4877
4878
4879
4880
4881
4882
4883
4884
4885
4886
4887
4888
4889
4890
4891
4892
4893
4894
4895
4896
4897
4898
4899
4900
4901
4902
4903
4904
4905
4906
4907
4908
4909
4910
4911
4912
4913
4914
4915
4916
4917
4918
4919
4920
4921
4922
4923
4924
4925
4926
4927
4928
4929
4930
4931
4932
4933
4934
4935
4936
4937
4938
4939
4940
4941
4942
4943
4944
4945
4946
4947
4948
4949
4950
4951
4952
4953
4954
4955
4956
4957
4958
4959
4960
4961
4962
4963
4964
4965
4966
4967
4968
4969
4970
4971
4972
4973
4974
4975
4976
4977
4978
4979
4980
4981
4982
4983
4984
4985
4986
4987
4988
4989
4990
4991
4992
4993
4994
4995
4996
4997
4998
4999
5000
5001
5002
5003
5004
5005
5006
5007
5008
5009
5010
5011
5012
5013
5014
5015
5016
5017
5018
5019
5020
5021
5022
5023
5024
5025
5026
5027
5028
5029
5030
5031
5032
5033
5034
5035
5036
5037
5038
5039
5040
5041
5042
5043
5044
5045
5046
5047
5048
5049
5050
5051
5052
5053
5054
5055
5056
5057
5058
5059
5060
5061
5062
5063
5064
5065
5066
5067
5068
5069
5070
5071
5072
5073
5074
5075
5076
5077
5078
5079
8536.970011351546 6862.657966893649 0
6462.473731413649 6862.229546872014 0
6463.104336140265 6537.881129502122 0
8537.526268586789 6537.770453127663 0
7613.416984238638 13801.296376874 0
8983.124367194081 13824.1402140036 0
6022.727272742533 13803.17604459395 0
9070.61413283281 6480.168033723583 0
5934.025083576482 6478.531098141937 0
5929.385867174929 6919.831966274493 0
9068.275555303699 6934.834176190064 0
7384.749967844258 214.1844861433207 0
6539.338051415504 6533.717111325463 0
6498.803623430898 6468.107948456865 0
6241.19740296529 178.5535044899416 0
8460.673244186955 6866.373980513687 0
8500.684093847674 6931.92976328314 0
5103.703826799016 187.8936455923893 0
9895.777449670602 200.4596395961303 0
8528.193484982854 206.8763625671249 0
11260.74459690884 13809.49644555759 0
3765.591403915601 13806.05478597366 0
10094.48478815988 7007.91758313163 0
4923.469987397467 6998.318608552342 0
14808.9287610975 10285.72757399216 0
194.1110427675529 10270.8764315216 0
8460.066725995825 6535.648378406817 0
8499.03545651322 6468.109072384636 0
6539.933218406623 6864.35310477464 0
6500.959860202713 6931.891678017674 0
3778.476967067399 6998.318608552341 0
11221.52303287797 6998.318608549291 0
4912.547546360407 13798.50687725937 0
10122.47181163914 13815.0902762077 0
11719.34746762575 191.7305422962084 0
3311.099252847313 192.0812392683227 0
4219.206367059563 6396.89928187465 0
10799.68172696794 6391.548006158389 0
8418.328304303375 6935.765597428294 0
8463.97681126617 7010.748105211169 0
6581.407447157904 6464.509027681052 0
6536.098593138405 6391.631843727311 0
192.3596173732543 3306.669774735233 0
14795.85826852183 3284.693594441332 0
3068.798270979529 6382.19046463328 0
11906.10186750993 6422.733593915331 0
6581.866798949371 6933.047878182975 0
6539.25627618752 7007.786497377516 0
8418.133764931248 6466.955115671163 0
8460.716052307194 6392.213377841108 0
8369.763824498379 7014.50889231364 0
8419.458895547927 7100.850806805065 0
6629.551775121207 6384.72187210755 0
6573.346105055968 6295.983289694746 0
12400.78309977317 13803.59980518265 0
2626.035174295329 13811.47020341386 0
12320.29510735029 7033.294157175398 0
2634.687611048917 6980.479875858657 0
14811.14377324572 11421.43179693315 0
210.5942817090702 11373.03631091621 0
6630.613754782533 7012.963476236903 0
6580.36928078194 7097.011949114695 0
8369.371793749682 6387.036966392183 0
8419.630719218305 6302.988050884889 0
14793.65188879533 9170.052985835851 0
205.2254853500298 9150.681775658475 0
8309.096950548572 7102.774680919769 0
8366.491748205666 7198.249924015821 0
6689.097887093174 6297.070884034206 0
6630.624872323424 6200.281866767102 0
9867.83375732395 6407.168457819667 0
5153.89536443755 6428.684827498757 0
2189.79710390837 6390.764183148734 0
12822.22169370447 6418.645978872688 0
14788.09367827681 2127.089804487946 0
201.1278633061209 2192.329839671548 0
14821.07778743623 4202.730489316946 0
206.1204767582531 4211.552249600943 0
12632.50685423419 187.0124036542143 0
10806.51741297796 195.7722882070702 0
2399.930659795682 196.6077801417211 0
4227.614296552245 185.9342025427317 0
6687.16311399591 7103.455632925267 0
6625.246082716099 7202.425267827499 0
8312.755079765804 6296.517703654835 0
8374.753917284126 6197.574732172038 0
8237.955607895821 7200.099749328299 0
8311.571881971071 7313.256712312698 0
6761.615217042214 6200.22000998829 0
6688.428118028673 6086.743287686506 0
1715.593571914699 13815.73118802518 0
13328.87980625927 13796.58081961263 0
1719.099380242699 6984.352397159082 0
13266.33951965271 7006.753492718029 0
8161.509947865606 7314.532726107704 0
8252.359091017259 7453.687396397142 0
6838.306961886095 6084.389955239776 0
6746.505512903852 5944.222399524451 0
8188.98609827997 7090.693056880751 0
6811.013901719793 6309.306943118599 0
14809.76668446357 12304.78503042818 0
160.7438799036913 12316.204897076 0
8078.018056510418 7459.100673635064 0
8167.846383386082 7615.686810896133 0
6922.264882235929 5938.700521942825 0
6832.698519683843 5782.284954779001 0
8354.582314921392 7601.305532573159 0
8268.228095885186 7777.952623667266 0
8072.302243479275 7788.921324308396 0
8176.693683964572 7961.614500721757 0
7968.31334000611 7970.292342153342 0
8077.003467408404 8152.537825302331 0
7857.880727404336 8159.265366715274 0
7969.801670122914 8348.729671719972 0
7744.066950059842 8353.703482882827 0
7858.729562574588 8547.520567618965 0
7629.420575964877 8551.218556300857 0
8086.999455388931 8540.985545062082 0
7976.257775728505 8742.648742734877 0
8205.974849388267 8736.184375683635 0
8095.048086893007 8938.835336557717 0
8325.117411512576 8932.79162704949 0
8214.326313927952 9135.472952280048 0
8444.423737974696 9129.899057805333 0
8334.0552624264 9332.122088543158 0
8563.909441806178 9326.652730377398 0
8453.630914764781 9528.654179095516 0
8683.498517974231 9523.181065309191 0
8224.020854429757 9534.280500167604 0
8343.485039602574 9730.653706040684 0
8114.179948863564 9736.398379579354 0
8233.361297735382 9932.617241026997 0
8004.155683110896 9938.38922707233 0
8123.105612089657 10134.5003533548 0
7893.956055153836 10140.19983422863 0
8013.05967284583 10336.3386332727 0
7783.965256605785 10341.8616280281 0
8242.566781859567 10330.74347086863 0
8132.377294214723 10532.60179854063 0
8362.070484761922 10527.03015355859 0
8251.886684386584 10728.91830585479 0
8481.782411024285 10723.36027015209 0
8794.065150661103 9321.134366614617 0
8913.483064283573 9517.724434846088 0
9024.108232338762 9315.740420750237 0
9143.440233331496 9512.274011793583 0
9254.029357052366 9310.321640282662 0
9373.322488580932 9506.764655133138 0
9483.809132906325 9304.826022506208 0
9603.137320755042 9501.172568896905 0
9713.501723476971 9299.235609904605 0
9832.881356173353 9495.543539117838 0
8371.626582110976 10925.25773632574 0
8601.520993418155 10919.69711259832 0
9943.153847323953 9293.570776743902 0
10062.64605933523 9489.834614048064 0
10172.77247383527 9287.894754165442 0
10292.4202568259 9484.172830498788 0
10182.27872346517 9686.098754323417 0
10412.10993698246 9680.463495252874 0
10301.97766254852 9882.388449706743 0
10531.86503674463 9876.790467992676 0
10421.721730599 10078.70518268538 0
10651.62961998836 10073.12259363068 0
10761.78028319084 9871.214328000577 0
10881.55818325697 10067.55639347138 0
10991.70774534226 9865.647626570366 0
11111.489451308 10061.99242277105 0
11221.63838472941 9860.083420200437 0
11341.42106730173 10056.42883720241 0
11451.57014299333 9854.520017343883 0
10541.48600361621 10275.03603505903 0
11571.3537245403 10050.86598874315 0
11461.20485358411 10252.77494123589 0
11681.50256478215 9848.957028646797 0
11691.13751382198 10247.21209583404 0
11580.98869136089 10449.12107505766 0
11810.92136553571 10443.55825590682 0
11700.77256368948 10645.46722940108 0
11930.70521515408 10639.90442290595 0
11820.55643272298 10841.81338828527 0
12050.48898161798 10836.25056631981 0
12160.63731176815 10634.34161955874 0
11940.3402483792 11038.15951377715 0
12170.27256087502 11032.59657475984 0
6644.542667700764 5795.799992625697 0
6734.244314098587 5619.907017983023 0
6929.702719895101 5611.90046151061 0
6829.769863050285 5438.442386219279 0
7035.160176309791 5431.990644469633 0
6931.793645241453 5248.999900133638 0
7147.096313756012 5243.488965702029 0
7038.497908809081 5053.355237375708 0
7260.549381351944 5048.362458274287 0
7147.602016712462 4853.871358119572 0
7373.286484888911 4850.047929017604 0
6924.074158494837 4861.96190174704 0
7031.153917986041 4659.69782169659 0
6805.432274401298 4668.117432782937 0
6912.012779201292 4464.077788898902 0
6684.082517304865 4471.868840690457 0
6791.314360289844 4267.485108506456 0
6561.93133721756 4274.391401421564 0
6670.132082317958 4070.370721151159 0
6440.174911725602 4076.508810910042 0
6899.690448129284 4063.924934360102 0
6778.895302483845 3867.128806344082 0
7008.488614082225 3860.972893514671 0
6887.952571646418 3664.473706773807 0
7117.141553698104 3658.61517935516 0
6997.112983882858 3462.28884448761 0
7225.654936680427 3456.731448982569 0
7106.472797585514 3260.386890818012 0
6877.347129355905 3265.87673869256 0
7334.756834750586 3255.14594379089 0
6987.178580649692 3063.957017596148 0
6757.664860854793 3069.451143462368 0
6867.707184522214 2867.527695506803 0
6637.968894912873 2873.051784000161 0
8491.353339570858 11121.60242598425 0
8261.47395086826 11127.1585479471 0
8721.289823838357 11116.04083324318 0
169.5952563490078 5106.228113339759 0
14770.11734816121 5100.154550522266 0
1490.040547728027 201.7001125167307 0
13547.78556734823 174.6497089379934 0
6331.426242858979 4280.735533495164 0
6209.766738408865 4082.025998571641 0
6100.212095882735 4286.017745883525 0
5979.173688330409 4086.470626402381 0
5869.520561772275 4288.439919143388 0
5748.781354577142 4089.956858849149 0
5638.104473692103 4288.847104932577 0
5518.99378576778 4093.895857940874 0
5410.361588121348 4293.317495481437 0
5289.698594055519 4099.432784393383 0
5181.931557816497 4301.208468592125 0
5059.798259401769 4105.70082660544 0
5168.957972095308 3903.992611543421 0
4938.836147017151 3909.829403448719 0
5048.51891097924 3708.058641858184 0
4818.4204619959 3713.746291334496 0
4928.361527900429 3511.915454759552 0
4698.326006089056 3517.539998605936 0
4588.266397466005 3719.425014600311 0
4468.286133625932 3523.161454322748 0
4358.105530312512 3725.081737367219 0
4238.259815156636 3528.770744606222 0
4128.118664413589 3730.67538847472 0
4008.308945411419 3534.344640213397 0
3898.1607020793 3736.253440064436 0
3778.3653445101 3539.914704738374 0
3668.219002903234 3741.822336794578 0
3548.431758023576 3545.478627331152 0
3438.283542401206 3747.387285388683 0
3318.498082307157 3551.042420615968 0
3208.349835058143 3752.951011258061 0
3658.579736004255 3343.570169637089 0
4578.406357095031 3321.263534466644 0
3088.565260656135 3556.605447506406 0
2978.416816988768 3758.514088655847 0
2858.6323357841 3562.168505112585 0
2748.483533079315 3764.07750265415 0
7665.378605946794 10145.79810428532 0
7555.252573254352 10347.12312055181 0
7438.013636979909 10151.00996658495 0
7326.507541979864 10351.7700150642 0
7210.41444504702 10153.56354737008 0
7096.664028220265 10356.49625118948 0
6983.110509063859 10160.43539057573 0
6865.921725132278 10357.55620139115 0
6745.594205346744 10140.13611072153 0
6632.883864046677 10366.10372742119 0
6508.03535421016 10185.91615640821 0
6402.209808122289 10377.6871266539 0
6282.722663665587 10193.03879578406 0
6172.477527560825 10386.35993602855 0
6053.182204091456 10201.06180280461 0
5942.136072804597 10393.36096926472 0
5822.143542389386 10203.66376857867 0
5712.204066896565 10399.25005037795 0
5592.086300544468 10205.65301568528 0
5482.444648430051 10403.50663921621 0
5363.063859472091 10208.9805109332 0
5252.80023659214 10407.54815405156 0
5133.408160101055 10212.04753516695 0
5023.021218487603 10411.63118395826 0
4903.523909213754 10215.61024488879 0
4793.153392893888 10416.01673166591 0
4673.552278130308 10219.76423626452 0
4563.240140929118 10420.77173356251 0
4443.549175424342 10224.39490597649 0
4333.304225478038 10425.80845577422 0
4213.556450010215 10229.39712966576 0
4103.364477698581 10431.06487086799 0
3983.594768196174 10234.67501849703 0
3873.427885130981 10436.47345338287 0
3753.648702093877 10240.10093986312 0
3643.493291482578 10441.96291482993 0
3523.710976349083 10245.60411913454 0
5703.85641618866 10012.79102827456 0
3413.559886764481 10447.49414911234 0
6753.014686994266 10563.97056260371 0
3293.776352024222 10251.14153622846 0
5372.485749980297 10602.72187361983 0
4223.129722417181 10627.43039792698 0
3183.62698429563 10453.0438107659 0
3303.41048608496 10649.39110203037 0
4323.851692233108 10027.92756717299 0
3403.927577078263 10049.24434259225 0
3173.992788297527 10054.79076215063 0
3073.478100263557 10654.94851415834 0
3193.261705191039 10851.29448597531 0
2963.329415748711 10856.85536193665 0
3284.144174740763 9852.891548067235 0
3054.209082546329 9858.441810245107 0
3083.112906474519 11053.20121884204 0
2853.180799281858 11058.76344193624 0
3164.359973407494 9656.541560532036 0
2934.425081127147 9662.093412164286 0
11561.71888456506 9652.611118791145 0
11791.65140815353 9647.04813658465 0
2628.699577567744 3567.731193427729 0
2738.848366782448 3365.822373329628 0
2972.964003133568 11255.10912952527 0
2743.031657931301 11260.67204508273 0
12060.12325590116 11234.50519668934 0
11830.19129737847 11240.06838730283 0
12290.05440846313 11228.94176772521 0
8381.217537368133 11323.50766085549 0
8151.310982638659 11329.06322404308 0
7452.523473643323 3451.470966842967 0
7562.100505151162 3250.464309449963 0
7676.466057165352 3446.864701937662 0
7789.763179154917 3247.110566097376 0
7901.202558956149 3445.965160514414 0
8020.885323377505 3246.350464799246 0
8141.81879491508 3465.660414848425 0
8253.90123793292 3236.64911800412 0
8376.16485193852 3415.22577287998 0
8484.415810837232 3223.748170484385 0
8600.516320859646 3413.5120845071 0
8713.138208839013 3215.510941798291 0
8829.536237408072 3406.64117442727 0
8943.807165662522 3209.796979584618 0
9062.388754930626 3400.883509325196 0
9175.483830364838 3205.921372834994 0
9294.292638309958 3397.071921624215 0
9405.901327620984 3200.641856805747 0
9525.288063959179 3395.135209449771 0
9636.218674859945 3196.290679249404 0
9755.618602219445 3391.918309330913 0
9866.377565210345 3191.743184628044 0
9985.885705678518 3387.897403928995 0
10096.43038672538 3186.843134066974 0
10216.17110146043 3383.338869914459 0
10326.46406825176 3181.714966475449 0
10446.24628919631 3378.198020295067 0
10556.47023747754 3176.413143837418 0
10676.26651544473 3372.857813183407 0
10786.44669689084 3170.991005885968 0
10906.23107292104 3367.379184668338 0
11016.40142095266 3165.496940502912 0
11136.18692602418 3361.863927377247 0
11246.34681016464 3159.968785210239 0
11366.13088447267 3356.323419588423 0
11476.28599102683 3154.422706463468 0
11596.07029998932 3350.772652089558 0
9183.087365880392 3588.679044719375 0
11706.22187071068 3148.867490826796 0
11826.00620857359 3345.215425511919 0
11936.15600030791 3143.307965047517 0
9286.804032385613 3007.101604166324 0
11255.96355132168 3558.219741285559 0
12055.93993159451 3339.654778564302 0
8134.777200161048 3038.44964809061 0
10335.43826060989 3579.498062389004 0
12166.08892938894 3137.746318614854 0
10436.69001006119 2980.028185536249 0
11356.50170788808 2958.073559074724 0
12285.87149735448 3334.092348336312 0
12175.72352059466 3536.001477344507 0
12396.02055108715 3132.183697879226 0
12276.2379292062 2935.837901143273 0
2733.398565595295 10862.41701142212 0
6748.091718393619 2671.12924503248 0
6518.239865075423 2676.674659207231 0
3558.071329154698 3943.731113458824 0
12405.65249192448 3530.437879877135 0
12295.50678262345 3732.347794060083 0
2508.915944358432 3371.384427550704 0
2619.064816550732 3169.475783401257 0
11671.86748166473 9450.702145891371 0
11901.80225423646 9445.140965779909 0
3044.574716943278 9460.189274722525 0
2814.640842852501 9465.744594801399 0
2518.550678569442 3769.639712554878 0
2638.334682898862 3965.985307332397 0
14807.59332946798 8263.722723973422 0
175.5386731077779 8255.281600701017 0
12506.16692321169 2930.275284239939 0
12386.38604946741 2733.929345298221 0
8271.063490514396 11525.41187132056 0
8041.138228590451 11530.97189790558 0
11949.97139962148 11436.41246092513 0
11720.04075691618 11441.9759623721 0
2389.133434770522 3175.036479250348 0
2499.282639201678 2973.128253730398 0
2408.400950967981 3971.547477077735 0
12525.43427778899 3726.783584929435 0
12415.29019431739 3928.693824106719 0
2862.811388872686 11457.0137602721 0
2632.877378422162 11462.57456961634 0
3092.745806465382 11451.45313714433 0
11782.02371539069 9248.800356741769 0
12011.96809115036 9243.24413008052 0
12616.3134305471 2728.367974301911 0
12496.53401003621 2532.021788184145 0
8458.478942478432 7757.628509868164 0
6062.275356649972 10586.18245090226 0
6392.895085781131 10015.42936137262 0
5014.334385445254 10016.09359313307 0
6628.390005208435 2474.752739398949 0
6398.484052573913 2480.311592497436 0
1502.735814847239 6395.35166792196 0
13507.93893694879 6421.984081162856 0
14838.18491786499 1487.393201325363 0
194.2981534672696 1490.030314127549 0
6926.557614392857 13839.55143466607 0
9211.933185273499 203.7034515296225 0
12645.21740105315 3923.129898644064 0
12535.07556885646 4125.040467040217 0
8299.601183247774 13835.75707771669 0
2924.789493047976 9263.836048332025 0
2694.856744619918 9269.395984241623 0
3154.724750759941 9258.288447995932 0
2584.708297070227 9471.302714910242 0
2464.925014704188 9274.954268613334 0
2354.77725515995 9476.855848396373 0
2528.182592148846 4167.89039791558 0
2298.247393729906 4173.452532179249 0
11839.81403301504 11638.31520810538 0
11609.87709115608 11643.87385982541 0
9594.330594837531 9102.607274644954 0
2269.356453291123 2978.683597210143 0
2379.505540454223 2776.77728689025 0
12726.45943382788 2526.463746416194 0
12765.00229518474 4119.477061741812 0
2234.993367824627 9280.512726729416 0
2982.578731787866 11653.34600103548 0
3212.516881710635 11647.79032987743 0
11892.21280872878 9046.917731001495 0
12122.1999546395 9041.37897940191 0
12241.92461296915 9237.692796437077 0
12352.1710590181 9035.829257712947 0
12471.86867347613 9232.133537502907 0
12582.10087845505 9030.259562834595 0
12701.79494535976 9226.565075916835 0
12811.98923050673 9024.673641656265 0
8487.140010587169 3580.244687357063 0
12606.6811991878 2330.118028653132 0
12836.60388106131 2324.56431874517 0
3034.939566683328 9061.929701299261 0
3264.875864235455 9056.391731042488 0
2345.142657640016 9078.603666672147 0
6858.262104124257 2469.196015501997 0
6738.552784707214 2272.809247078257 0
6968.442643784183 2267.215188371368 0
6555.586637169747 6697.457814102509 0
8444.413237785975 6702.54232767107 0
2124.84932800515 9482.393889663672 0
12931.69308441245 9220.984791794444 0
2115.237275300044 9084.098126068766 0
12654.86017537499 4321.38633001833 0
12424.92735081257 4326.947944379855 0
12884.79308591318 4315.824408308303 0
8160.891102264145 11727.3004194894 0
7930.967563887473 11732.86724489503 0
8390.832489907676 11721.76023431588 0
2149.597982936732 2782.316056761002 0
2259.740018056657 2580.419437556105 0
2489.648527576974 2574.876061348666 0
2369.859433311673 2378.539584543567 0
2599.765365499232 2372.997889070911 0
2139.981637512075 2384.063847731082 0
11729.61071085294 11840.18966666342 0
11499.65411902466 11845.73351591889 0
11959.55389253591 11834.6374944494 0
12846.22317312982 2722.815143383521 0
3102.311857984071 11849.66016736034 0
3332.22253523977 11844.09575994756 0
2418.019846066671 4369.787690629774 0
2188.082583444786 4375.35029685038 0
2068.313513335783 4179.013875652539 0
6541.405108153445 5636.021569686245 0
6848.698982425042 2070.769465470976 0
7078.613989837075 2065.109603188319 0
8247.802404626556 6197.028947635788 0
8304.774683476799 6083.727268263074 0
8190.430394397103 6306.320603160672 0
6750.277829318829 7203.057784633742 0
6688.456944312436 7316.024041996856 0
6809.236199911692 7093.72492973252 0
2250.057261796343 2182.215763661412 0
12994.91968622413 4113.914755692038 0
6883.858190537178 7203.655857244173 0
6950.413096034598 7078.932424628501 0
8116.142746608813 6196.519632270211 0
8049.587071404058 6321.098929834685 0
5526.632177420923 4479.988978731421 0
3145.099651073759 8860.030543648798 0
3375.023035670027 8854.473623555987 0
2225.367435892178 8882.24130551037 0
2020.222748460149 2187.715751497444 0
12716.82978740212 2128.216963014918 0
12486.89945207792 2133.775477574495 0
12946.75143921998 2122.665150768942 0
13041.82920234973 9019.070455565578 0
2039.449367633729 2984.207546636924 0
1958.156696888688 4380.917313854586 0
1995.47887939429 8887.734276986634 0
12002.55960511446 8845.102973983039 0
11772.542122635 8850.627631746431 0
12544.71107030499 4523.284895366134 0
12314.77820329307 4528.843774346124 0
11849.23820647885 12036.45929554831 0
12079.21205065554 12030.93310710979 0
8050.689725815924 11929.15756622302 0
7820.764554791613 11934.74116219887 0
12922.14822460346 8822.769427091496 0
3221.860606882898 12045.89519331241 0
3451.708017517362 12040.32151436941 0
2991.968336273017 12051.43974695783 0
6548.051952374735 7312.90352667432 0
6623.439734877205 7442.146855195562 0
6467.937188626741 7442.285465052468 0
6553.808357098613 7583.126241904273 0
6384.888478911793 7583.325565845766 0
6483.21357203341 7742.615314840295 0
6281.898418623457 7728.810176407737 0
6378.429536739351 7914.580258353302 0
6144.950855642266 7884.973590439949 0
6247.780150187452 8090.577915120581 0
6019.335618915811 8072.85234121935 0
8449.71010526493 6088.134113526601 0
8373.964632536541 5959.1731021427 0
8533.745676789251 5958.944992931227 0
8456.389608574733 5820.789077953905 0
8622.291440994195 5818.56838271119 0
8543.624750472769 5664.700939254662 0
8727.24284804502 5674.080998481491 0
8643.992109565803 5495.138430856376 0
8856.403208424843 5513.127167037142 0
14013.98044300808 13792.8057583212 0
1036.743769109109 13820.50986731442 0
13114.70718450613 4310.267398802556 0
13161.56289199415 9215.369473042596 0
2307.82765735609 4571.669367994698 0
2537.778213787366 4566.107637279641 0
1838.38698297447 4184.58098224903 0
2130.232310383243 1985.904603137925 0
3255.274024429364 8658.11924213637 0
3485.172438672024 8652.553784331007 0
1900.444439895823 1991.377834807582 0
10311.56731846472 10280.61092621733 0
10431.33554624036 10476.94400651011 0
4950.888171706736 4307.89411372364 0
1790.492699991395 2193.153673485313 0
13051.44697382365 9417.305686227555 0
11883.13084101408 8648.893788386111 0
11653.02244144477 8654.366144444824 0
13151.92611430985 8817.12941378765 0
6958.839145980985 1868.500461638806 0
6728.921791537448 1874.308160481543 0
7188.77125623695 1862.706804420908 0
13224.80104982227 4108.355783698265 0
2105.596078692726 8685.904650397339 0
1875.731565630591 8691.411649424757 0
13281.31897984611 9411.677922431101 0
13171.21100769722 9613.630989099853 0
8758.109905222431 5312.651047184858 0
8981.580220828011 5327.548829934941 0
6122.012220257276 8279.873611168965 0
5891.559167113491 8262.622555394677 0
12434.5628367977 4725.165926812974 0
12204.62870587101 4730.726999408265 0
12826.97123514347 1926.345767953821 0
13056.89645220637 1920.780621911005 0
13176.66835079948 2117.12054152316 0
1033.260825211646 6979.013704147072 0
13951.73393139627 7002.453175897733 0
7940.42875896009 12130.97205694459 0
7710.479542023286 12136.55514549569 0
7590.816292092783 11940.29991530336 0
7480.536498278618 12142.12332211829 0
7360.880814401423 11945.86038047362 0
7250.626276296568 12147.69405417948 0
7130.953801784563 11951.42005871849 0
7020.723826949727 12153.25798610883 0
6901.032845198111 11956.98362259995 0
6790.82994636778 12158.83458025871 0
6671.116494101369 11962.55723178182 0
6560.94072822822 12164.43018753558 0
6441.198849411885 11968.13574087118 0
6331.039168428732 12170.02687778839 0
6211.2769646002 11973.71405981239 0
6101.125906173556 12175.61905183414 0
5981.351289670019 11979.29144933917 0
5871.202479411669 12181.20337664841 0
5751.403344629243 11984.85816038564 0
5641.172224796908 12186.75477155573 0
5521.421202813276 11990.41625277618 0
5411.075648637489 12192.29720207315 0
5291.424120172525 11995.97138557806 0
5180.97453305711 12197.83951033085 0
5061.443908780113 12001.52613069633 0
4950.973528257638 12203.38639110447 0
3111.192786400181 12247.51677855295 0
2881.312508433608 12252.99820376615 0
1728.239021618244 4386.489712050314 0
1765.724394511514 8893.066432455978 0
2010.333928519673 1789.617672536584 0
2240.07321334799 1784.185279721327 0
1780.60868588496 1795.045067160732 0
2427.529182328894 4767.957634629975 0
2657.527232344992 4762.407396877643 0
6839.044725912919 1671.907905044741 0
6609.138610213668 1677.949208702957 0
13032.28399096853 8620.855223368902 0
11968.65337576206 12232.66686799373 0
12198.48735273271 12227.12058523695 0
13344.59739951301 4304.724819316369 0
13234.507485806 4506.616014852523 0
7027.942606579238 7202.280529246924 0
7103.792405571364 7069.710650241291 0
7971.798085752262 6195.653644488903 0
13261.98957331276 8615.195012988668 0
7892.849486669061 6336.197711037235 0
10201.41021775147 10482.51359479821 0
10321.18349283284 10678.85044373276 0
13286.81753312442 1915.202524986296 0
11764.04781088146 8452.723499255826 0
11533.7736651242 8458.098465833051 0
13167.04083291967 1718.88528095091 0
7093.302142659486 9944.127985400428 0
6288.342462289738 2682.226687934011 0
6168.564559759059 2485.872872985261 0
12324.41578627131 4926.987358264255 0
12094.4767265451 4932.58399475079 0
6502.647760537106 6204.368753991232 0
8487.898504100121 7189.726409725718 0
13454.60883722296 4102.80062563633 0
3365.469988532422 8456.18672418222 0
3595.369256478532 8450.6267196427 0
3715.100046312828 8646.991808176041 0
3825.240126529011 8445.111148925345 0
3944.905421094351 8642.105193284086 0
4054.807939529439 8440.588462632306 0
4174.637344410954 8637.639777227087 0
4284.106225010104 8436.685863175388 0
4404.357974686471 8633.749611976862 0
5994.019509212647 8468.97020313847 0
6226.683561388345 8486.772441647658 0
1608.458430468919 4190.101774973439 0
13401.07492885191 9607.989759237127 0
13290.97624687426 9809.962467953635 0
8881.544814837389 5122.838786820417 0
9107.853521834684 5138.193773380351 0
6450.770013023955 12366.29361405922 0
5530.649524661269 12388.61905673628 0
1646.027172891442 8696.783235572395 0
8435.662091658123 8729.274277133487 0
9262.876054077597 9708.566402834676 0
4831.475015818869 12007.07707525872 0
4720.988538921066 12208.92571307183 0
11974.69306525431 4736.286001965073 0
11864.5338064959 4938.115296214482 0
11744.75733861298 4741.830812922766 0
11634.59237924158 4943.595887205347 0
11514.83011853959 4747.367101190664 0
11404.69584885532 4949.155958658723 0
11284.94188559663 4752.937552851355 0
11174.90295770473 4954.727207166931 0
11055.11249711397 4758.558166558288 0
10945.21089686924 4960.441144827402 0
10825.29033365864 4764.293103445371 0
10715.69679868719 4966.326897676817 0
10595.37418280539 4770.138641434341 0
3562.098067244306 11838.51747918461 0
2547.163075434455 4964.185561998525 0
2777.323312362162 4958.701836228479 0
2317.159643989573 4969.785981874657 0
1985.840195876327 8489.631641740878 0
13406.59045746075 2111.562787229153 0
13396.80838768278 1713.570925531428 0
7830.0121585005 12332.68031809396 0
8059.948491925134 12327.02124539219 0
6703.156647893896 7575.409145110285 0
8290.157225710172 5826.005305958105 0
1890.32032673275 1593.335848226136 0
1660.672092155615 1598.69703683743 0
175.5048193555717 12994.58569124345 0
14778.18324842207 12978.45290597801 0
1498.325917645185 4392.010785135169 0
7140.29666741147 12349.44678838159 0
4512.703712213197 8433.985517381978 0
4634.26089659204 8630.415839119423 0
10486.56115093709 4972.421543906255 0
10365.14876313031 4776.237926127478 0
13464.41830798949 4501.084038701982 0
13354.25625071389 4702.936677719247 0
10091.25428713159 10684.41663370679 0
10211.03168309185 10880.75688586275 0
2999.983996489786 12448.7848051464 0
2769.970241351037 12454.07320874161 0
11294.56557313242 5150.793256979666 0
13142.49081535027 8418.92920535454 0
13372.02182217759 8413.264121401111 0
4393.617090826706 8235.387856964773 0
4623.26098197699 8234.000874769607 0
1536.156372973691 8898.239846204666 0
13491.46277326089 8609.444848700576 0
12087.41224284535 12428.71612110309 0
12316.99021068087 12423.1523327128 0
12428.19653848695 12221.53610950286 0
12546.78078295105 12417.63091712265 0
12658.09061318705 12215.99323553248 0
12776.90759727554 12412.15947585239 0
12888.08998002325 12210.47173710121 0
13007.14140982106 12406.69777895038 0
13118.12144596847 12204.9640265323 0
11857.49736963804 12434.16582191581 0
13237.46459848142 12401.25192300983 0
13348.0820087912 12199.46707064583 0
13228.52235581711 12003.11632113456 0
13458.14218682619 11997.53085451773 0
13338.63975754871 11801.15751166801 0
13467.87935262461 12395.84992700965 0
819.689353802964 6402.325196296015 0
14196.32899533464 6420.969526978164 0
234.960079248243 812.3420692860112 0
14813.38861284804 802.3440131456575 0
6719.252449414314 1475.699652688754 0
6489.36708374607 1481.797608766141 0
5792.064474483284 8056.612373864442 0
6058.422022999743 2687.782603875904 0
5938.636587981453 2491.434537867745 0
11379.93111805253 11649.42650526877 0
11269.71236760711 11851.28128050251 0
10402.56236408979 9282.246502471447 0
10282.99263517914 9085.96011271613 0
4839.985934763304 12405.19395399517 0
4609.870595708581 12410.69924632564 0
13520.8346679275 9804.318949244402 0
13410.73821864106 10006.31823012634 0
6098.391877002524 8674.945266265286 0
6332.802051693146 8693.067516538173 0
11645.54903068845 8256.494616769778 0
11414.81387715028 8261.754853608996 0
11876.26870474547 8251.395306827972 0
8653.109657706154 5112.625933438014 0
13277.02306207755 1517.459363335074 0
13506.65297233657 1512.313434133666 0
8776.55217236156 4916.572271797201 0
2666.735400695946 5160.282563476585 0
2897.236947158032 5154.983339088591 0
5864.617244745166 8658.271316633683 0
7949.326255602941 12528.52364108968 0
8179.246826526194 12522.71583682973 0
7782.661385283326 3639.202755840474 0
9981.099988388827 10886.32076594362 0
10100.88070017967 11082.66389834353 0
7308.543520084875 2059.451257214917 0
7418.716759366102 1857.008851334824 0
2244.628079642213 9678.760964355086 0
2014.698074200562 9684.284357027289 0
7241.155016797216 11749.53791677954 0
13334.81872603199 3906.406685276792 0
13564.45769347179 3900.787482547157 0
4941.751160680932 11805.20098151855 0
12214.26759320832 5128.665527132945 0
12444.21079671392 5123.174429599601 0
9204.606761966681 5343.437600990073 0
3475.729325207115 8254.218199358093 0
3245.852422662485 8259.805844388322 0
13567.99210169794 11795.40943028943 0
13448.57807073875 11599.08693427583 0
7191.219379743977 7200.911557858279 0
7261.513388800056 7054.351376069893 0
7803.460651286019 6199.805167759046 0
1416.572997091724 8702.008110395866 0
13584.23552003209 4697.401470767003 0
13473.91244422579 4899.210295206284 0
1378.532484074363 4195.5659457612 0
12894.9739067096 12608.26010371148 0
13601.26901490781 8407.515510227959 0
8541.819289647132 4901.710793454514 0
1268.469783011094 4397.418876871712 0
1388.268239005655 4593.910435917937 0
11975.34525513418 12629.94246310307 0
11745.36014519374 12635.21804590382 0
6450.955608370916 6998.606694527334 0
8549.044391629821 6401.393305472027 0
9870.94802135284 11088.2268279107 0
9990.730154178587 11284.57123454178 0
9760.797736615932 11290.13431670911 0
9880.580715003249 11486.47870093632 0
9650.648206657879 11492.04200682576 0
9770.431405792053 11688.38580676692 0
10000.36045189776 11682.81603090561 0
9890.208636347137 11884.71355940085 0
9660.279739726075 11890.28377799355 0
9780.057546596221 12086.60573579864 0
10009.96533509627 12080.99819503071 0
9899.824232868497 12282.8912933299 0
10129.60969284509 12277.11176005999 0
9669.877301585802 12288.4178145963 0
9789.466719815387 12484.34093933346 0
9559.656079947563 12490.14188771986 0
9751.167806532127 10891.884210463 0
8711.689882706069 10717.79853088915 0
7538.484537453733 2053.839230544764 0
7648.669945546388 1851.390889921985 0
7528.905083171639 1653.972432275918 0
7758.888739540676 1648.411197976658 0
7878.621278651166 1845.808122010074 0
7988.85003830968 1643.013679623997 0
8108.555988172791 1840.321309507116 0
8218.778051292156 1637.66373442574 0
8338.475132145346 1834.855610963211 0
8448.6756257002 1632.332613624377 0
8568.390767266636 1829.40620097235 0
8678.559640614296 1627.012961776561 0
8798.310001550126 1823.969009198469 0
8908.443868538918 1621.696747776286 0
9028.234328663008 1818.533875389246 0
9138.343203909368 1616.362147171718 0
9258.172841043532 1813.132079792138 0
9368.269724760019 1611.065166262502 0
9488.115456705076 1807.724471110457 0
9598.208462822928 1605.757948348258 0
9718.048962902281 1802.250118738242 0
9828.082923477248 1600.337599533296 0
9947.919038328993 1796.730447791096 0
10057.89194212412 1594.917780831481 0
10177.78178780905 1791.2353312597 0
10287.65626909561 1589.503857021572 0
10407.64417534475 1785.746340112425 0
10517.44185760711 1584.102111276929 0
10637.51835027837 1780.258298394484 0
10747.27257535834 1578.695919237912 0
10867.41347492853 1774.764058666991 0
10977.14130963715 1573.285352989225 0
11097.33326443841 1769.258078674419 0
11207.0817417213 1567.824704331645 0
7869.157560089498 1444.719786355123 0
10397.09155889343 1388.022119780981 0
8788.633979670216 1424.227276892147 0
4711.801519828362 11810.7533049033 0
11470.83985397011 10651.03004442167 0
13444.7374001845 3704.401866872659 0
2134.477926513495 9880.6705277002 0
1904.566282993079 9886.163760705553 0
2024.354059180796 10082.56792239662 0
1794.49803558688 10088.100402913 0
1674.69666671964 9891.63099928922 0
1564.763022310685 10093.69835957539 0
1684.529093277611 10290.07166091015 0
1444.877457193074 9897.172488327185 0
1455.027029728411 10295.77192742562 0
1574.623023621687 10492.01039648114 0
1345.368512382725 10497.69296246594 0
1464.624824969451 10693.86032229824 0
1488.671423658053 3993.712232313311 0
1258.735197180925 3999.172511269112 0
1368.885612126556 3797.326547047342 0
3007.373639536015 4953.173536862956 0
3127.281318190129 5149.478921483289 0
3237.347783707748 4947.662626785169 0
3357.21514878785 5144.050689802684 0
3467.25551889325 4942.151219394345 0
3587.098136298 5138.576496129292 0
3697.22248076098 4936.631563041375 0
3817.120517170521 5133.082850091972 0
13630.8448395298 9602.253976400307 0
3707.114802966406 5335.245476274798 0
3937.087031377073 5329.563498107909 0
1235.424204591071 10699.36238890662 0
1354.30473777951 10895.64269062059 0
9478.229631000522 1408.875634696404 0
11759.15192942441 8055.303293375295 0
11990.12272417154 8050.625245577726 0
1770.205518057967 1396.993342540839 0
1540.564629165754 1402.249799197535 0
1431.028893483667 1604.033279511 0
1310.940379855047 1407.495179052138 0
7485.208823204339 5047.13065651939 0
7515.070574700506 8354.985086400984 0
9679.169485040249 12685.81328535091 0
9449.579977491036 12692.20105419367 0
10607.23580496518 5168.184144951009 0
10379.81326126605 5174.578322309971 0
13482.236094432 8211.378838160672 0
13711.35895933988 8205.707355958875 0
5828.491792319897 2693.343453077397 0
5708.704118174528 2496.995772127192 0
5818.85254461212 2295.08825317759 0
5588.920171090593 2300.653176182449 0
5699.068594220037 2098.749494786162 0
5469.136264264496 2104.31660364912 0
5579.285423104475 1902.459878980034 0
5349.353867411678 1908.024776917708 0
5459.504099395785 1706.22756495612 0
5229.573325176043 1711.773713170944 0
5119.421254005528 1913.597802371217 0
4999.632671916617 1717.390099072706 0
4889.485132694318 1919.174646439897 0
4769.688534675997 1722.949367861582 0
4659.547861511797 1924.727350855757 0
4539.75394173566 1728.407841009223 0
4429.617351887911 1930.246300628363 0
4309.631571653379 1734.232383504153 0
4199.609788169702 1935.916066506212 0
4079.605483314385 1739.885269419279 0
3969.626593266212 1941.531813527309 0
3849.600175957697 1745.492152948891 0
4649.731269545803 1527.09612675946 0
3959.208396616243 1544.293525603208 0
3729.188153133641 1549.83220080273 0
4089.496530507251 2137.75407061944 0
3859.544520321613 2143.334919036007 0
5339.731607833107 1510.087894019304 0
3838.133416040455 1349.312760253659 0
3607.992587828177 1354.808685492768 0
3499.08317035447 1555.448875700743 0
3377.990421547337 1360.219704011809 0
4779.33714400706 2121.023840419047 0
9329.733133633097 12495.76949153655 0
9219.382995697488 12697.26722611703 0
11327.27814612586 1763.734163749253 0
11437.07771569357 1562.323700489218 0
11316.42630429345 1366.929276260185 0
11546.49592928557 1361.528905709669 0
10440.9631200363 10875.19285214623 0
4047.080789985861 5127.441189701113 0
4166.9938926791 5323.740421089389 0
13061.07481974285 9815.559395872788 0
4064.845678554894 8838.876707146857 0
7444.347533109358 10548.67475956214 0
5631.618402587963 11788.51798421358 0
6321.432929057926 11771.81219266541 0
13640.61648480879 10000.70068563111 0
13530.49813313297 10202.72633016341 0
12334.08468755077 5324.760448185636 0
12564.01823221134 5319.094316528246 0
13720.500524724 8603.481026469566 0
13674.08664032123 3698.645891394091 0
13554.5096123109 3502.368217733081 0
2887.423528082338 12649.19741839974 0
2657.293748291105 12654.16371556461 0
2539.794390800329 12459.23496601791 0
3117.307034085895 12644.08452803355 0
2427.382824395423 12659.18830306276 0
2309.878486281203 12464.54119154257 0
2197.691910060445 12664.38503976262 0
2080.153573343711 12470.01099286579 0
1968.305400708528 12669.87668762627 0
1850.618448260849 12475.68405910416 0
1739.236106445669 12675.74212726712 0
1621.340149546895 12481.59442190676 0
1731.8767405214 12280.47542253978 0
1502.517388969891 12286.44870815831 0
1510.557612801266 12681.97032977046 0
1612.650251786261 12084.81090278144 0
1383.236929130544 12090.80575390311 0
4727.93563359401 12606.90729487442 0
4497.501922906725 12612.33157422896 0
3356.360290179402 8057.696446785671 0
3126.284566560771 8063.452271062177 0
13677.60741014401 11593.07373097041 0
5858.539155715808 3888.635491092284 0
9837.847496061411 1998.608212651398 0
8688.106252123187 2026.062341913249 0
1583.990972977344 10890.1764641969 0
11423.017886931 8659.876030759573 0
13558.35791861924 11396.95449641971 0
4822.017530662274 11608.88057545766 0
4592.093792591691 11614.42835627402 0
7723.006826960627 6346.032340207188 0
14775.5595200165 7585.381239712064 0
220.8040039016252 7561.719031651695 0
4247.94980822538 3926.999276911824 0
5478.771476043327 2502.558340858154 0
1307.235268130213 8902.943453576285 0
4501.846650557678 8033.036932463026 0
4728.010277618994 8028.463453844602 0
11861.49149044044 12830.41090037646 0
11631.48242625078 12835.34100042808 0
9414.110866480554 6452.392568785686 0
5585.626977502208 6946.994354822836 0
5587.460953606163 6441.639919940956 0
9394.930209400143 6978.18938699082 0
5969.322206209233 8863.217684447462 0
5734.694064165389 8848.336246681967 0
6599.470604537924 1279.559478738335 0
6369.559733574399 1286.235785370279 0
6829.294559515762 1272.643806279797 0
13703.72473944626 4893.705132593628 0
13593.28046112374 5095.329899234299 0
7398.067608269523 8552.072049405788 0
1201.579324307996 1609.39706757048 0
13786.96161115211 11390.67167546502 0
13386.83308186746 1316.57633915933 0
13157.15790069711 1321.764664203572 0
13616.08323472068 1312.143776984126 0
13735.83817819606 1507.584407634369 0
13796.74306389791 11789.41744503356 0
8666.779224896993 4708.749154775086 0
8427.875038332786 4688.554809708378 0
9567.207671476179 12884.19835131616 0
9796.627842796584 12877.97540519691 0
7169.824104521023 6949.57436581991 0
7806.455713396979 6484.200544337794 0
2786.347256857992 5356.095583722361 0
8068.309625698814 12723.79688410378 0
7838.373331309515 12729.89305973729 0
13760.39976338082 10197.20170366424 0
13814.16013765861 4691.906196567192 0
3715.793590272528 1155.28261116796 0
3946.100074218497 1149.95572123153 0
3003.017673456988 12843.71753503265 0
3232.713518353607 12838.89098837085 0
9329.518508799871 5158.61862317695 0
9426.64487264596 5355.802577036286 0
3979.369703430321 2339.622946470706 0
3749.431219920047 2345.19054105369 0
3269.091965425394 1560.957085342298 0
3148.098862214265 1365.535113813134 0
5158.357659477264 3506.31843812892 0
10987.35862927967 1970.969265509155 0
11149.9961322845 11654.98508971172 0
10935.20077944699 4562.285601001884 0
4277.401060988477 5121.677854148763 0
4397.580756485449 5317.678511944935 0
11624.97649389517 4545.512589576664 0
13329.03046830757 11402.8186764281 0
1158.600187825002 4599.358533474025 0
1278.639038462905 4795.731132036827 0
1187.234204553667 8707.35617995175 0
1296.967166445158 8506.244297025383 0
10500.2431359774 5369.291721014523 0
13593.16274863478 8009.369135651135 0
13844.34157467297 1308.553875818083 0
13783.42527102077 3496.466507848108 0
13664.08736655289 3300.435089908784 0
7245.004198329615 5435.56716921815 0
7754.462325600913 7970.803683594554 0
13822.19023453823 8004.02512245441 0
2084.017740992632 12862.53351616166 0
13793.78992365091 3895.117751753478 0
1138.984298204507 3802.947960023695 0
1249.07953302319 3600.807650291646 0
6709.523451143178 1076.938632484108 0
6939.226185617867 1067.482426420758 0
3237.030733928216 7861.13309950278 0
3006.64628747227 7867.379373798311 0
3467.280070945186 7855.35749842021 0
1124.855474401295 10900.93936582041 0
6189.991501492763 6510.485491870658 0
8815.531684400194 6904.89248856525 0
11875.50713880049 7855.154718706807 0
12106.21339952834 7850.808562173312 0
8422.507730137746 5101.752548421473 0
13822.63589399553 5089.999021022947 0
13712.30888998345 5291.173049567981 0
221.4169184515901 5808.913370499254 0
14779.09081588564 5832.962354210334 0
6484.228147043172 8115.121988279076 0
14190.29587957386 200.9163700354457 0
806.4615500816502 209.8691368897684 0
4613.557221908961 12808.40996334129 0
4382.820935271349 12813.65707363302 0
4844.450026473758 12803.06420121378 0
11425.1054034642 1166.998744413053 0
11655.32252186982 1161.872772232545 0
11776.68503115031 1355.964511904475 0
11885.79610211602 1156.539026037087 0
1649.96166940839 1200.511486830565 0
1879.287396023952 1195.444877517478 0
9237.729435029205 4947.21210737197 0
6858.26104651594 6961.896483517643 0
8141.738987044677 6438.109801014758 0
3827.126347894486 5531.840300601944 0
5660.844862012656 8245.918638962454 0
6701.986128188328 4873.351038591972 0
7514.932226965711 8750.631056362006 0
7282.010678148188 8750.966480577492 0
7400.478254194786 8952.255384380327 0
7166.317157897825 8953.131852753888 0
7140.063086999735 4457.115384641661 0
5948.281679132143 2889.693571661505 0
8298.217954974834 12717.76542571367 0
9099.786930101445 12501.3490788899 0
6318.838159975661 3878.587385939533 0
8803.053488584492 9719.549200290838 0
5984.371829244254 4488.081587856012 0
12007.13761530964 1349.909126646706 0
12116.18448740527 1151.295934875448 0
13356.6572489595 12597.53743513982 0
13587.55385424088 12592.2027407374 0
13475.64679440954 12793.87192251814 0
13706.81991511204 12788.57401549506 0
13817.32366235308 12586.89765159315 0
13483.12386315599 5296.47027575794 0
11642.95946416364 7858.437623523483 0
12091.26259431651 12825.3050118101 0
7885.612295074545 9742.391415081494 0
10527.52799653782 1982.026896902793 0
13300.60174938828 10208.27488732715 0
1244.016362589682 11097.52086615737 0
12266.60253290162 2537.58466665814 0
1273.487727779772 12292.66363519051 0
1154.127112243312 12097.04469224997 0
2191.220246405235 12269.12707829235 0
9148.022255745747 2015.121159323376 0
12802.76772800563 8626.542461220419 0
9134.934421589358 9113.322565388167 0
9976.719285155745 2990.631837862112 0
10081.65451769353 10286.19131644633 0
12021.58625586432 9641.486867021886 0
8595.074866364106 3022.710427389328 0
10896.61743777734 2969.134713608053 0
2729.213143123376 2967.567842345485 0
3514.086996779066 9847.368831051279 0
3423.193617036741 10845.73712942433 0
13325.02609168154 3508.082083710172 0
8228.24961283198 2037.115449294935 0
9643.197422907855 3589.624029473573 0
2215.734362618698 8484.073397005715 0
2095.960852290625 8287.939808350209 0
2555.657544035372 5361.783919365826 0
11039.79282547774 11856.84295701133 0
7097.225833263361 2862.077190339552 0
4266.905982248846 12617.6732972198 0
4152.360760873928 12818.78841266161 0
5038.367485000427 3310.084881526624 0
7921.413808931237 11334.60966318465 0
4118.454991805019 3332.437370674424 0
3247.237535151804 5345.809076666527 0
1598.817629653085 3791.822572360397 0
3098.202234003499 3954.858823953375 0
4157.332511791197 4925.442634997145 0
2254.270186497581 10077.02131833196 0
7673.675109990341 3048.932584243865 0
5074.488647049523 4504.424581685707 0
5990.980302457618 12377.53195786612 0
10795.9487955056 3569.187729183963 0
1226.027947358249 10301.75891619148 0
11194.9719785964 1172.134366206858 0
9938.106750259047 1398.545031903175 0
10475.00462400357 4573.840730180396 0
10242.96016800232 4580.015766583407 0
12400.20277973115 11027.0330809048 0
2513.10046594222 11266.23401885863 0
2402.951493172967 11468.14429951101 0
2144.147739521912 10278.9294563495 0
4490.757439485234 12214.42898492576 0
11101.85690198041 9663.738618639445 0
4525.809086498301 8829.945331818395 0
4758.753685151699 8825.078661376689 0
4647.474756552555 9026.105499208543 0
4881.642133907664 9021.787377265944 0
11715.85499487013 3547.122569322582 0
6781.291261774699 11760.6621219449 0
8328.977773584782 1434.392206535358 0
10512.73837556672 9080.337591130383 0
10393.10438310138 8884.027477646399 0
10920.06760182135 11660.54725619193 0
11030.23220162692 11458.65450889985 0
4912.8322239218 10612.15109129898 0
12104.10755661652 5329.961506247219 0
11515.2637158802 12640.36934814767 0
11401.8030800812 12840.24585236294 0
11285.49171413293 12645.58296422546 0
11172.41110853602 12845.21182026814 0
11055.96432994334 12650.90176602139 0
10943.43631751981 12850.41385454568 0
11557.24767006123 1758.179035633533 0
11447.24350477797 1959.866423251022 0
13420.29491660441 10404.66180164541 0
13190.44658265962 10410.19435517693 0
12768.71244520284 12014.20754439359 0
13870.5607125231 9995.011240981359 0
13364.17830036418 8014.757222227047 0
11426.50482861596 6394.985537712326 0
12808.82753050858 7012.323874442231 0
10297.25360553086 6386.39963257489 0
2650.285080685208 6402.164943597592 0
4219.753064224627 7009.074969732306 0
2176.643451629016 6987.62282008764 0
4687.895469666715 6425.059824817057 0
10770.21991892733 6970.68516014247 0
12364.85573045767 6415.934799983576 0
13892.43647946687 3294.559095195633 0
13773.55904778583 3098.818982217894 0
14001.30606889912 3093.356680939426 0
13883.10788516742 2897.73667667334 0
13940.69341960446 5286.114031122645 0
13830.85430397567 5485.93300749176 0
6069.13970824469 7669.373870635674 0
8931.100393548877 5730.235136688479 0
192.2028412701334 2863.83757533443 0
14817.09310859702 3760.250987754539 0
7844.004173324576 210.3626628520166 0
5359.50446164723 13799.77717266434 0
12862.06786338551 13800.45749366067 0
6477.88253438011 13815.9489127063 0
10351.11203151764 198.0327523964743 0
13088.03146650364 183.1886385852872 0
1944.847087532137 198.9539426284038 0
2855.368616070534 194.3451498869283 0
5558.314120976888 199.9351046395608 0
4688.582667955681 168.5998706548039 0
10578.01173801808 13812.69299503922 0
14783.81609842473 9594.822176449265 0
14818.53955456773 11863.14736619593 0
202.9309567378848 11850.90811383816 0
185.9627398696146 9837.900609818907 0
218.3974484311989 8717.537316787822 0
14792.47982599298 10757.60103535136 0
14780.53387887718 8743.887391939063 0
7620.273476263756 6209.383442314782 0
7372.549370346022 7189.66905133018 0
4450.341858222539 13802.00096976077 0
14785.27845143778 4667.099109529584 0
14804.6700964377 2612.23295404234 0
1081.594621344392 1412.76613385364 0
1190.481221444266 1210.815919405482 0
11262.42717148178 193.7044622910335 0
11944.55478723213 13806.42064958361 0
7957.05959398182 12924.83237882687 0
7727.093136143973 12931.48497265246 0
216.0084521601227 4642.129659908609 0
3309.495430980421 13808.4040577912 0
3255.874461414701 1165.591845309334 0
3026.204921696665 1170.562929018435 0
196.5369993506395 10759.17893251064 0
595.1952629635082 13818.73382586181 0
14464.42126829861 13817.14827123659 0
3767.565349743924 189.664733422244 0
8816.576976058983 6508.512066052464 0
8706.700563480626 5970.178346700941 0
6183.423023944623 6891.487933946636 0
6292.912901228732 7429.620042803912 0
12178.56412467069 189.6829898361715 0
7715.431438662798 6039.491230281972 0
7278.193021323182 7361.763767333701 0
13267.18869205421 1120.427409070282 0
13036.89301199803 1127.109841417561 0
5840.239687298406 9051.607168227581 0
6075.415980052177 9066.323550924806 0
214.1629886461714 3786.108610539967 0
2542.940538873636 12852.79806107439 0
13725.00243181825 1114.006228800784 0
3549.958081526262 6409.787174716257 0
2170.478258983842 13813.33240626083 0
9438.692558295224 13819.32892660496 0
1079.563670815178 8907.407102824738 0
7001.203444880775 6093.507581119031 0
8000.474057398784 7302.822333130167 0
1044.831732887323 12299.15028058384 0
972.8245404021686 1614.329380251347 0
1092.247363082177 1811.046528948071 0
4608.535930843955 7828.934314525523 0
4828.161245698187 7822.491630661794 0
4383.536794154505 7834.321976016124 0
1627.116914679575 12874.4785473887 0
1399.260300124799 12881.147140679 0
1067.454031844863 8512.262150924804 0
1177.657065709405 8310.684400955812 0
1049.643968531436 4801.117040600846 0
1169.007650229174 4997.595145236452 0
1398.224764411981 4992.1207667853 0
1288.101278494376 5194.030813880604 0
1517.652247337267 5188.509413173062 0
1407.137714404665 5390.461370101389 0
1177.363526065631 5396.004009675667 0
1636.951018993449 5384.904537978068 0
13939.71425831209 8200.114927940245 0
13963.97229152958 1503.744559783132 0
13937.67800681093 12783.20454615621 0
13952.1390944068 1112.126285100757 0
10276.24587495038 5374.778926505794 0
13594.54631210437 12990.3566467511 0
13361.8839513009 12995.51436183502 0
8557.408228143151 4502.615829536843 0
8316.322990272844 4479.672164761652 0
8792.906293935723 4518.919137226105 0
7571.390016153178 6359.555600168234 0
7405.123555151591 7034.490458732074 0
12223.98975316545 5525.182421418504 0
11993.89748657576 5530.080967321868 0
6659.127060095633 162.7814650375445 0
1006.797146577214 10704.60284763339 0
4287.204611002124 5520.058079684889 0
4517.305127014524 5513.382920084519 0
4628.62486332061 5311.261011305155 0
4752.350505749103 5503.926813267347 0
4862.065102388056 5305.137047231607 0
4985.331993657668 5497.739772269717 0
5094.317393713814 5301.325879940841 0
5216.100278412116 5494.35524278583 0
5324.802091554856 5300.379104265365 0
5443.42733123997 5493.57087493787 0
5556.460083096107 5302.632353462557 0
5671.468589986646 5495.348882992628 0
5791.83805904769 5308.04417231368 0
1014.246125132579 11102.88663039187 0
13704.87584864298 7807.427987674053 0
13934.21153520024 7802.314832132244 0
1038.618540248054 4402.641062742091 0
1019.22696769497 3606.372044830482 0
1129.155716397293 3403.928921596947 0
4867.658265806404 8626.365894623907 0
10132.19381250525 4783.545935297519 0
10009.02785365291 4586.28875513106 0
3098.41408301636 7000.660785600421 0
960.8795520919728 1216.039886106832 0
1069.453216249238 1014.011671017843 0
6666.100431691772 6469.072431650115 0
8333.502907033642 6930.91539289584 0
11707.97734491866 7023.502968623125 0
7282.467059626866 8354.010526539936 0
13990.48312743841 10191.68215443067 0
13879.90472408474 10393.86183520497 0
7284.336050924293 9157.886537504181 0
7050.128621554732 9156.879493813114 0
3039.080428224733 1566.454073674034 0
3159.534304091101 1762.282538658988 0
3869.232428133878 2541.512529871102 0
3639.297632594504 2547.076957455662 0
4099.172665302782 2535.939030953801 0
9530.864755759929 11295.69685316163 0
9420.715480273611 11497.60492024116 0
12237.17764167536 1344.545772207195 0
13654.52431672342 2902.821674846058 0
11677.2174558971 1954.26535742116 0
11567.11693402232 2156.094848980306 0
10121.05738765334 4382.623421078251 0
9886.469006486011 4387.517770889885 0
10661.2625363633 10471.37624957218 0
3015.863433996614 8265.481958456923 0
1493.149338367194 11888.86454212386 0
12220.17801480556 8045.230761994132 0
12334.93877172278 7844.521878155993 0
12185.35905696964 3934.256822869832 0
4036.42985774899 12622.93790944435 0
5569.655127539409 1504.685955974764 0
5449.901368573855 1308.853115970359 0
3347.453879492225 4745.787961932263 0
1198.101329555607 9102.797852089798 0
10622.84798640717 8878.431872161118 0
10503.12549524989 8682.126476901256 0
10273.52780805131 8687.656654134273 0
10383.39910845837 8485.784077370457 0
10154.00545626815 8491.145845931205 0
10263.64733062524 8289.328180972654 0
10034.56663370943 8294.387402499178 0
10143.89830795625 8092.618482356198 0
9915.304930802044 8097.171993203986 0
10372.89489672311 8087.975054695632 0
9805.825903336268 8299.271267302756 0
9687.470429795269 8100.515907660241 0
9578.061311919093 8301.504570639616 0
9460.68512155562 8099.994607743238 0
9570.306552377804 7899.807552571818 0
9350.500650302503 8303.401483891677 0
9343.45029459191 7894.200689449357 0
10252.59135111711 7891.369255647567 0
10481.54850625943 7887.719989614909 0
4767.986174311579 9223.060246377363 0
5001.830413525543 9221.033685359413 0
4536.202637420393 9227.304952821607 0
10602.40280067896 8083.034210892748 0
10711.30882434353 7882.790728230023 0
4702.243420757582 11412.58029597394 0
4472.321071913782 11418.11101759319 0
4932.164697848516 11407.07077719442 0
4362.150816569734 11619.98495182972 0
4242.390943334238 11423.65389008531 0
12519.98049725219 11223.37692244348 0
12630.12450301407 11021.46734452278 0
13668.0499810655 11194.91319874546 0
13896.11973666624 11188.56637602624 0
11515.49783860958 13034.02034278138 0
2674.527828681194 5556.875910397409 0
2443.833935810113 5563.741585911635 0
1295.927115464936 5592.538479470461 0
1066.053500981944 5597.960037245284 0
14014.48821202749 11383.58559630984 0
14011.50839563488 3490.165529684603 0
10393.41725004987 5569.278814802329 0
10617.94702346868 5564.953161819749 0
10173.34298191742 5573.085892141792 0
14051.69555390793 5085.267755933033 0
1759.063103898941 998.9227110609586 0
1987.134353397272 994.2055667176784 0
976.5240930743375 9105.290823216747 0
4727.444029171931 13004.501094265 0
4959.731164403179 12999.23652541857 0
14046.89819448047 12581.72232109742 0
13833.72325614778 919.3200809765206 0
14122.53047915562 11181.51422820303 0
7601.321708945979 4849.200488995137 0
14058.29818923818 5481.133866290668 0
4265.217667639261 13014.43621147492 0
4034.932707977526 13019.19605808281 0
8381.106490089107 6543.045954280609 0
6618.897295314482 6856.959200359461 0
947.6808989549991 5401.53324347029 0
6441.456649231993 6408.393449203448 0
8550.93870207794 6994.968006392884 0
9455.969054944082 7698.16853285549 0
9218.11717810845 7672.690568775696 0
9121.193279863277 7894.565986593688 0
5564.035694721801 5684.537389994764 0
5779.002612218452 5688.465823370907 0
14100.870897278 9989.027206371215 0
909.1770910079972 3808.662496427706 0
5718.343467727304 2895.251519641131 0
5838.16771796451 3091.608904372716 0
1722.828037812091 11883.07063389136 0
13244.08868185512 4904.793456822311 0
10220.66286733681 11279.00834430438 0
12625.9439476174 3126.619675442718 0
4387.694796025562 4919.829745590232 0
1359.229675424586 3398.740540503924 0
1239.541766111151 3201.78345122977 0
1009.364577282226 3206.376246435506 0
1120.271658715624 3004.46713192698 0
10826.52835033207 12656.30094155381 0
10714.20986177627 12855.53367749015 0
10829.25556629354 13048.02000211012 0
10600.01346580349 13052.62845267618 0
2953.694609833919 10458.60150956531 0
2278.984456334959 3376.942499379582 0
5929.001060202865 2093.190545312485 0
4267.702947792055 4723.5253117879 0
10809.87931981633 11862.40751841334 0
2283.177668437462 11271.79856014821 0
11532.84530331672 968.5117144148669 0
3132.665974989965 971.4014680161383 0
2903.139583884165 975.976819267804 0
2796.338706126581 1175.639258672306 0
948.4169502155837 8316.685492108656 0
1058.979597415172 8115.256572821392 0
1287.540604160638 8109.185021658123 0
1168.453437770743 7914.227194762945 0
1397.325804546598 7908.49510047154 0
941.3606602057553 7921.463704677624 0
9682.991843326596 13073.67812750953 0
9453.213837506071 13079.02305180364 0
5948.518166447075 9253.052139314545 0
6182.739643191477 9267.283546897077 0
3116.289891530769 13037.66511237947 0
11994.18509386819 959.0449684211881 0
12224.3913165788 954.4125507074589 0
5712.397356428077 9240.277393313572 0
14059.64980899121 920.1364398094797 0
13949.88353217644 5679.696118188036 0
13721.05446225759 5682.817486616282 0
14110.25932237345 10388.92095774979 0
10360.63691492085 7691.558797406793 0
11975.27973805364 13025.19128602236 0
12205.11724384538 13020.41932641899 0
1278.350337072073 7717.153217353651 0
1507.447198080586 7711.921712583216 0
925.5203530840347 12103.60977492871 0
1034.259335136087 11901.18089478514 0
8294.574719830425 8138.099238836504 0
573.5926500664635 6978.009041534249 0
14413.22945256682 6998.904899142919 0
7047.611591565046 8747.234877730487 0
5565.926012579637 8040.482807674025 0
3822.290184450026 957.2234101466875 0
4052.977066019151 952.1474370993083 0
1513.905068054474 13071.23478989737 0
1287.487895187659 13079.00867822164 0
863.7783016335322 1815.900361315821 0
984.0230926333732 2012.218741624455 0
11995.42745631979 7657.449730833175 0
14110.44744065891 2893.22030995216 0
13993.08847468128 2697.227067936924 0
7521.755832048992 9151.568263069619 0
2673.474083647282 980.6356466042701 0
2929.606773072872 1767.788741987295 0
3049.72464369817 1963.868946190593 0
6647.727855919766 3271.413214851565 0
8988.965953624598 12702.02342980338 0
8869.569898839454 12506.47586449606 0
8980.079953513432 12305.16473680671 0
8749.959607973013 12310.45216820923 0
8860.276504884539 12108.79971012958 0
8472.308634879333 10325.15627349283 0
7237.991057341828 3854.707713906579 0
3345.466697005876 13033.05338570872 0
9678.96268648707 7702.635347889809 0
12927.30425189106 1327.289719572122 0
13611.03013588972 8805.521768214094 0
13840.1846139085 8799.320073828196 0
9722.60764891848 9697.39998839391 0
11816.37196718373 2946.961529468258 0
3935.357120888333 8243.326664543665 0
13296.41533526102 2313.507834550143 0
3346.525762524222 12638.66700575227 0
1350.025275029574 2999.920547233966 0
1230.999781504848 2802.953671799188 0
1002.012847020095 2807.06014958265 0
2325.87063344422 8282.35456986343 0
2206.06203176902 8086.395667780909 0
2445.66008897963 8478.534553269925 0
10742.57520287233 9074.742903705854 0
2767.73625917705 4560.549019831453 0
5679.796768214555 1303.779570707743 0
5560.093952078875 1110.106018691205 0
5330.358289524776 1115.769635804784 0
5789.885157463014 1104.519706687995 0
3198.713823556622 3354.696670394999 0
2108.127939307637 1190.495370428459 0
1919.739765565964 2787.790705031703 0
12449.22979689155 8039.055664449788 0
12562.60060289226 7837.118326465928 0
12336.6636060586 8240.478271734037 0
6259.431666142545 1487.876796075935 0
7428.258918304644 2256.04582015608 0
7658.210745216464 2250.505648632587 0
1627.808079651724 4986.599872585899 0
3322.670696049527 11445.88677688282 0
11600.25756281741 11245.63027145329 0
3384.668385479878 9252.776721322181 0
1894.935964782178 9487.818208302211 0
8022.242034256499 10734.45456399041 0
12591.6200099614 9428.461913706331 0
2761.921650121243 12056.88553747554 0
10732.90339692897 8676.542976370476 0
1171.527277278199 12887.32454326515 0
1060.459772665443 13084.52119117717 0
944.7359944155302 12893.92246209426 0
835.4618113102765 13092.38299466586 0
12409.82789150747 11425.28384105941 0
11921.07010889006 10241.64928831054 0
1603.180029177143 11686.88364057007 0
13855.18131629057 1704.352739571799 0
14083.1908296245 1701.270932780331 0
13974.6956760869 1901.507995286546 0
3681.581114526075 12034.76656586337 0
11552.08830806851 9254.361296471263 0
1083.676255571577 9300.817660766788 0
834.4778296352388 9287.474033965951 0
9912.236361836662 13067.93883821034 0
9999.663865165308 4184.201267051307 0
9764.876582620065 4187.476537467575 0
10232.61297606939 4179.832073908107 0
10025.42490305592 12871.29170820242 0
4582.456501847042 11216.29158187463 0
4656.303852096047 9424.480351793227 0
4425.263850211209 9428.592666380016 0
13310.16284366576 10606.54909526142 0
12127.37029350835 1545.277618439008 0
972.6430548753365 9506.189427815205 0
12639.75014202284 11419.71807000648 0
7413.177196427774 9354.426027925314 0
8686.34507712911 4317.92665804678 0
8920.091910118908 4329.929246685643 0
7845.545880097532 13126.41544896092 0
7615.217288411939 13133.88404812224 0
8075.575773177989 13118.60716418385 0
7497.3840291997 12937.57631209997 0
7386.219647524066 13139.34485847812 0
7268.070254106945 12942.97552109966 0
7157.598635412034 13143.5870133145 0
7038.848437269728 12948.37718820884 0
6928.787874542927 13149.38025343428 0
6809.503576379562 12954.26879874751 0
6699.553611738538 13156.07569109252 0
6579.965915561255 12960.37602962092 0
6469.966104882344 13162.49030622374 0
6350.27624130662 12966.38899484505 0
6240.190628649486 13168.4726056398 0
6120.367469941907 12972.07090820713 0
6010.075195783013 13173.97686851476 0
5890.269636366968 12977.62275217375 0
5779.461203433854 13179.41257283728 0
5659.522471183959 12983.06600965807 0
5547.198038637856 13184.6656296053 0
7482.825123035587 6040.117391152367 0
7515.929589817865 7359.079637066523 0
5440.782762148287 919.9344997986942 0
5211.189191734084 925.0972732326878 0
7712.330877971174 5050.336019354978 0
3348.369930063602 7658.609182006132 0
3578.804228357189 7652.737726260985 0
13144.42036925962 930.8978287380656 0
12914.04486115592 937.8522830605555 0
4878.598842381836 5693.367997979127 0
14176.62690621832 1109.9548323084 0
9648.298713001133 4392.7628118531 0
9528.429431252307 4189.13571642951 0
12113.9321948465 5724.641172276866 0
12343.99020363525 5718.612322609504 0
11883.59158327756 5729.406745833065 0
4406.399294913128 5716.128012121078 0
1183.928029127037 5794.713773031422 0
1411.325787538869 5789.91805247294 0
954.5956514607293 5799.800867663422 0
8539.925900789925 7584.354310230407 0
6459.371661585392 5816.030033276564 0
4494.491314340515 7629.319356893893 0
4268.111505259668 7635.762644130455 0
6819.336888615124 872.4909796035196 0
6589.634329239431 884.405562888665 0
7048.840912317275 859.2528512367218 0
7169.190986919139 1058.383623783885 0
7279.340943512989 849.1462012389447 0
851.0055877358046 8912.273905325115 0
5434.333433658092 8229.54241335711 0
9554.004936874 5153.230584989567 0
839.6451992876605 1019.407472740002 0
10504.29596163066 5763.932805277157 0
10732.17764710674 5760.550202024964 0
6058.707946107264 9452.069473048581 0
14167.10963465841 12778.17796320711 0
14057.61880864641 12979.45466632038 0
5119.02566213656 9020.421376036673 0
13840.03492548336 5870.932372419311 0
6354.807989191626 5659.27673579972 0
6428.043055316563 5471.671656024547 0
6284.683952518764 5837.902851302087 0
790.3135812503253 3612.811070290171 0
4144.430940064896 13214.37955221062 0
3914.278761858836 13218.51456449294 0
1388.287663200727 7522.1485667293 0
816.8489212221726 12306.18845259725 0
13479.17870939611 13192.24976306411 0
13244.92683691292 13197.0484058186 0
14203.03274987696 1898.963747300525 0
8813.942926293432 4134.32403833625 0
947.7923026057334 817.2242561435608 0
1178.219038953675 811.6693578210723 0
14176.88598654489 5673.307320439461 0
12450.48723021922 7642.889234979639 0
12676.26601459807 7633.590184029887 0
2561.064345918455 5758.333911248342 0
2792.886933010594 5749.916196003813 0
2330.336746504886 5767.687488770713 0
9796.436428745426 13260.68737923209 0
10025.33396395291 13255.73919423352 0
13817.74388760489 7605.650472277353 0
13588.02850487857 7610.294652182454 0
14047.18975444058 7601.013608665076 0
14163.14089996216 7796.767418733356 0
805.0748872303081 11907.7489179962 0
743.5429139181733 9515.767979260751 0
863.8916203717881 9711.854316912897 0
7625.439019164412 5843.60151924142 0
7376.237828417973 7552.181137253889 0
1398.446342225993 13264.28186045296 0
1625.159702049197 13258.35900707331 0
7964.612831789559 13318.36732751223 0
1159.331125593257 7528.985451715607 0
14282.8944748722 5476.855582138176 0
7275.555797745447 13338.46601891519 0
12086.27696626057 13219.64386889808 0
12316.14524051373 13215.31596219544 0
3460.015033375516 7458.543850471135 0
9565.253527012239 7511.737737993331 0
9782.408431534657 7507.44812241638 0
3759.089017521935 2743.412806281097 0
3529.156426939006 2748.975202121792 0
3409.364276859151 2552.63915521566 0
3299.222990948331 2754.538494583463 0
5268.321605256433 3304.528399379808 0
5148.427685262004 3108.231282279825 0
3179.428492261734 2558.204079584792 0
9300.931624503255 11301.25947545333 0
9190.782801038853 11503.16828106428 0
913.6074597310559 11705.13085389719 0
12357.35331925477 1539.746549043764 0
11797.06854498914 2150.510594143835 0
11686.93716102757 2352.388730098766 0
11457.00090422519 2357.954458572089 0
12434.97227149631 13015.47584118491 0
12546.60725919918 13210.87823682086 0
1832.984580657692 11681.21284638063 0
12674.13437055348 5117.576103174997 0
12793.90497528546 5313.130680078923 0
10690.13628922033 11666.10516439826 0
1713.280085331799 11484.90346841347 0
13730.81804979911 9001.591231826438 0
13960.36791006156 8995.262518102387 0
14069.13885002268 8792.573921240062 0
14190.50122051736 8988.508261508538 0
14080.56222964079 9191.564377999734 0
13526.21398362885 2308.172998424338 0
12677.92004228542 8032.567125328818 0
10596.84947377122 12661.60570194687 0
1976.167867753287 8092.091476823673 0
2086.226221129498 7891.673376666362 0
2316.121935775608 7886.155074456923 0
2196.197290252594 7693.559987624847 0
2426.104542289734 7686.571363975705 0
10708.14246725653 12461.20722944134 0
9090.243611043488 12103.28288788412 0
7547.855913176201 2452.585291371164 0
7777.731604537551 2447.061858232665 0
5388.322133319289 3500.792939714149 0
3791.996470072196 11832.95315685385 0
12755.34752365696 3721.215582125693 0
7399.49568580445 1050.94094963632 0
7510.077542599647 842.4278957710277 0
2214.465827700496 5570.253340980395 0
2100.206314073914 5774.031487954007 0
3629.585958637593 2148.918573390437 0
2374.056381019359 10273.37294502607 0
2263.923341525346 10475.28160479693 0
2484.195912056316 10071.46611516983 0
10844.81814925339 5558.662234918047 0
10962.82815493093 5752.845421508764 0
1212.252343942665 2007.296528626324 0
4841.41046786868 4510.414274099001 0
4719.558051410695 4313.884993708116 0
6499.010022384075 1880.093888780098 0
5100.397780004486 1121.443351182985 0
4980.68593455229 928.8666692571562 0
9696.237517864331 8500.493564891925 0
14094.38835485713 2098.557366381102 0
2915.165775742779 8865.591340839313 0
4176.607926399867 1144.498389000585 0
4284.41155052348 946.6690041709653 0
1103.346354353048 2208.488800832238 0
876.1940065057147 2212.908026766986 0
6068.085256807208 3086.053543958699 0
5958.045778106015 3288.010124714866 0
3911.452172958678 12029.2129963243 0
5437.841322014329 5106.792979482424 0
4973.549062812836 5106.111544907617 0
13926.430343277 12385.26992866404 0
14154.48403963912 12380.39383031098 0
11397.27363959125 12444.79439267073 0
10239.81924421898 12075.33025726934 0
1315.56302228057 9299.989025775638 0
11763.65520780657 5535.461239988033 0
11652.71267728988 5734.243494618207 0
13080.31647423005 10612.09668952598 0
12960.5543578528 10415.74793264929 0
13200.08708216559 10808.43219081015 0
10832.71566794645 8076.988215225903 0
10942.41845036218 7876.046134696864 0
10819.23844872795 7683.796879865033 0
11052.84559659997 7672.850341101635 0
13777.89969195316 10993.17285844671 0
5075.479631988341 12797.62168500001 0
3008.028278660055 777.6105744165891 0
3237.130492631177 773.7299984469746 0
180.8395901437011 13439.55265206499 0
14831.56871845421 13428.61925572831 0
13610.81484493195 5874.36179230988 0
14227.42041566602 3087.91384120037 0
14220.89036822776 2694.167425164597 0
5684.386027272482 5871.318889396702 0
5466.856976924651 5873.115527109258 0
1865.291062413196 797.5699844134035 0
2092.866664825344 793.4383867172406 0
7831.813330464005 4854.074578749615 0
7717.076475155339 4649.045828813079 0
4839.202790619512 13200.73012475786 0
13943.28499593847 730.1218189656004 0
14168.0730262487 734.8497793341676 0
13713.41672606208 727.90815180598 0
1617.23281301234 7515.447829849669 0
7096.283549549225 5943.637373151226 0
7903.835953094899 7455.171059909406 0
5668.792803641765 13381.20153420197 0
3927.063757384899 761.1564005700609 0
731.3273457327407 1221.013659980831 0
8193.392595653155 13310.36842551692 0
14240.4290495536 11374.83185749762 0
14345.93911080895 11173.4691320236 0
14231.52503280703 10981.13837782555 0
6290.84438846328 9465.760766203213 0
6415.258131845761 9283.157205207515 0
6520.895932138691 9481.881208519568 0
10712.67078706359 13243.17779096237 0
10941.11624573183 13239.10904374107 0
719.8434880133066 12901.76350198172 0
8580.034366164278 4119.9488120035 0
9389.009448615767 4403.68075356568 0
5322.735708374023 733.8389782263462 0
5550.756682932803 730.9297317078273 0
680.6878842419369 11712.58607857195 0
14275.18631445788 7596.005226957383 0
3226.109372525179 13230.64506274647 0
2996.919348343448 13234.41657688072 0
14393.51613443149 7790.930310442383 0
12101.12027135884 763.5810825836053 0
12330.88491387969 759.627506976533 0
6936.711939797065 7349.434491439049 0
8059.140566076701 6051.324052322308 0
3229.601080080368 7459.557990259853 0
7158.424131868358 645.0162243301684 0
8642.610529948484 7731.899326976262 0
8718.034782119923 7571.523716182177 0
718.1262916070706 823.6776416413347 0
4020.195241163913 13413.07520421643 0
9050.919865473255 4149.741176889094 0
14287.69332553892 12974.102335388 0
14172.20979187956 13176.9580045965 0
14397.39247053566 12773.60834085428 0
13703.57147676305 7407.797060588122 0
5692.722076912038 7851.715319475243 0
5469.340811100928 7837.239261369211 0
5588.618464349325 7647.323587282521 0
5369.202593432295 7637.031451548789 0
9304.464787288925 5546.78158454806 0
9526.825537713368 5559.727968421408 0
9409.787038322147 5750.977282447921 0
9636.453121614988 5762.538223121119 0
9545.872480852053 4597.351261748636 0
680.1546577408345 3814.722551531121 0
14310.95583824112 1699.236706076093 0
13019.50631655019 744.0170444718603 0
3690.914319071207 7448.110630090823 0
1065.362785991151 5997.739546073652 0
5487.558970770971 7449.238870348627 0
5706.567728068765 7451.812412798172 0
5264.580421505748 7436.370370292613 0
9515.687728352745 5948.394308448258 0
9288.321806182343 5947.553665061858 0
1055.895773486374 613.7069977436857 0
14311.24225691334 9185.225625636471 0
14199.90832241888 9388.253024562135 0
14298.75089013352 8784.872840466089 0
6238.406786336463 5500.962910855048 0
6295.693399186363 5299.493162832198 0
10924.03251591571 7487.154437755049 0
11161.35124205119 7469.085476799943 0
8445.181449066255 5501.152365503967 0
949.0613610512028 13279.67285537477 0
726.4769139327605 13289.45915161974 0
5237.132556427339 9221.916440001411 0
5121.159863732825 9421.206204889881 0
10056.42798500155 5379.925402095174 0
4940.160246372976 8013.279733122822 0
2306.041933580935 7496.56254384546 0
2535.836989991672 7489.672070421472 0
348.1504830954415 6384.556954699858 0
14655.69940663226 6421.721479932552 0
197.0954367237109 341.379310345444 0
14818.32344794787 323.4746280582024 0
6460.154503586343 8506.018024856308 0
6569.024540786472 8712.927228903089 0
6695.385907172525 8526.353125561178 0
12234.23795306078 5909.155065041159 0
12464.16727181465 5902.165744044376 0
14322.48091800696 2096.100832194516 0
13475.25032604297 7411.560527445232 0
9661.287459139785 7326.991118285006 0
9749.215660289776 5960.444176077971 0
11773.15138109302 5923.241662114036 0
11539.75592945508 5930.851995280333 0
10821.85530471761 13432.49305211891 0
9015.609646588231 4528.100929791455 0
7402.686689151655 8158.363688641899 0
7165.559426107866 8155.916075420069 0
7592.033818145152 5242.89089576691 0
7817.883306883658 5249.386932205682 0
1284.947597673314 608.3891982631397 0
5528.082735238093 8433.624753750182 0
12564.71507955617 7437.444158419192 0
12792.2315229357 7427.352887128323 0
12904.47889520311 7625.905479165384 0
2445.38259356868 5967.208397552579 0
7984.352714903167 9141.156684138758 0
7645.029265908092 9349.221239516304 0
7540.49095103311 9552.97779787203 0
7321.468276274371 9561.586091955036 0
2819.814323833376 1969.39710591816 0
2699.720923606822 1773.269999639486 0
2566.625584867147 1180.653601157279 0
3419.009791382089 2950.880936676753 0
3189.076945638578 2956.443873879251 0
8758.983377580564 12707.7374120921 0
8877.325990733565 12901.14643180048 0
8646.829603262195 12906.00927212934 0
8764.048181562375 13097.00130889751 0
8289.860656650113 12321.34529968545 0
8630.273490274009 12114.27038983852 0
8740.50839123179 11912.48372631625 0
6658.204606371566 3670.191955132818 0
794.1538965453592 11508.33835176827 0
12247.26682118253 1741.321568386656 0
1133.92763101861 11299.744974985 0
8462.964272941439 9926.972803055502 0
2076.215228680549 7504.083590519476 0
12665.4549561822 13010.52854687746 0
12778.1774035782 13206.3436086656 0
12467.14814839741 1339.176354679084 0
12587.35347202395 1534.009973265417 0
10929.50020697108 12058.60231912771 0
11576.79790176261 2554.280266571931 0
11346.86529401705 2559.839781443632 0
3454.871515620923 13226.48104266422 0
14133.81187459981 11579.0168674661 0
14363.04049743634 11569.19308965403 0
14253.24943817144 11776.58673604182 0
3804.205405281639 13023.68980186751 0
10112.26905630085 3982.079305610278 0
11870.36932906421 767.574845903619 0
1516.689469647856 8103.262247539993 0
3809.240699964885 7646.012470866381 0
3924.836363586198 7438.436462942559 0
12789.71086487311 750.0161459877381 0
4605.945789145994 13205.5465943159 0
10483.33042699243 13247.00221889996 0
13128.96155013023 13000.57918448339 0
12453.87221884192 949.7399637607468 0
1373.457049109213 11692.71150932863 0
12683.83784553203 5513.885359260682 0
12913.61468233188 5507.162031111169 0
12803.65587186765 5706.010832768914 0
13033.21775113732 5699.276560700488 0
12923.28230469773 5889.133466332105 0
13152.40666860565 5882.74420909261 0
13416.01051921865 2510.012255078496 0
12189.43902185394 11829.06409943266 0
10694.66750271606 7496.328977972128 0
10072.11119763605 9888.005313629794 0
14279.38579268896 7994.012852480948 0
4155.696153919835 7839.344987836312 0
3863.823624897032 10038.28389527781 0
2393.323648463062 11069.88811230681 0
2163.413707968726 11075.45027270928 0
13249.55378005839 737.935593198391 0
4177.854183156425 5723.389246863117 0
4298.961186642264 5920.104986518934 0
4069.525563255524 5928.91919521859 0
9310.566466913082 11699.51328564029 0
1948.535688728701 3982.669843632685 0
1460.392265168261 2798.209525906721 0
1809.585950995782 2989.643332090131 0
11806.7379772566 2548.708878656752 0
2555.817559446839 8276.754042504193 0
13262.62152660439 5692.641351817919 0
3763.27405996351 10638.31641147483 0
2719.567135476895 2569.325467602045 0
10856.5266010507 1377.580549049058 0
745.7191231575299 1618.498960157453 0
635.7702712946734 1819.783593902525 0
13360.07595131467 7614.842677309478 0
3696.425745952116 765.6164428250231 0
2939.742751928918 2165.621601367783 0
4538.336550816546 5899.788261938328 0
3672.324468789067 11636.64577978692 0
3169.683127551706 2160.059536399708 0
4918.478135482126 3113.796854369192 0
5028.586030112831 2911.913540199318 0
4798.642770256132 2917.480306074549 0
4908.775139062505 2715.582555038528 0
4678.83646963415 2721.14829340226 0
5258.523014940734 2906.353266974159 0
11227.0675921091 2363.51385237858 0
11116.93743603181 2565.394673811285 0
10997.13515752015 2369.069622795398 0
10887.00230298832 2570.945119617316 0
10767.20631641524 2374.616857253587 0
10657.06343304254 2576.477322511079 0
10537.28362564762 2380.166421111565 0
10427.12050170678 2581.992892500002 0
10307.3529669763 2385.715175578785 0
1929.296818109548 3186.091100005272 0
13108.93000129502 11806.77602770465 0
12462.58416526375 8834.01543798913 0
2493.838484386284 10469.72194299404 0
2758.118537412533 4162.327957272941 0
940.6247033073674 5002.999614219746 0
821.6695322194529 4806.428031265466 0
714.5360289823731 5008.129400627638 0
3570.70590355219 12236.41841314888 0
7289.237926717179 1257.346008672231 0
1331.805205190723 2203.630120512847 0
3597.204020082588 5537.790882481011 0
3717.722607673396 5734.903910001207 0
3486.41546348775 5742.076812087615 0
798.7431428591859 4009.373655715333 0
7629.811925346043 1044.915857168573 0
7740.48121888788 837.37931238163 0
7621.167173066442 632.1931419796786 0
7851.301867208938 628.473811832303 0
7970.43198918974 833.0782957585459 0
8080.810457262389 625.1534104085868 0
8200.030565337236 829.0523260375812 0
8309.952878722288 621.9877502421114 0
8429.413050303196 825.1389826660129 0
8538.911923603297 618.8435366127184 0
8658.703891709732 821.2943814143839 0
8767.837521130226 615.7985258876536 0
8888.005399932681 817.4764458455734 0
8996.82214839436 612.8316388150215 0
9117.417574703106 813.811887238249 0
9225.972596038657 609.9847378760533 0
9347.010129259324 810.262897148969 0
9455.455080223763 607.3851192423474 0
9576.707772349902 806.6492380583561 0
9685.233818872504 604.7304841103141 0
9806.10278385357 802.7276511223828 0
9913.846010393845 601.0736147359933 0
10035.03555862271 798.5322320208211 0
1804.257392524305 10486.41060195603 0
4037.415378966267 4729.111888895868 0
4147.613364985109 4527.185255295441 0
3917.427903919843 4532.76787359509 0
4027.636504646531 4330.844640987049 0
3797.65827355975 4336.418491297133 0
2455.289375643859 8876.701359319262 0
4870.048567155058 1126.401022684384 0
836.910335383412 8518.857880684787 0
723.358236277758 8324.370641595424 0
1848.010891183042 4582.824653510159 0
4305.230202372466 9231.946281022689 0
4194.739986662955 9433.343674471787 0
7088.076103205389 2463.645994677123 0
5799.576403433703 1499.168654223435 0
6278.71680165907 2283.959605581268 0
2288.617602470522 3775.199919263764 0
9411.081718938896 11099.35166338295 0
9181.149401433981 11104.91444700899 0
9291.301186060113 10903.00830920489 0
8089.793158743476 1035.028590539905 0
2944.05970975701 10060.34719502568 0
9895.566980346501 4792.358554649106 0
4407.690676049524 1138.507160869214 0
13020.30066743167 7420.567395902342 0
11001.34014807594 10263.901140496 0
1655.71835243032 9094.537972859713 0
7378.7637252047 12741.53485977184 0
4749.363092633501 933.2923246400135 0
4860.283709094663 736.4203342538576 0
4626.921538380161 743.416671669706 0
14176.00466262259 8590.192749315627 0
4568.697324876762 2923.050150133067 0
4149.069229361438 12421.55896980372 0
12850.41454841188 10617.65484816445 0
12730.6405169669 10421.30811217364 0
11073.98028397165 5552.265039359969 0
14035.08322166737 12183.48638392741 0
14262.05244039335 12179.32118681963 0
13023.7261532675 5307.207722739696 0
10197.19706084952 2587.561739931415 0
10077.42077685898 2391.266777479053 0
2675.615978053678 8472.984281721114 0
2546.104754045104 7880.32182590422 0
2522.69848434715 11664.45232370784 0
2292.768759367404 11670.01190134584 0
4074.79242814717 9236.848530049656 0
3964.515101008362 9438.434057170367 0
12113.35021167441 8643.427084877141 0
8993.938714076208 13090.85041294514 0
8879.251437152983 13283.66654087678 0
8650.435599434877 13292.35173688514 0
9108.399335848633 13276.59737001513 0
10044.09730538119 8693.17448009601 0
6187.968353037531 3282.479074025146 0
6077.902605604077 3484.461350226475 0
5848.095297104067 3489.968140976571 0
12664.49355383201 4719.59910696117 0
12529.56673900782 11621.61576589274 0
12194.99429548541 4332.508348694316 0
8549.043141981634 1026.110467146557 0
11533.44018900004 5540.816307708346 0
4257.632175583547 4325.259976331261 0
1554.849415086967 9694.957863810849 0
12343.70372514052 7452.346514463252 0
3844.648509757592 9242.002083847345 0
3734.458276891685 9443.748842201585 0
9237.83650355274 1013.185426669822 0
2412.433905194463 11866.24380318352 0
1952.627492679976 11877.38586579351 0
12840.78611970079 10219.39796415159 0
12610.86249371312 10224.96096047129 0
13713.21259873657 13187.22326737403 0
13596.29477543672 13389.68846292329 0
13826.03900885741 13385.46013001682 0
4084.346489506182 9634.896835495027 0
10343.9821143741 3977.754991741405 0
10464.21538656785 4174.769493662626 0
10574.91890587678 3972.76660031297 0
10694.99616098506 4169.412744514297 0
6690.041933365553 12758.51894020553 0
11856.30578005923 13223.60585783227 0
11175.06890840232 7868.724104143455 0
9967.263838624573 2593.116448767621 0
9847.478276589627 2396.794939400311 0
9737.307655496681 2598.587555610933 0
9617.533881464429 2402.328559166484 0
13980.29873102656 9792.801938925562 0
14209.40035173201 9787.081256502155 0
14333.62660367054 9981.493924488264 0
12510.35256845338 10825.12474821221 0
10699.59465009925 12064.14977629218 0
4545.091240610258 9625.521333558878 0
4776.017293903885 9622.06744472741 0
6230.520830306059 12770.14433733563 0
5770.432379990301 12781.29755138892 0
12721.01173665079 10023.05065604426 0
12491.08310622836 10028.61461893491 0
12380.93361629619 10230.52374439169 0
12261.15130551594 10034.17762889543 0
12371.30187146191 9832.269581073409 0
9507.334759399419 2604.061703876422 0
9387.575736455328 2407.862144851087 0
9697.442341491032 1004.713722767539 0
10805.36579762691 3967.458189600255 0
10925.30179046193 4163.927199882743 0
11035.52986888374 3961.998304622767 0
11155.3845756715 4158.39181681087 0
5074.392274784077 13195.39568366625 0
13539.89084441083 10601.03764644443 0
5539.108176008571 12786.7309175431 0
9277.33156178955 2609.565101076833 0
9157.571756310512 2413.349161415387 0
9047.266608716356 2615.04573972824 0
8927.526845621556 2418.83213736889 0
8817.082098191488 2620.485207523277 0
8697.457911100155 2424.362257253843 0
11265.56224307156 3956.477492669055 0
11385.37657468374 4152.840143973435 0
11495.53590634008 3950.932078589783 0
11615.33156992641 4147.282961839674 0
13998.44205284876 10590.50843688967 0
14226.91078088059 10586.2609034801 0
14342.32410465223 10385.81987086013 0
8586.882709247784 2626.118399151955 0
8467.413636745945 2430.023890954703 0
8356.794277545116 2632.096263030968 0
8237.444582737389 2435.787407715101 0
11725.48468927219 3945.376671197986 0
8126.745099425772 2638.114054009674 0
6699.380268176629 683.1005813007919 0
6469.967340776331 698.2268296354778 0
6359.940331085687 892.2093234310316 0
6240.676276894438 706.5730917251906 0
13824.76796525391 537.8887898810245 0
7836.114470109624 7291.708022061332 0
7924.646489489443 7150.664273472591 0
7164.626586799443 6105.239900416436 0
7075.753365358215 6247.094180541711 0
14399.2090744412 13170.7812390594 0
5293.199470600785 8405.279500576951 0
5388.708374029482 8625.501223037623 0
5435.164761557055 13385.88735718734 0
3608.811166518609 5940.200288872091 0
3370.5107517721 5952.889157806285 0
3254.449663761228 5746.501147287147 0
3137.042287138135 5947.722975523177 0
10142.01502591652 597.5091978537689 0
10263.68754037144 794.401108802581 0
10370.00275089992 594.1645543974305 0
10492.410927542 790.3781271625016 0
10155.83816869853 995.3996579352679 0
14400.63220496114 8581.434461582363 0
6819.153170305262 13351.02465807361 0
4386.277801056936 7428.150877517812 0
4604.865494137245 7424.890601587216 0
10612.72080192612 5963.401148249208 0
10383.1567599426 5959.168738303107 0
5354.742936164672 9423.734241437389 0
5239.383057372836 9620.395359737731 0
5471.404639363092 9623.203938414719 0
838.4656604706075 6002.183418667757 0
722.5828149360211 5804.909388753289 0
612.6793090574306 6006.812984888912 0
633.2972618308359 9720.429424113554 0
755.5983287053032 9916.960287683462 0
515.6139381324319 9528.512350172461 0
985.3354338071532 9909.378628565679 0
877.1655504803925 10113.31290092017 0
646.8863688627979 10123.27542710849 0
771.4287306866152 10316.17158628931 0
6359.968347480783 13364.80677880824 0
14287.18334439177 13375.17183108535 0
10598.3834736081 590.974801701735 0
10721.31228951066 786.4650537141066 0
10614.13127832593 986.2908813389788 0
10826.97284264897 587.9008837714788 0
10950.34433229114 782.6876973475985 0
610.0855685364868 8526.218491613465 0
14161.26216305685 7400.8616063997 0
14386.74538275703 7397.512843763752 0
14380.6506820943 12375.52961169189 0
6645.052327444411 9300.687885633275 0
6749.086963051567 9499.648114169464 0
4249.781735897939 13409.55812235772 0
5896.395251032829 5879.865464226677 0
5801.813747374738 6046.740077261541 0
5988.024420707297 6057.727847794461 0
8190.804087317349 416.4080652114085 0
11055.77614137363 584.9609601288857 0
9454.206605608619 7334.078014989653 0
14429.23340984867 9383.122536019704 0
564.6178856823917 3620.695223457912 0
665.5096204722445 3413.560739777357 0
8940.325757408144 3950.206267146197 0
8876.258705015647 410.0271391997203 0
12655.32135727313 13406.50627254901 0
12889.15077456858 13402.4955618011 0
7141.684319944188 7526.635155230777 0
7218.486212791368 7744.131642764532 0
7000.228905029055 7715.50553095267 0
7855.01800779612 5870.970584424921 0
7752.779535071337 5654.230941191433 0
7963.537638700043 5669.283920297661 0
4712.850150687547 13401.94863432479 0
3790.465130911618 13416.37044796939 0
5362.24175810321 9026.746696740811 0
8565.15804726687 7910.729599127544 0
12193.82467267326 13413.82073328907 0
568.5696371618131 4012.214246607608 0
687.4084098978494 4210.185279009934 0
1159.839785696665 408.091374961829 0
596.3268228551979 4811.868455892816 0
6169.79957465339 9648.017881084144 0
5937.790524410808 9637.244600542144 0
3110.773986401825 580.8542108377034 0
3339.621596794821 577.7377353913371 0
2881.869106365916 584.0529504063088 0
7948.807134688665 4652.827092190328 0
7833.443907016583 4447.349692253014 0
7600.887742363747 4447.324628003588 0
7718.893849266502 4241.381061692812 0
7951.522595135406 4246.521601896093 0
7480.295642864039 4246.780617622252 0
7594.234581984582 4041.98570691455 0
8066.18836869296 4862.919982908335 0
1269.622340258353 7341.191520242284 0
11049.89067636816 13429.36132076137 0
14830.39062448211 7137.927351050239 0
201.0464982782117 7144.230334348777 0
9562.216872421541 404.1709509585285 0
14402.18726471512 5668.691245061238 0
14298.80466681226 5865.386929189865 0
14498.39204510958 5473.090637249072 0
14392.84373933337 5280.951095543857 0
14454.57001427864 10975.43495880136 0
7588.108891508968 7585.077875767431 0
7407.842447873355 5815.656359293373 0
578.8861957480638 11914.04531826428 0
11975.44194012974 573.284108075462 0
11744.74229802667 576.2877805308678 0
13729.6087510333 6058.544907400246 0
13959.14322465556 6055.946899393702 0
13592.52180022715 7208.273896949605 0
14510.88626036948 7991.756495794367 0
8624.523722469556 7427.869027077526 0
8788.115144211004 7416.152556684519 0
8702.1853961209 7282.460700405436 0
8850.129781320018 7268.129702972457 0
8945.458628903731 7394.506756304585 0
8999.324062178126 7245.997972492893 0
8763.717239416601 7149.883388229794 0
9102.629695505038 7364.286439383688 0
6380.843617300822 5966.828863073372 0
14434.12717017657 9778.620160738028 0
14586.2120599614 9967.713645793434 0
1968.788206655359 596.7152129560656 0
1740.909339354086 600.2063714282491 0
2196.638011652637 593.4268826952207 0
6720.32003699745 5261.356646542606 0
3103.650611706636 13425.91707150577 0
2874.991203974429 13428.86352624616 0
2767.430443030946 13237.80700287903 0
7438.236840648673 9757.494478927192 0
6542.787593666086 9100.566869883745 0
2589.904751416819 1974.924807646575 0
4788.97941042146 2519.24539532557 0
5018.913387088736 2513.682052484311 0
4559.044298254553 2524.809879013404 0
5608.273474080361 3097.148983981702 0
2320.910309310825 789.5021800749911 0
2424.659666918012 590.3046383028395 0
8305.001106992931 13111.14059885973 0
9061.371783975412 10908.57208219484 0
9171.530518195286 10706.67139968456 0
9401.45974334823 10701.10819524651 0
9281.700959825201 10504.78134110069 0
9511.629512290994 10499.2180528818 0
9391.895429033841 10302.90983924834 0
9161.976249731215 10308.472455693 0
9621.818931469596 10297.34322211203 0
9502.122305020526 10101.061594264 0
6307.873538524428 3478.929453292123 0
9497.759207128529 2206.035472848781 0
11845.27291259741 4141.723527828651 0
11275.23058268231 4354.751204550459 0
1943.135331258842 11479.28892525778 0
1823.40827954412 11282.94341640104 0
13970.4000210219 9394.144223614905 0
1736.761474407956 7705.458305956072 0
10187.54764908186 2189.395943708281 0
10370.11789694543 13056.99300533784 0
12550.59767624166 12814.78198159087 0
13645.56149309118 2504.918024797427 0
13391.35232348342 9209.661808922836 0
10132.36585937361 7693.071825814322 0
10239.60842437792 7490.239529322183 0
9080.630178028605 11705.07034187065 0
8960.850102381566 11508.73122713131 0
14213.96715778437 2295.912617977012 0
14440.85746486353 2292.070712397172 0
4132.209138274231 11625.53730060462 0
4012.454506050851 11429.20272766211 0
4122.613471772184 11227.31812223361 0
3892.684483549357 11232.86677443042 0
4251.885202022315 11821.85416292501 0
4002.83350477949 11030.98923648601 0
4232.75650043404 11025.47766195106 0
2273.553909229552 10873.53975394202 0
2043.667206945399 10879.09809372101 0
9646.292469504888 3985.815410269436 0
9413.968780763738 3980.696991257906 0
14391.03794535088 8190.93457944867 0
7666.903013971955 2649.336212151538 0
13984.74934846336 2299.520200215137 0
13186.23009959708 2515.41731914009 0
13305.84636123944 2711.819426600872 0
3918.984488872923 12426.98072845815 0
3806.109514716701 12628.15086555329 0
1984.929673226752 5576.077074491865 0
1869.859258661359 5779.674581929696 0
2096.287846575183 5373.711042834638 0
1981.751376915474 5979.437455430105 0
1751.037311854917 5984.437031650357 0
1861.021698276385 6184.982036130046 0
4498.716476021526 4717.996165726603 0
6139.631093891276 1292.696304556029 0
3907.816659471701 4134.50265941583 0
6130.011883310357 899.2003445572856 0
6010.056789536775 712.9701999457023 0
2688.195369225079 1376.195077450346 0
2458.489436448509 1381.429983962015 0
699.5396631587182 4609.870550040532 0
1408.750119334083 806.8062944293281 0
1699.379878920671 3191.555680677851 0
1819.130876305521 3387.991410906609 0
4990.016371200823 1320.034819421737 0
1441.298183822525 2002.124394727217 0
10478.42497079521 12466.78395650286 0
4298.569304778984 1338.184457092401 0
4619.613703949432 4914.377715211127 0
7888.125499214724 2244.96596542058 0
11644.07115197536 5341.081441990204 0
7437.144256461046 2654.733870432085 0
1222.339022583105 2404.903045262839 0
1451.198840134798 2400.035714203287 0
13745.96328695266 1905.153154974876 0
10722.88546424341 8278.594950467816 0
10953.07105816962 8272.924984154361 0
10955.12896313462 5357.495102700064 0
1163.779289424848 12494.16062300602 0
4964.492394125564 4707.657125513892 0
5202.025514670169 4702.969715654524 0
10023.88706361498 4987.252509656308 0
3687.516774724304 4538.332848020331 0
3567.720098720696 4341.983657004143 0
11389.25819614631 12047.48041961483 0
6298.033484992583 3080.52508915422 0
13806.72293342581 12188.57624688676 0
9741.562405507715 10493.65519819234 0
9732.031253644243 10095.48337382218 0
826.830002345283 12701.38471692085 0
600.0241619502983 12708.28866438575 0
1363.744776059104 11294.13191111195 0
3772.905636982274 11036.53103193958 0
3662.754575190216 11238.4246912268 0
11192.98946609947 5745.619867006896 0
11082.71944405359 5940.152926021362 0
4664.722639104199 9822.540660988463 0
11787.37542174144 1752.374088560328 0
1324.707001661351 9700.314532088294 0
12759.46168290456 11616.04463384071 0
12869.61818116758 11414.13399127733 0
11169.09966974307 13234.96406192754 0
11277.66775904858 13426.13467297692 0
9627.073349143822 2800.106906010291 0
5356.812813401994 9817.585702833208 0
10367.08176835931 12666.93301250405 0
13549.06645145398 10998.9959600727 0
11179.59499222133 779.0390844547516 0
11284.87576461936 582.1477817240657 0
8936.693914358793 2816.399762806736 0
7236.644619106123 6265.588606371481 0
7145.088037130703 6398.084016278871 0
7758.043801641569 7131.688771107366 0
7849.949141877842 6995.888276365989 0
5379.949686244676 7258.919894626552 0
9158.745358158101 7214.540884806616 0
7048.732127017619 8352.767883213282 0
6935.622053107811 8166.372029551007 0
13042.19082757769 6066.553804440462 0
13271.19593985587 6063.753415673706 0
2646.096317421473 13431.52174663362 0
2538.151880318077 13241.22860095515 0
2417.301060587346 13434.18080092575 0
2308.966803686344 13244.68083580695 0
9907.362552743969 13446.06470805743 0
9678.258855682678 13449.77558225697 0
10135.83690786742 13442.14661327487 0
3343.506172746044 7265.265671087698 0
568.2644708069339 11513.7781499577 0
674.4331635686792 11310.9259953516 0
14452.09646399381 10583.61649449961 0
12892.27735803965 558.4610077878272 0
2415.460803356509 7309.142511248177 0
12663.32882875474 563.0384810199018 0
14484.26816066251 12178.67332845928 0
1506.449940641636 13448.45315428252 0
1280.275183172038 13453.20854461022 0
1733.288950883952 13444.0812116922 0
1852.193715587109 13252.92966401582 0
1960.605462897471 13440.1758322204 0
5912.214876220611 6204.787683933708 0
6079.615440105456 6205.82112247541 0
8765.011753577102 13476.8851895632 0
8536.589028323286 13487.79172139971 0
6626.407726931202 9680.221758368756 0
6570.110569960809 6592.983816020993 0
8429.8894300391 6807.016183978521 0
8824.20139278422 7717.344279594057 0
4505.62028719433 7218.16973798426 0
835.304084969686 13467.05973639637 0
9876.85374256771 7311.134897736222 0
8079.729152369712 13500.79606904658 0
7854.618070725782 13507.7944909666 0
3798.83815318581 571.0835827854266 0
4029.87038187261 567.3484931927128 0
1040.243939125033 7343.773922753991 0
930.0551784620665 7532.041832402901 0
810.0160013862644 7344.894873977196 0
700.1051353200219 7533.643255908368 0
578.487873703315 7346.335893975856 0
11663.88778030979 6106.44154152474 0
13704.17574998011 13589.20673445584 0
10928.17337003161 13621.28689791256 0
550.3453523298488 10327.92381868878 0
666.6502150479755 10514.88642862846 0
4438.72474015505 6095.560239618543 0
5434.611579772876 549.6767387522075 0
5657.157393152076 547.4260561383691 0
5207.006274485899 547.2553471364143 0
13586.30928172525 542.1803208214016 0
6846.509593020399 9694.293570222153 0
6968.937663065538 9519.321611315168 0
9626.546459253464 6134.384897194678 0
523.6283593883369 1621.17955294437 0
390.7820602446682 1822.017116872851 0
533.7621961548907 2023.875890731759 0
6154.698382414619 6077.152836956085 0
6224.330736453788 6204.466653030002 0
5152.380784246767 7627.217605850489 0
5049.793653170917 7423.869215669002 0
9854.019735718177 5764.648813158577 0
9965.316644692044 5952.522995564727 0
4740.917371173729 545.3103699804176 0
4500.870503843644 556.6610699293485 0
11021.25665900648 7292.452274257198 0
2978.998843398908 13618.94033201648 0
4122.127733687859 13607.82555472982 0
6167.525029944045 6317.085516043075 0
6275.782760977036 6303.981783357431 0
10477.08974271801 6169.930093804496 0
6123.021099910016 527.172900433762 0
14479.7658563183 11770.28549631445 0
5560.034669852351 13583.44921153068 0
9787.313079283338 13633.06982524823 0
5789.967388534765 13577.88639935415 0
14563.8511909196 11165.73906001775 0
1385.120855442434 13634.92397885842 0
3235.319424783427 6163.500922958066 0
618.8605919714319 13482.58378695477 0
506.6984489498979 13306.38568297533 0
9344.079510129579 4608.689646708964 0
6051.424373881122 9830.029063702366 0
6996.944271893565 6378.321912971178 0
7053.313070155409 6521.402800766889 0
7206.884642632624 6550.293827658627 0
6909.025028712005 6499.553801208729 0
6970.765051484648 6637.666933240203 0
6847.2117957323 6631.904758475715 0
6891.938025065931 6743.591172737034 0
6781.138549005632 6734.374546248089 0
6737.848054224965 6638.627160052412 0
7013.772621430913 6765.251802095942 0
8001.294139861555 7019.359356010073 0
7942.667872490144 6873.14461433034 0
7788.254249318761 6834.65660342171 0
8090.809789412244 6899.054854837377 0
8030.401534932927 6759.202619699947 0
8153.257081499249 6767.03007720507 0
8108.823008133533 6655.742076177632 0
8219.260568975225 6665.465781697291 0
8262.393596621936 6761.080022352933 0
7992.210085197079 6629.804954057545 0
12813.11874246389 6069.481271917663 0
452.1919246354516 10516.39804488608 0
556.6247205937709 10710.6410121099 0
6578.748623862871 503.8542566046463 0
6810.191681552044 477.905855357629 0
6782.585316364577 9122.075722713498 0
5111.410224779493 8586.922930344128 0
5078.031067158482 8339.173495079473 0
6060.133650149019 5338.615393399005 0
6153.877934238441 5110.401043960681 0
6382.771781421216 5093.65115524708 0
6247.064858857702 4895.898556669592 0
6007.251619032952 4905.206040458812 0
4669.135895306813 6077.127851625713 0
13848.23747172528 6241.725497231945 0
9750.623106064941 7144.142640710274 0
4736.684087917823 7180.916349828825 0
5731.266122280821 6211.708951505084 0
488.0185880592659 5808.71966870124 0
604.8140622195968 5608.689278472103 0
389.4563772452678 6009.429057669407 0
11263.12561901377 7232.823725607487 0
11403.07261636274 7454.248675444071 0
11537.95077728159 7243.004685270857 0
11649.37334490263 7456.859558632488 0
2644.835566839322 7300.135767015183 0
2765.835533451747 7480.690630051384 0
2873.881414720175 7287.455484126584 0
496.5472282253089 5010.88394672137 0
601.9728706306814 5211.441573819524 0
12684.42827622801 7226.031557004637 0
504.3691304816914 8333.098285001315 0
607.9666337798383 8129.37254874575 0
501.2212420748054 12905.47135484958 0
380.8087544815891 12716.93805567267 0
472.5022709634608 12518.29398557265 0
13160.76229754654 6244.570090238009 0
400.6782129919061 10142.22824725778 0
5983.204961833479 5701.365170586531 0
8318.32757502226 6672.490664464021 0
6681.672423637859 6727.509336533684 0
8647.506198670353 13660.37462274464 0
13472.04882309903 13592.55823018508 0
14530.52070176426 8773.047332944752 0
9042.353944615739 7524.331802174454 0
14508.61058377839 13356.6326320776 0
6109.382405268199 4692.823346180377 0
6348.68973730362 4686.406000643345 0
5847.159777570038 4695.534070356772 0
5772.925391601221 4919.55635691153 0
5652.295237810918 4771.595919944888 0
6366.749172103592 6225.619201364487 0
9768.325258901998 5013.187438372231 0
14530.36809159075 5859.085668102676 0
14421.33333341935 6051.571733651203 0
14654.67021552829 6048.499661471084 0
11781.42825576479 7262.396868408265 0
11926.97889668643 7101.689258555823 0
12014.54794985614 7283.860764217025 0
12124.89002817277 7134.322543403663 0
6093.580675160716 5912.792385510531 0
7732.656647728921 421.1419031816505 0
7502.247998526287 424.3325579902656 0
6792.556074657948 6537.614939797873 0
8208.026658689918 6861.852057880192 0
375.6213243176528 5613.605666961906 0
11894.77915382133 6095.333810614471 0
465.0786243647445 4615.567582692642 0
12354.48177809936 6079.900422921928 0
468.2274089919144 7536.39597627181 0
595.7325961626836 7729.932474145573 0
7966.983912208789 13672.19551188471 0
1630.259609759588 6189.266889942895 0
3003.905410750313 6143.808951343761 0
6808.935587724887 8733.727926269887 0
450.8570307168879 11329.90789582653 0
554.8484597681631 11116.06942522052 0
331.1529945265567 11145.54869638197 0
8440.545024229019 7418.945574065932 0
6553.084821225941 5974.973638118825 0
8626.069911227731 7148.551702031526 0
8697.697565575305 7051.200576205514 0
8805.485189740279 7035.445669177594 0
412.6958570177905 3417.143716883136 0
548.2529675472742 3210.965070083794 0
11415.91166020085 6145.506700497748 0
929.6696564343098 412.8913190948925 0
14622.45239037135 7785.364608448556 0
14763.20408575586 8007.210829831911 0
13822.86162195131 7205.392760285542 0
944.143434886131 6200.456421145824 0
1170.521645609136 6196.892829674343 0
9179.858556429454 3961.928058419594 0
14544.78323455136 9178.742101092379 0
14657.41061681449 9382.283976163199 0
14547.86706497672 2097.131664167692 0
6737.982135575166 9891.629882119687 0
453.9584093818479 4212.801134379312 0
9417.710841461087 4804.022388004714 0
6026.560235002344 6356.610624555582 0
6821.779122102418 6840.675038463361 0
8180.184170665814 6561.634606895005 0
14278.77404821778 7201.873257658519 0
8897.179211064826 7135.241823954181 0
9041.787036230231 7099.332720468219 0
9204.567778219338 7052.714103407417 0
6930.302042369663 7538.765036171852 0
8060.615605340627 5857.368231846934 0
14608.79393956699 11552.41371353016 0
14672.56482049421 10970.05556963598 0
8707.77175921832 6516.037680038367 0
8759.230251234836 6417.728914757141 0
8876.038806982278 6410.568530143734 0
8818.658647529945 6312.791048214855 0
8945.295460771416 6306.07007554538 0
8866.43518416649 6181.389786908633 0
9029.351717849469 6189.478660890622 0
8960.787418455322 6050.530144105796 0
8700.928479116348 6322.815317458118 0
6295.337627614272 6521.207272864646 0
6292.228240784003 6883.962319960898 0
6240.769748767932 6982.271085241405 0
6123.961193021396 6989.43146985452 0
6181.341352473087 7087.208951783126 0
6054.704454307307 7093.929026600719 0
6133.564815835904 7218.610213089053 0
5970.627107868354 7210.511175763835 0
6039.100948371318 7349.443744080059 0
6299.0715208856 7077.184682540661 0
8704.114875627336 6881.233788105949 0
2865.927795762963 6311.247673111268 0
2799.031837394297 6118.326330548482 0
386.8150144556757 8524.4064363857 0
485.2011601246 8731.753478112452 0
358.0968566960042 8940.557148643877 0
619.5011369004635 8957.107749626946 0
506.9665799804691 6209.236714656308 0
2070.945781110129 396.7172291106299 0
6221.558448809817 4485.675423606393 0
3803.660802929611 7225.919453219974 0
4047.240507145411 7235.49997758291 0
14593.04348858206 10389.55442607198 0
10018.89766375055 399.6095334489567 0
346.3956720818211 7347.304095885579 0
8293.618122901305 6576.060188491821 0
8244.107285377471 6487.870429340538 0
6706.381876334804 6823.9398120767 0
6756.289820746727 6912.598046775734 0
2983.123245835305 387.9698775035898 0
10729.12105947211 6167.233187825334 0
7038.931692417225 7941.470351905471 0
6834.652661469243 7831.85491564174 0
6586.803098963935 8321.364297803078 0
7871.730030670497 7790.269610285236 0
7127.615909384917 5612.555708124966 0
10474.78621506116 394.9900220554312 0
14619.34153638561 13171.52909605531 0
5817.981543389583 7662.425055607277 0
9182.041190039479 5737.48937483428 0
5616.439296837034 7263.977796171841 0
9383.801309300658 6134.466711107116 0
5598.835746402428 6054.883021356288 0
5375.610828287539 6065.61751362106 0
5239.507748543474 5876.790975822468 0
5138.279023575885 6067.873732996567 0
5886.7149291981 7341.313298484368 0
5807.708616856392 7190.837317061336 0
5945.343441264077 7494.174995172089 0
9113.285070805414 6058.686701511393 0
9192.291383147949 6209.162682934795 0
9054.691491417159 5905.753401910585 0
5894.41691657548 5494.760706912218 0
340.3800032495487 4008.102121782423 0
344.782217040504 4421.663599607142 0
9076.699427016134 5533.103282338829 0
5922.699046264612 7866.325425206989 0
9224.472576315336 6464.474437257511 0
5769.665538346031 6471.531715448197 0
5775.483731022699 6935.423383342082 0
8874.326585522724 5921.040753880077 0
6125.088705241379 7478.946900851661 0
9626.838326290339 6442.176963029648 0
5377.349799099657 6961.786736471722 0
5393.313952528032 6431.123738140758 0
2091.543314392688 6181.16041880679 0
6070.4393735256 6496.021203002168 0
8931.077697306522 6892.303940012414 0
464.1680878772505 9149.626335215038 0
375.348068998847 9346.738096133133 0
656.4879830908339 9161.524935513278 0
8593.4176298497 6096.826894929178 0
6404.521707269371 7302.590557890982 0
394.0195743889227 9725.926636787703 0
9359.725310774338 7507.873957260963 0
14654.79098610133 8970.681788606937 0
8729.550030073704 6122.440197907422 0
6270.316962010596 7277.527807037504 0
10931.15513777323 390.7495773820274 0
3898.936341642346 378.7455569646253 0
7063.796085103738 9724.63578187253 0
1036.555708417793 205.3214407436332 0
694.2438060164397 419.6932794054927 0
578.5039047784242 212.1359453452319 0
431.5351892283282 432.2496655661985 0
8194.56398144937 8338.580156115771 0
8420.235689450186 8326.743326681142 0
14418.7876711244 13584.64906964028 0
14168.90793752723 13581.0586248583 0
6487.98683466633 7179.039321636506 0
8511.303545831315 6220.936125190567 0
7882.519219460109 5461.724322177366 0
8085.836558079382 5479.370343015181 0
11439.77498682592 7026.740252870486 0
7615.155252444321 211.6702683612089 0
7269.625218983885 429.1330492727768 0
7961.977051589075 418.4680747194735 0
8072.240889785578 208.885835546816 0
7300.988253638287 6425.802769363343 0
7368.442430928024 6586.445564951868 0
7265.249666637997 6705.351972187673 0
7436.155041083475 6752.643639377698 0
7543.931161138929 6621.322516572936 0
7684.788241510454 6965.816044629722 0
7617.230161048888 6791.321220978705 0
7740.087715648193 6651.139943763742 0
3330.689797857767 6380.778426695562 0
4597.932574596419 7035.545328100132 0
7148.726772509923 219.3282021888242 0
7034.209427719991 433.1291643945932 0
8616.090211220897 6532.738722646395 0
6386.460579923137 6532.404879402782 0
6362.114083732109 6454.986160614078 0
6383.909788780382 6867.261277352796 0
8615.367997145393 6868.7005494878 0
9011.925922137809 4929.380674724847 0
9162.321234731173 4722.47030622936 0
7976.365220257808 6477.872239352346 0
7023.11878377323 6928.285884504887 0
8316.723840597497 8532.257124971586 0
8544.75277374444 8524.031904983953 0
8666.084211998359 8723.215001705994 0
8777.942238798341 8519.532106846547 0
8897.182291491517 8717.787930156926 0
8785.682905160662 8921.177655040266 0
9009.889015799177 8513.430100654299 0
8894.692926338048 8315.540735774262 0
9127.521445352775 8712.351350895031 0
8651.388093763788 8313.047279607179 0
8758.876357598358 8074.793768133223 0
9239.242704753542 8507.959265579066 0
9356.980257513382 8707.311240591926 0
10245.55874391419 6141.08824780677 0
10072.55066744769 6278.329386046878 0
5006.904097314078 5880.563459125538 0
4901.931001512648 6069.813758138295 0
5629.908516184656 8642.222391005043 0
5500.561363953791 8835.284890231709 0
825.0158677293407 620.6644497467768 0
6819.861603515987 5063.179112698473 0
7658.674655558818 9748.93541138931 0
7371.526211044214 5242.534818215781 0
7458.177626175211 5439.811453684899 0
7634.223999265787 8160.388623789743 0
7531.226763194268 7965.362007887999 0
5761.50533908445 8451.938309814082 0
7753.9729252759 9146.517412694906 0
7874.416050985163 9343.566045997522 0
7359.452631519202 4050.169984663808 0
7468.250220501206 3848.462603149354 0
7129.270010120393 4057.350054319663 0
7369.271153252973 4451.343049831089 0
8304.070106270539 4882.003316503246 0
8185.184785958442 5080.505652890371 0
8290.805677704602 5325.808222326736 0
7945.006137058077 5061.359031939465 0
7864.750484014825 8944.493086067869 0
6353.328631151262 8298.172855778714 0
6710.519980612595 8140.646754094585 0
6628.520737225528 7925.399438227816 0
6677.936326222921 8920.271249828409 0
9640.111858645918 5372.677860642544 0
5346.963047825603 8022.103209698312 0
6439.293089648321 8898.186042848571 0
5223.069339598143 8193.90041177503 0
7257.991047639389 4653.500211775697 0
8904.107325286608 4724.120009530914 0
7746.207686607132 8747.678722216304 0
6204.122243354091 8879.725417667245 0
9743.350299203037 5569.372417276176 0
5252.966266891037 7824.907166162976 0
8453.686077563909 4301.822949124628 0
8347.719436492784 4102.236410214472 0
8472.572377795164 3925.190719415167 0
8243.51190302899 3903.953762108759 0
8114.645596127673 4079.732820825559 0
8028.05615480658 3871.283199517769 0
8167.892956378088 3695.566972887861 0
8214.647458545025 4281.465031213357 0
7164.856092493515 8549.876732391735 0
5604.186392825116 9038.562917814381 0
8104.253419117538 9337.785881314467 0
7345.332859453936 3652.838731339075 0
8705.940301711276 3938.192096883704 0
8827.02268989231 3762.8467540652 0
9150.698914328123 4341.622830381762 0
2829.676557732796 2367.454171690479 0
3308.862010401704 3152.788466031824 0
3078.929380370153 3158.351254246145 0
2337.11921683677 1185.628017093021 0
4669.190757827317 2322.910824905076 0
4439.256685911406 2328.467979723996 0
2709.809171043862 2171.179345537873 0
2469.840437332337 1778.754560693613 0
3538.794954559397 3147.225255344568 0
7486.667710341484 4649.647669526199 0
7633.68290151789 8948.857320798503 0
2949.490875903187 2563.77104877414 0
5498.265560278138 3299.009050689417 0
5488.447783470343 2900.800846316659 0
2959.144486856842 2962.006452836279 0
5165.263414707846 7231.877202409689 0
6933.407670268514 8953.372498712737 0
6886.846512969676 9321.395561984153 0
4549.402032826148 2126.587325833265 0
5968.129138425458 3686.594204653515 0
5738.316503624732 3691.827846554966 0
5628.629586283421 3893.292692721735 0
5825.110380821113 9440.396355041172 0
5704.673476881468 9629.12101788518 0
4899.12454279265 2317.348321238317 0
5129.056373066258 2311.781602497521 0
5248.845354569471 2508.120477486421 0
8307.590076349419 13494.61088109436 0
8528.291070719497 12712.11288153085 0
8519.865392615146 12315.81818631682 0
8400.260847249148 12119.74266321608 0
7154.198815191419 9378.944281389362 0
6309.936113626318 9082.540438904824 0
8422.191882225434 13302.3976729893 0
8951.220148679367 11110.47836122939 0
8416.652687959569 12911.58830181639 0
8409.158653006221 12516.9361744738 0
8941.609538460787 10712.23665785755 0
6549.063004750018 3873.082087924142 0
8674.704869967492 9124.105624873177 0
7852.978626234659 4018.324123467376 0
6428.132965625486 3675.70484806722 0
6399.189394431911 9661.537912198341 0
8573.217293477643 9725.066334093302 0
8692.740938792322 9921.398920959107 0
8922.645375396834 9915.873283096571 0
8812.378369194295 10117.71618727446 0
8582.533216669024 10123.2796613419 0
8702.17403743491 10319.58939816004 0
8932.057561632872 10314.02704890693 0
8821.874993963887 10515.90985589026 0
8831.450361846357 10914.13726300207 0
8841.069006454447 11312.38584397506 0
8611.138912350405 11317.94737003502 0
7766.497695962356 9546.198547269742 0
7775.587545430548 9944.322758475619 0
6088.364017302588 3883.590884256345 0
8730.917442014364 11514.29409686851 0
8904.916331923352 9118.582693658362 0
408.6392071420797 10897.78414286818 0
8577.813823743496 2228.064436609382 0
784.1698818978193 11108.12124752267 0
9037.842790622246 2217.094241259293 0
11735.12320379506 4343.624521091417 0
13010.72714743488 13201.71737993999 0
13124.77930574325 13398.25185725988 0
13001.7362499133 13599.32204594943 0
9033.0052818931 9714.055165615096 0
9152.573414286739 9910.346743302873 0
1023.858019692915 11502.27365928792 0
11696.58697290427 2750.617263645808 0
11926.52156250243 2745.054535596903 0
12896.35575869514 13005.54047417808 0
1846.527328730324 7509.565863506403 0
1727.454590590532 7333.63133130028 0
9042.304372980627 10112.17584600218 0
14543.93862803801 9579.464057581999 0
2182.497974243848 11871.78190446721 0
12697.35270390011 1332.995818798248 0
12817.28931191282 1528.432314176476 0
12707.17765839409 1730.087660521529 0
12683.54714757354 944.4392458174032 0
11236.71764938348 2761.729822685741 0
10248.64967459735 12472.3943523962 0
12911.77244793576 7218.773385030152 0
13138.48648472941 7214.508172178977 0
11955.42363482177 3939.817180153442 0
1956.233480926105 7326.28977941461 0
2185.756971305106 7317.119513012271 0
4288.420269170348 7224.751652615368 0
13491.95582566318 5687.487995877353 0
14189.40855970701 6054.127095196048 0
12205.291447911 570.3152284356911 0
13865.25741047777 2102.48117843283 0
14144.16462574794 11980.95397611344 0
2426.702617818829 13049.64683309048 0
698.1541518946552 12110.43310032436 0
472.1749335125286 12116.47814569421 0
12970.18644385895 10813.99631210495 0
13089.89027458269 11010.31197127262 0
12780.86844668205 12809.53694199173 0
10589.08186590021 12265.60023656873 0
2053.280677213327 11277.36665246641 0
10818.92049876371 12260.04526371711 0
11048.76535328941 12254.5403273044 0
13769.39412206735 10595.6273014881 0
9529.424146509413 3785.657950584945 0
4480.07274210562 13405.89054854437 0
4582.124889882462 13602.50236356413 0
2153.798167690217 10677.19011917054 0
13374.61832461498 924.871655591425 0
3574.104713984102 13028.15937915622 0
14335.61404789824 2494.375803707743 0
14587.81132502284 2493.181005767522 0
14445.81590830337 2694.329510376682 0
14335.52913049116 2889.522215156222 0
14556.45126374459 2885.554544868521 0
14451.68301824926 3082.062601305543 0
14345.03540523167 3281.227105059289 0
14671.72519833715 3076.551374513546 0
10593.02132662452 13435.39422847078 0
1933.544618082418 11081.01203043389 0
10776.83710538821 2772.790393446662 0
5757.807468889235 4479.568202322802 0
13434.89343290981 3306.157804238699 0
13205.34948998632 3311.791040130018 0
13095.29881219494 3513.709247642892 0
12975.5748569518 3317.383812586919 0
13085.70727574064 3115.486685095399 0
12664.1483776854 12613.57738887632 0
9382.482886839762 9904.806453382913 0
10469.65298612015 12069.66745258469 0
2062.839912511517 11675.56498742476 0
6767.695452468966 3467.934871362314 0
14056.4551592912 548.649780073069 0
14276.22915910581 557.7354688844122 0
14389.60309143253 736.5018992112082 0
14505.01276906795 552.1052525096574 0
13955.42671143359 332.9535436667144 0
13011.90577177709 12804.32860392123 0
13125.39996437582 12602.86866525482 0
9200.413746977072 11901.41361687522 0
9903.758142190287 7698.636159812164 0
10024.03519179672 7895.574133186157 0
11907.19640545676 1948.658056867197 0
12027.01661544125 2144.93362761473 0
12179.89825886654 11430.84730418983 0
2383.700000915796 10671.63040163761 0
9439.941595943636 12293.99065075866 0
3688.853929961275 12432.34505788991 0
10815.11993099345 4365.920286882164 0
11874.0931441512 5335.596528384391 0
12036.67012432154 2543.147323244451 0
1143.742027660158 11698.75401696246 0
4373.676348891994 13209.90352193647 0
13500.30481941576 6060.786730043641 0
14373.22524207872 11976.80923232334 0
10877.30433626711 2172.772249234745 0
4158.978366005636 7433.953966197036 0
1740.614356328189 13064.16597130437 0
12434.16977298025 566.9953326535112 0
1966.3860748468 7699.753730325712 0
8639.470016551555 12511.85941676631 0
13764.44500717015 2701.577850178482 0
9104.764212366474 407.9438523376372 0
12299.64403743066 11627.17920645318 0
12419.31885419746 11823.49166563433 0
8186.802790464326 12917.95512558405 0
11287.73343137654 7664.450511381486 0
1961.397978628528 12274.64534626639 0
12204.54306323564 12624.40315178454 0
13104.99958917914 3911.989131621571 0
10224.11040872199 3780.659466387362 0
9992.694413477891 3784.334124972278 0
12453.96237465169 5519.368465141226 0
12566.05226810574 8234.528696774571 0
12794.92104425659 8228.509639182719 0
12906.26613837674 8026.278086142378 0
12454.55526342754 8436.221384459233 0
13023.4826526593 8222.622646343443 0
13933.91046508414 4888.210718914092 0
14044.27927004091 4686.331918483222 0
13924.43984699189 4490.194741039851 0
14154.9332674407 4484.946551400495 0
14274.02447855539 4680.702540706351 0
14388.02596877852 4479.749443173513 0
14264.34650513892 4284.111375146198 0
14486.78225716275 4284.553383899733 0
14372.81636691029 4084.059644307592 0
14143.44260827999 4087.014990795325 0
14251.26064908375 3883.796169481132 0
14475.70562696185 3878.299491474486 0
14361.10359873924 3677.831845292222 0
14519.13648960979 4674.595576955035 0
14396.15214648024 4878.128521806954 0
14623.74109290521 4871.485898596108 0
14615.10422940675 4472.535580009502 0
14512.96830450173 5083.47052905573 0
11351.05599317065 10454.68390018591 0
11240.90715603844 10656.59287330196 0
11360.6909914803 10852.93898084237 0
11130.75830917927 10858.50183642919 0
11250.54164693027 11054.84745831237 0
11020.60899888395 11060.41030080062 0
10900.82569799462 10864.06473377234 0
10790.67659519942 11065.97332488417 0
3575.92452211906 12633.31910793091 0
13124.339521142 4708.483336151746 0
13014.18721008685 4910.322849922819 0
6551.360496542899 11766.23433091633 0
6431.59202566397 11569.90779860145 0
6201.65751540738 11575.47961305138 0
6311.810917622275 11373.58159931513 0
6081.869551454725 11379.15661065707 0
6541.759930535403 11367.97601939232 0
6421.979539098531 11171.69479744523 0
6651.970440777819 11165.99044251343 0
6771.695825405943 11362.3835961889 0
6881.914472199693 11160.37093621769 0
7001.659328920445 11356.80064386224 0
7111.954623683563 11154.77287930269 0
7231.634679923823 11351.23227536867 0
7341.92682695189 11149.25432119913 0
7461.580209174286 11345.68970000374 0
7571.841226853656 11143.75295466945 0
7222.487752421313 10952.65748055835 0
6532.204207724921 10969.72322245267 0
6302.161638154514 10975.66658710429 0
5971.722268808826 11581.0508061582 0
5851.924650489937 11384.74777744625 0
5962.060115249279 11182.9158278242 0
5732.103453438567 11188.53763877686 0
5842.222024631244 10986.79818942011 0
5612.23840107883 10992.58657058574 0
5502.160587020333 11194.12384796553 0
5382.286656888236 10998.43294454319 0
5722.241741289521 10791.82340841885 0
6412.334456158265 10773.93945688245 0
5272.207382945082 11199.852716501 0
5152.371926748834 11003.92735290039 0
5392.033954978718 11395.9586716217 0
5262.443109898199 10802.97289854439 0
6072.192759871766 10981.21160628891 0
7121.40824960709 11553.19652524998 0
1473.871792533066 11092.09079095155 0
11627.12560365263 12439.3922824551 0
3782.516493768277 11434.75963317961 0
7351.353729913152 11547.63599333092 0
7581.29297486149 11542.07978928554 0
7701.038740892798 11738.43945597065 0
14281.14157188782 919.9415174673313 0
14398.02846069812 1103.327046248381 0
14296.13111121426 1301.403653349954 0
14525.9336992959 1289.44276485802 0
14613.28685701463 1084.619791762479 0
14494.45663751284 915.5056895807458 0
1253.69698136748 11496.36459396836 0
9727.694989685451 2200.477460274873 0
9607.908588535352 2004.135041123173 0
1856.407691609921 7897.484000066363 0
1746.361759585164 8097.769172425856 0
13381.56023223731 8811.389132574184 0
13684.28287945002 4097.266616750927 0
10468.2985324217 7497.320070694781 0
10353.25458762999 7304.585870478901 0
10572.27518846471 7311.44425707224 0
10455.64771944673 7133.818079808717 0
10794.76913323602 7308.58796708673 0
7149.185924873202 12747.06659752199 0
5887.805657941677 531.6075626596391 0
6011.034410128146 320.5425663769167 0
14034.48353513855 4288.589289853839 0
12583.87224189662 6073.405415039006 0
2197.363209867479 13053.877384314 0
13535.30646838089 2706.547162024513 0
13425.29567492367 2908.179601510201 0
4352.535653177707 11221.8012661178 0
4462.669412417915 11020.01520901399 0
4692.5762675842 11014.62623699292 0
4572.79893072252 10818.40969666346 0
10850.07970691496 5959.317993901017 0
10980.91113400026 6171.725077776475 0
11033.42644930965 6416.639519155796 0
11213.31496826736 6279.259745353382 0
13315.31195758682 3109.931582801927 0
4812.366764727976 11210.85531722527 0
9210.012053358923 12299.58336233191 0
12069.7201072206 11632.74262892593 0
5032.57563265116 10808.11617449497 0
12913.10061290597 8424.628009133638 0
11121.12325366338 10460.24669858497 0
2301.946212206236 12067.81440363292 0
8170.3014354167 12125.30443811743 0
11337.17044037812 2161.668217859369 0
11045.22784797953 4360.323417783184 0
11165.129428621 4556.664397570987 0
4021.901714357545 11827.39438386566 0
4141.379805228419 12023.67285152404 0
1056.015669550299 13458.90462886002 0
11441.9361656859 9456.266126247931 0
11322.1559494769 9259.924321568215 0
11432.32918981233 9058.030674765205 0
11202.39136951159 9063.593745935737 0
11092.23173366785 9265.49183317833 0
10972.45587821162 9069.155435822342 0
11082.6276499894 8867.270690232453 0
11212.00753061801 9461.831652926223 0
10982.07950653361 9467.396343883436 0
10871.92995299116 9669.305063700091 0
10752.1558058972 9472.963469304073 0
1498.63507710487 7338.04492159314 0
1380.311823881187 7158.58034467766 0
13511.09445711623 9405.93504679378 0
13621.03196943324 9203.797920684006 0
13740.77327119058 9400.069615686027 0
7370.137617032143 12343.85947671908 0
5171.693972136612 11799.64482711551 0
9708.131368388076 1403.717820291386 0
5051.960249190377 11603.32955452874 0
10114.71409613751 7261.476581168954 0
10364.15775965003 13438.48052931478 0
12477.21704392635 1735.756429877433 0
12367.10432426363 1937.483842642579 0
3229.255285345933 12443.15999516766 0
11010.97450266354 10662.15573900881 0
10781.04342419944 10667.7199291943 0
5007.582968086907 9620.264640771424 0
1520.825559797198 5989.217828487308 0
2173.025336861341 11473.70848130362 0
13905.80013396002 11586.49315950428 0
4773.171038201973 5887.173024859015 0
5728.174569154939 3293.52010960354 0
12601.2332442804 9826.705654924966 0
12894.41900587073 4714.03382653845 0
13135.25109217516 8020.337290460571 0
13650.09792150096 10399.1874838397 0
9337.016260589506 12889.34643074097 0
2885.734643055237 13041.39496709346 0
11140.38961711867 11256.75347789912 0
14069.13504882323 5867.30770253526 0
12620.49496967311 10623.21637678207 0
10417.46015947724 2183.857747884613 0
10297.61810548979 1987.555331393437 0
12124.73887220699 6087.13503280107 0
12875.12106686707 3917.56133694236 0
5192.70068164224 12993.80398941862 0
2656.127690177518 7680.546926436036 0
9467.732046706387 1009.152422673876 0
1756.037021384051 8495.159083443596 0
1526.442754269973 8500.655787127225 0
4948.608819120709 13397.21306228344 0
12156.45394555969 2739.492363330472 0
12146.81829932758 2341.241605918587 0
12131.74678062915 9439.585281985408 0
4601.398188552759 12012.60922302056 0
9071.00051408191 11306.82293931039 0
7719.320262953741 12534.22391301095 0
11527.75612361448 8059.973768491489 0
11854.9091692061 4539.954813408533 0
4038.983749815258 7641.122182393123 0
3926.65116482486 7844.394077677443 0
3697.038577400637 7849.784989252035 0
12573.89975003438 5712.018181273607 0
7691.512671263878 11340.14909374197 0
7801.744309123002 11138.23269869998 0
7682.244774182853 10941.81306854515 0
8031.620259904518 11132.70026141474 0
10140.54991081847 13061.65479055858 0
4045.40237283442 8041.621724465893 0
5899.848698930753 908.7769913182757 0
1116.867664698747 10503.51198679778 0
4378.184673686747 4521.598886860902 0
4488.488615228074 4319.611481984312 0
10330.81307776512 11077.1007428144 0
10450.59518605023 11273.44507447096 0
10340.44397240908 11475.34986396646 0
10570.3719524342 11469.78203863187 0
10560.74469432971 11071.53695167218 0
4867.914019167627 8237.767074976075 0
13047.18580074045 1522.947297084011 0
6000.611610501846 12775.78008103339 0
9957.632533150709 2194.941264654966 0
14281.36260682038 8389.405499102935 0
6919.638531160309 12752.70221692484 0
6800.210474923304 12556.7690664264 0
7214.610814838035 10553.64010160083 0
11485.9116793691 3552.674405264146 0
11994.61405256893 8447.396071629666 0
12040.8537717514 10437.99546471189 0
12270.78528524517 10432.43272374479 0
2805.005550161418 9067.487966523302 0
14089.76878009385 9590.581753792985 0
10843.37228099802 981.8815869029552 0
7555.829892713567 2851.60657945603 0
7785.425504231099 2846.529336777829 0
3117.608169394607 7664.453312144653 0
5761.026771671033 12383.11081459938 0
12855.85242487218 3121.053825601312 0
2843.546719441847 10660.5090017756 0
3954.814326821745 9040.380791443926 0
3724.788710171542 9045.552104152275 0
10685.4938422408 3770.945847137859 0
9879.475660831733 3985.065969906765 0
10584.69067924329 4371.520906935057 0
10705.11342169189 4567.999878313201 0
7471.089594826477 11743.97557519061 0
2005.106405516471 9285.922465684331 0
13438.95252864541 11200.83102186622 0
11490.10033436044 11447.53279699096 0
12538.77335971519 12019.75431382212 0
1755.253014035875 5581.610148459178 0
2785.832804724329 8271.187687752055 0
2905.597550667186 8467.398042375005 0
2896.14940453793 8069.419366778872 0
10460.20948749189 11671.67012002813 0
1923.946051735991 10682.74868087074 0
10666.65845714111 2974.607082339099 0
11006.77946465123 2767.268999832968 0
1689.997509973236 2793.105877939556 0
1800.117596306731 2591.326436646237 0
3274.514816015738 9454.657116415481 0
3993.204888983228 10632.84488590999 0
7298.924900287051 1659.690795451031 0
7068.967963076826 1665.674435828445 0
6379.220473311596 1683.822346636282 0
6149.291252128348 1689.583228414085 0
6269.078246281822 1885.748382581844 0
12821.53892394044 9422.891165309884 0
14509.9482387174 7591.343731183122 0
14609.00540808173 7392.794462992286 0
2651.059147411502 12258.24197404114 0
2364.41250696129 9875.1142149766 0
2594.343202802764 9869.557850447905 0
3705.589194056291 8248.686431585629 0
7059.196234802166 1264.516085595309 0
8365.040745828435 3030.695244610748 0
13243.40921349218 12799.1166955254 0
5401.651235604671 11794.0829807366 0
5621.979656171131 11390.3478413095 0
13180.83889058279 10011.90574582009 0
6479.664784147604 1084.714936018429 0
11710.40735221634 11043.72214218704 0
14163.98087623727 4882.902322748133 0
10589.28312156492 7689.919240630611 0
904.1314529759935 11305.38180988455 0
894.4334670066661 10905.6558528674 0
7216.214751319947 3058.630207633955 0
1525.633215651462 5587.060182265037 0
4996.72633619499 8816.743479942417 0
590.4497829496653 12314.54159343383 0
5809.21694478787 1896.902784145204 0
12684.08497578176 8430.441317120512 0
6460.316703871222 12764.35290084384 0
450.7813478539898 3818.072734583809 0
8918.059898184636 2020.561095264724 0
10613.04517600139 8480.29388352143 0
10757.41952949769 1976.516150722492 0
2623.250744488772 11064.3256006478 0
1866.674747347739 5379.361825969965 0
1976.995700671192 5177.36169962133 0
10206.70306061229 2985.358768530838 0
11025.9736475368 3563.727292919137 0
12151.00217016704 10236.08653146163 0
12031.21890833245 10039.74036902512 0
13829.81313008354 8401.605197037978 0
3117.510194437821 4751.325183279527 0
3227.645034893495 4549.442385462285 0
8558.802920476161 1429.153355744774 0
832.6127434265892 8122.157510035557 0
716.2328801375413 7926.950438862824 0
497.6272644079872 7931.356737754124 0
14496.67096882917 8383.396477337677 0
5598.566017991876 2698.901848455905 0
890.2681877637816 3008.018252078379 0
773.6494692584636 2810.586982617273 0
884.9115232349928 2609.791045517259 0
659.4375885246761 2612.497133705355 0
549.3188358341399 2815.62266904796 0
438.9510220692057 2610.417737008484 0
542.6222080959121 2415.259719100906 0
324.7257654497292 2409.94151770513 0
1639.84637467836 5785.01840635251 0
3648.942511451887 2945.318133244142 0
3878.876524430793 2939.753441138285 0
3768.728065684413 3141.661632602428 0
3998.663505331284 3136.096675870257 0
4108.811709689086 2934.188696835471 0
4228.603172453278 3130.529051141875 0
7444.863913697607 3053.584533408423 0
10284.63899017409 5765.060508632627 0
11586.43703721489 2952.519868499541 0
2655.725423103186 13045.23518165084 0
14103.86926249166 2496.918342164752 0
6984.38035856725 10558.12482735615 0
6872.870380606895 10761.26690889587 0
1589.203159098874 3393.400639060139 0
9952.459477658393 9691.749959022989 0
3633.871723026081 10043.74303414262 0
3744.051383516725 9841.914730793298 0
8591.983407461734 10521.47408035716 0
13133.92185529317 5106.485065694267 0
3289.546110645832 2356.329326115803 0
11126.56074846957 2963.612136819106 0
7047.93106987618 13342.81376703497 0
7167.397215314989 13530.98202244201 0
7382.822602456767 13531.80349692337 0
7273.292499190447 13734.32189043429 0
6939.093725936423 13543.44263603023 0
6709.698263264333 13555.63515064813 0
3619.47836899159 1751.198673978368 0
11964.18266108848 13417.13604916716 0
11735.05577526233 13420.27582374431 0
12069.3290517388 13610.74232630284 0
11626.40432218685 13227.19552446384 0
3366.914753730872 5543.023252543499 0
3137.147985116883 5547.230038977468 0
4093.817388317048 10033.0016532596 0
4204.132886146182 9831.431082372979 0
4379.15586848437 12416.10906188781 0
1718.603664730282 3988.199201677879 0
1828.751913832052 3786.296736779463 0
10493.04579612175 8284.168392986789 0
3568.746162189514 574.6339156764159 0
2968.780998745687 3360.259651924348 0
13271.59116900543 9013.374991116136 0
2436.539511577316 5165.921237772225 0
5109.793174547968 1515.800107029373 0
13076.07421894829 2717.2912830003 0
3947.936554757968 5729.095795777511 0
929.3946294375594 4604.523266304674 0
12904.02900917899 5111.842297250248 0
13253.46876257441 5301.602264871911 0
657.9251171364833 3008.754834802972 0
407.5556388574799 2996.586851248995 0
778.5106033525451 3210.743781825501 0
4740.718481090433 5110.382291871634 0
1512.807820625282 603.966637857824 0
3683.429037248191 13222.22979250307 0
3560.832588295591 13419.46023054935 0
3331.759700740486 13422.52513869979 0
3435.580964080354 13614.66932258571 0
1747.302233123924 5182.961675072934 0
1857.523550219107 4981.035822189348 0
4829.33268542825 4111.758880652998 0
14070.59179149228 1306.166883208864 0
12004.04802550354 5915.268777854768 0
6192.015141645177 11177.30647280922 0
2197.580145915312 4773.536302004033 0
1028.767952095841 4004.492611469701 0
2778.404423945909 781.7773129142486 0
2652.93242081348 587.2775485286319 0
625.9728156772162 1421.575218079475 0
8419.339118319098 414.1159089612964 0
8647.773531841927 411.9256035392582 0
8756.037272148704 205.6022436070062 0
527.161338938174 9923.579718142899 0
2609.429335926234 2771.222880254467 0
2579.226179782505 1577.329587258798 0
2349.471006114232 1582.699720115043 0
2119.852829356738 1588.021232231297 0
4348.42707952491 3326.852997724376 0
8352.711144767167 10128.86165224848 0
9364.738907147512 9107.889718321096 0
2479.912571464334 2176.709926569288 0
3477.130732836253 5340.749312316301 0
4708.569982937203 3915.6206560128 0
4478.173803492419 3921.346518936039 0
3989.02468560096 2737.845917880588 0
4218.960299778011 2732.281076220263 0
8970.473429462887 11906.9660672653 0
3466.132586195181 770.0292848753568 0
3440.071088603631 383.6141543624051 0
7859.912325280984 1039.495557104163 0
8458.154086906305 2031.533961518784 0
3591.51497051131 962.5135822348562 0
5689.433589154436 1700.691004802746 0
3533.342756872249 10643.84724204526 0
13687.24336412614 11991.8718502802 0
3059.594652670695 2361.906627322117 0
3399.625779640692 2154.499863360761 0
2087.28618650121 4975.420822996277 0
852.5548995807715 1418.104271647694 0
498.7433419019606 1226.545368875016 0
610.1443788638619 1024.396167516025 0
381.1646483375001 1025.722092867352 0
237.9673477272934 1241.073953604738 0
491.8594463162392 830.0107689916135 0
1299.478832759085 1008.80209933882 0
1529.688043545873 1003.858051347225 0
2077.896119452907 4577.238593845648 0
3328.136478312462 3949.295229605722 0
3217.990442754903 4151.201755394204 0
3447.926773327396 4145.638619994845 0
2398.767109292649 3573.291608597121 0
2168.834643310279 3578.850146162287 0
5009.271317569235 2115.462724528224 0
5239.204136869188 2109.890312699043 0
2049.056334343934 3382.485453361231 0
5378.376520548002 3102.678638270262 0
2868.268383225761 3960.42163983202 0
3519.475163049636 2350.775736098669 0
11331.78800176202 9658.175159024842 0
11303.54328190484 8463.581500839024 0
11086.25806781357 1372.437983441681 0
1263.661965274418 11894.89356822553 0
11965.05897857049 4338.063545687264 0
3442.40539584602 11642.20995885649 0
2988.054650204118 4156.765627644228 0
3279.647038398007 1958.340911279586 0
3028.551591740478 5746.175748546536 0
957.6817940147978 8713.837698681236 0
14189.92001637427 1501.853451152673 0
11639.4101787189 771.625226834091 0
11514.35043807456 579.3649674573749 0
1579.811189678471 2994.873323751007 0
6508.632946801861 2278.383785505111 0
1420.185796029736 1205.622089195294 0
1636.584673053476 801.93570507555 0
1615.534205247348 401.6397234862673 0
5307.188477676457 4496.472517818613 0
5457.727714065705 4697.811554434013 0
2809.033832799647 1571.960625094445 0
757.3558941611809 2016.986364959989 0
7902.968503079003 10538.121289815 0
7673.694224789117 10543.50619548643 0
4189.17077025805 1538.828682395069 0
4295.037352594118 8834.360429429689 0
10910.45681986953 11262.31593401818 0
11505.18103738816 4349.183263790066 0
1784.79943031366 9689.634044008557 0
1665.050178099535 9492.949074916221 0
13860.45453832663 9596.410878791314 0
7749.47857024674 1245.244416696278 0
2034.056979938116 10480.84136394904 0
3838.284134023744 5929.486182551628 0
3957.554189156127 6123.660200784219 0
3888.514936425966 3338.005258916125 0
7998.339012847895 2042.65378485224 0
1670.783248404263 1996.780609369534 0
3485.260283739903 1160.851663993282 0
3361.429794913706 967.3529738126572 0
10647.36699397378 2178.326053851632 0
14318.09543473767 9584.749412890951 0
1321.44837482424 1805.804943067733 0
3017.209760369936 5351.099858054244 0
2848.996865404873 3163.913893013857 0
4808.407820710025 3315.663250298859 0
1469.531824043888 3196.712363742776 0
5909.704880976713 1298.228343364517 0
6029.502147367668 1493.649539275873 0
4067.964981385349 1344.178922596075 0
1148.586523665649 4200.865627441202 0
898.6801777416005 3408.965467459327 0
5092.157634476567 734.4849117587406 0
1550.966691653208 1800.426495447177 0
6977.822932668583 2665.615274638782 0
2723.764567151286 10464.16169275379 0
8141.80981168143 10930.80313384547 0
3737.35281168736 6128.937237371059 0
3863.51724695123 6330.097113486704 0
5278.550565647694 3702.433788856302 0
5670.073269951021 914.5180854070435 0
10384.8158200123 990.8485472842078 0
1561.011494083943 2198.442631562878 0
2714.127531858774 10065.90614498566 0
3902.233798552027 11631.08216365879 0
1049.946531527656 7723.557044907007 0
2029.888614836112 2585.911878594447 0
2877.902853560585 4358.662816529068 0
2206.675159723412 5171.669780264772 0
822.2388303026207 7727.93145848405 0
7903.363882884493 3044.720807508566 0
3739.585532072862 1947.19752545755 0
2917.825353381161 1371.057846287116 0
3389.41873708717 1756.822850804045 0
2887.543409668104 4756.880664062874 0
808.3076900514864 4407.702037383076 0
3063.843542694412 10256.69638556472 0
1479.030480337462 3595.338565059907 0
2647.956383692175 4364.220919909742 0
1618.094475255926 4588.396980113218 0
1508.154147138534 4790.246486345307 0
10353.4235369233 4377.10039872464 0
12774.64246760965 4517.721165713765 0
2159.204820048692 3180.590202472653 0
4888.48009427613 9422.018762319785 0
3428.646727475451 3349.133601559266 0
835.6324700866077 5603.347440568036 0
10167.46770768669 1393.267751596715 0
5832.198593501458 10591.99804296672 0
10256.18506494943 4979.020965966917 0
4508.605610309993 5115.867855011974 0
6019.809649646388 1099.168194035794 0
3509.556902471319 1952.829733045124 0
10163.52059341493 8889.608796232762 0
9934.080733684274 8895.090306375376 0
12084.84397381676 4534.399806291008 0
1058.810255930011 5199.551190214178 0
1910.199014011069 2389.517144172265 0
4057.17433170855 5526.099788933707 0
12305.14322869775 4130.602611357 0
11619.18666401922 12041.94483063967 0
1680.580641365804 2394.851845805761 0
11984.30604427516 5134.17000581667 0
1570.579249873212 2596.519710280558 0
4137.816884407544 4128.917636416691 0
10230.28414238041 11677.23987942065 0
10350.0101208928 11873.50321902126 0
994.5111171628544 2409.196015444981 0
14414.4479075672 1499.635190555003 0
14538.10719807283 1702.722745744791 0
12280.42116050122 10830.68769630232 0
2704.492118057231 9667.650851317168 0
10842.93072206818 8474.631597980431 0
12692.45052747061 8828.413040457401 0
576.4956446416624 4413.05695878563 0
7198.309602343162 2261.598504955552 0
13932.81633187525 7404.253487280002 0
4644.360226512851 5702.294505041569 0
3202.894380674605 11249.54549380698 0
9540.49833603114 11693.94713625362 0
6928.411087019773 662.0295499151455 0
9796.46854293415 7899.473595656624 0
4494.776998671581 13009.40907649444 0
9664.623225271123 4791.896272351144 0
1708.971177249813 3589.891394431874 0
12965.95497673852 2919.164019144231 0
12736.07581268612 2924.715987018939 0
13826.93120436106 12985.00680041275 0
11667.06104439893 1556.825410551157 0
918.4053764696774 4205.876712293555 0
6388.865366869644 2082.043911236213 0
4784.179639593219 10019.35800455583 0
2685.225036015095 8871.147778612813 0
13697.28008156226 12390.46477354039 0
14119.43112905207 3288.347601021035 0
2178.467406183877 3977.108426548925 0
2503.473940272827 10867.97848243303 0
4971.044988618449 535.4308684459818 0
4871.601240776198 333.0083976980525 0
1335.295687173882 10099.52613880644 0
7207.466325450207 2660.153845348148 0
8099.100593805948 1439.391679503833 0
8209.330591950282 1235.212287806364 0
3927.194696535705 4931.062286054994 0
6048.784225118829 2289.526914526027 0
4759.792607350933 1326.215125827051 0
4879.77577153969 1521.580940995318 0
10800.29859568668 11464.21432590343 0
11480.47425729069 11049.28458870371 0
4158.420199936184 756.618714170158 0
12865.45846427619 3519.297259571371 0
12745.70065206183 3322.959200284381 0
12515.7939839375 3328.527490437118 0
718.1830385308941 5407.419903339151 0
830.0834785285178 5205.144314802312 0
5300.2292748218 12394.13364337664 0
5219.997115236438 1314.481303538161 0
2058.684851986696 3780.757831478981 0
2752.627405905745 11658.89024480016 0
5206.465704234188 5104.344045767217 0
7390.147168092933 637.0415117638101 0
14520.16487545293 12970.31550309654 0
14628.9172945752 12769.59704655471 0
1938.903697121757 3584.387988809701 0
9018.460101893928 1419.052137832978 0
8898.53244908665 1220.968502072207 0
8668.79644927244 1225.572422021657 0
9248.309360637211 1413.895835296098 0
12232.67897258529 8839.598225733986 0
2325.782069025997 5367.817896489505 0
11466.65109386173 2756.176760320229 0
3568.930366702771 7267.013232953232 0
3446.627851227121 7059.523122205056 0
1291.922089182164 5993.632868816488 0
9267.812546800615 2211.58277842157 0
1737.890286043013 4784.719730632656 0
7409.111290593286 1455.839057992415 0
2312.683140334741 12857.07152291098 0
2997.698298277843 4554.997236390876 0
1426.372657827843 9099.093642713255 0
9550.119847441216 12092.15862216426 0
4419.588009379425 1532.721219038389 0
4196.566086790444 6147.780630386585 0
9521.235798342852 10897.44752049155 0
4274.118782605977 8037.113187465178 0
7768.408503155061 2048.193940230371 0
4185.056795258647 9035.506509751132 0
6661.530467257384 11564.32548918046 0
488.9144507649621 5414.363568902645 0
265.1404351107325 5433.45674007438 0
3135.565975991613 8461.780725039942 0
12046.30505569148 2941.400102200213 0
768.0473233781752 2412.813919325645 0
13195.69841086289 2913.645433025488 0
6220.888559630514 12371.92575373993 0
10191.8255807715 10084.29804133267 0
7317.851853156775 2458.127221156692 0
13604.08825789823 922.3483178507897 0
14166.612927963 8194.816822023269 0
4609.488309826196 4516.024945286789 0
3394.304259853069 9651.02019723675 0
11064.98350117672 5156.307817097496 0
2335.510086626522 8680.367524561494 0
1914.307216671603 10284.48690141239 0
3313.044467671707 11047.6404110393 0
13381.5499375128 5876.962582469185 0
2212.425840613333 5974.441789198301 0
2325.334698224355 6177.125486675617 0
2573.632152535823 6179.082140593738 0
5779.283082074184 724.3714378628093 0
9908.009999146241 12678.59397692044 0
5919.362134241384 1695.185259027084 0
6527.901485483173 3074.992793109924 0
3800.383980049039 12230.86281531809 0
10835.83882212677 5162.069585727589 0
4688.530735905607 3119.368321079443 0
8118.058102700721 2239.391384376147 0
8007.570561228193 2441.489847881415 0
2565.442834039865 8674.819906939138 0
1885.422537993933 9089.416887861247 0
5142.693028588532 10607.52356266133 0
7011.218466965816 11755.09181012335 0
6680.616175260261 12360.64652522153 0
12308.90452960697 12025.31664678978 0
4730.983565447958 4712.663853039804 0
11231.27246118397 10258.33799007937 0
9412.829075235044 3590.072027403962 0
10110.51038386765 11480.9106756792 0
3107.845453222087 4353.102475263972 0
3337.784668205171 4347.543240430397 0
9823.860070130404 9097.106089293819 0
10053.39672559466 9091.538472587903 0
12320.20911756467 12819.91337096303 0
12790.96368492796 7829.832973524619 0
11945.79054903881 3541.563253282206 0
11801.28631668806 10045.30310935367 0
12937.09736699382 1724.563247469305 0
9926.639257715135 1000.030281566378 0
2575.073374870861 9073.047742120087 0
12956.35191180274 2520.928547497894 0
2872.304626121442 11855.16078540017 0
9842.248613292562 9893.625272356117 0
1112.660489632723 2605.915464798117 0
13215.0200875294 3710.038434492178 0
9814.989655355086 8698.141059661839 0
1967.697863219099 4779.12932086302 0
723.9229337558641 8724.868972376236 0
3500.994526398212 6177.364453621356 0
6949.140820200374 1468.788140935468 0
12649.16216008149 11817.91358307991 0
2613.620379627223 10666.0697555027 0
2906.61342707442 5551.553254828472 0
6618.780315787547 2076.4014097587 0
650.753864182571 2217.134557311987 0
6522.549971092642 10571.38622809173 0
13019.20072596407 7823.376529691881 0
12345.83937119199 1146.59062600121 0
1341.361608149491 2601.422855375118 0
11184.40264691769 5351.798046199947 0
11260.16227785545 11453.09081127771 0
2474.56009784602 9673.207485435056 0
1626.769903921299 7903.4148107489 0
1054.073091929457 12694.39094937593 0
4852.639138065342 4909.53095186165 0
7896.810565662936 2643.834847397467 0
4415.80180511608 9030.861500675343 0
1406.830752528457 8304.760636218616 0
4260.42867389934 12219.8971892246 0
13066.50350295693 2319.033952037566 0
9641.01597292376 11093.79023201982 0
10008.30814101551 7493.613933909701 0
1545.461601596661 9296.053705773445 0
3788.012970267105 3938.163234031332 0
8807.813398376633 2222.521759104844 0
2435.996204107076 8080.829322891323 0
11217.27286643349 1965.449978671295 0
10726.77696792763 5363.662407112748 0
3834.901423734682 8843.81682207122 0
3340.690176023904 12241.86591569898 0
4736.714643943872 8433.772750042597 0
13476.19079958333 7812.419987425877 0
13004.57282495591 4512.16429290825 0
6158.933072658327 2087.624734650142 0
4715.620360590779 7623.855727586231 0
9704.779839400089 8900.247969843562 0
8778.553728217654 1021.531583741173 0
3586.157113008625 8052.163008167402 0
7452.3981231217 10947.25839201384 0
2795.397601696702 8669.272314864698 0
14505.11671729407 12572.47852638194 0
14765.65027284548 12552.0587655551 0
14051.03219520742 7998.819947850669 0
3432.823418839193 11243.98356673386 0
13694.36114694394 4495.600170977313 0
7979.46213335282 1239.848719667611 0
4639.091102980456 1132.169799063761 0
4529.364792757384 1331.886480205686 0
7326.457495484288 2856.797704436365 0
3458.659263254431 12437.62924926476 0
1866.100229751456 8293.532303801869 0
10483.92802525296 12859.98770821948 0
11911.43561632065 9843.394534818399 0
1281.954791777294 12687.84876648606 0
10316.92963891465 2783.734913552678 0
13544.61196608041 3104.390789253927 0
12575.72043658594 1141.134163370733 0
3815.943694205233 8046.68812844849 0
4391.895283379821 750.9215598213614 0
9223.187221141565 13084.06247338923 0
9337.326153131762 13270.16026684464 0
9220.197097545768 13458.49077704932 0
6178.215345404236 2884.144514026801 0
6351.461832009605 520.6173967105645 0
6091.502178085178 11777.38385189391 0
8991.610398453678 13464.92193444396 0
4517.067332390172 939.7585500025891 0
6589.828887019292 13358.77717119082 0
14461.83966591453 11361.91577582131 0
3807.360531036746 4734.692005720002 0
13902.87325109035 3692.660860009283 0
6129.963549270773 13370.36909635706 0
6249.832825899449 13566.76077500112 0
6479.765544581864 13561.1979628247 0
12749.88283176005 11217.80418280517 0
13874.65639711598 2500.521258180974 0
9774.97637660162 4591.362571103821 0
7519.380041640086 1250.772681550094 0
7608.409881212034 12735.78269298271 0
3110.773226583567 7242.756731293445 0
5086.829758041926 4906.012494847688 0
7639.153547546986 1449.826595474414 0
8319.454089514114 1030.220831466431 0
11738.3922541732 12238.04307975633 0
4598.670743928884 4117.588886174231 0
6039.14803876 1891.346277649292 0
9234.467785983647 8099.435561016596 0
10551.11370207705 10673.28532909655 0
9051.791636968206 10510.34979318883 0
10154.11858236127 5181.500837327482 0
10771.41131942407 10269.46710800964 0
3025.350096600233 8663.69870148402 0
9631.396180024771 10695.54887345211 0
2824.276121024875 9863.999544030965 0
9333.388873845288 405.9900061667099 0
9439.864070583269 202.5926968746416 0
2666.026665519513 8075.387928830249 0
1171.957703975439 13269.9329597828 0
13626.44618429882 1708.348864490097 0
7179.096522612814 1461.97575407915 0
13121.39462247576 553.5251471213346 0
13352.21785379466 548.2079584089639 0
1204.760816632304 9503.127063975924 0
14275.27528978367 12576.98509892394 0
5492.330977803085 10797.70090989953 0
4263.120729565791 563.0354833932381 0
4366.493089200878 371.5817967983187 0
12361.68923427987 9434.026902506434 0
12989.31858121048 11610.45956756599 0
11762.98808815897 964.1947589738993 0
4481.802158329723 11816.29835598917 0
13495.86026588168 1117.884196898195 0
3494.822135416324 9050.915471711409 0
9924.791578446915 8496.553391784915 0
12941.30296553565 9619.220645747115 0
14055.19057791968 13380.98512801174 0
2833.911660939737 10262.25451929813 0
12998.5860179613 12008.65053862705 0
9448.929799604557 13453.4752238395 0
4017.979281477436 3932.585272552472 0
10626.70436394014 1382.839203671683 0
6249.773776589647 1091.872947830812 0
6408.116923026338 2878.602587905391 0
13516.45805384955 1910.084363115459 0
13252.50560177375 8216.998898524151 0
3577.398231869993 4740.247691261875 0
9106.636189310486 12894.11606746604 0
13363.7651706012 5100.988138916745 0
11107.21817033127 2167.240531074757 0
4030.283058394973 12225.36425844215 0
14220.81903089923 10186.0629503921 0
12107.05887269663 8246.164061977443 0
5861.570139988511 11782.9543671455 0
5899.693374646879 13375.86167640712 0
11063.72050782782 8071.193963954407 0
5321.80673434346 4905.461585381232 0
9861.327135325057 10689.98449489336 0
4957.815776832895 12601.39925228094 0
6992.441538521431 10958.12280713122 0
4164.613633342721 8238.965647044944 0
6891.468766582928 11558.74797294643 0
7501.606178834032 13338.09677001727 0
8439.067494463236 1230.110261786857 0
11744.41026593342 13029.29415198406 0
13755.42685105917 2303.713596921935 0
12554.34867915434 4921.441608285309 0
13209.4564844472 11206.56897661962 0
10680.52397392829 11267.8779415968 0
9932.090893959761 5193.281345279755 0
13501.23064664137 9007.556142222949 0
8347.888933327187 2233.699729359576 0
7600.001813541477 12338.23753601029 0
3552.582508080383 11440.31840111108 0
13574.49668161054 4299.216169338264 0
12224.86950963502 7652.0604664998 0
11590.62357522831 10847.37606230686 0
2776.279976130564 7874.210960476716 0
3677.865731882553 4140.073525907773 0
11159.29818847142 12052.98067922201 0
14005.47346879082 10987.15512109773 0
2772.022592477081 12847.75114646928 0
13750.60166235706 9798.582944995675 0
13248.30408712056 7415.509360216209 0
12433.87820472654 12618.90985717503 0
10086.97307302772 2789.170386441649 0
11057.08774680321 13042.78255578382 0
13480.03403735893 733.9086662794917 0
9971.490144410735 10488.08768678356 0
1636.372744562721 8299.132790123989 0
6417.888124479856 3276.944791398087 0
13635.98500723813 2106.861346516432 0
10120.10798847223 11879.10019017474 0
13915.85764013399 11986.24992400369 0
2072.00661896212 12073.30923593998 0
1775.269920810964 9291.142053112078 0
3974.069294550611 9836.603110010776 0
3921.000846705763 12823.60019221873 0
7733.044247076141 13329.91698385375 0
14024.93779608519 11783.11968469381 0
2886.645597736474 7672.518514849221 0
1435.065339226231 9497.89854439006 0
10546.88319104241 2778.271798314294 0
13247.71966180634 7817.63513441035 0
12805.8104021841 1135.136845339437 0
14280.97876862814 5082.180701077016 0
14057.06647327014 8395.555738622521 0
13948.78470910524 8597.121451085657 0
7811.222077696457 11536.52518280415 0
2997.390836994489 7467.905443787524 0
3457.586447984314 4543.889630685215 0
1392.399366662066 12487.76673455444 0
2603.98242290196 10267.81389337125 0
9873.887547742315 3587.375003581334 0
3461.11700793711 12833.48799543696 0
11508.33275648658 12243.46529615132 0
3854.28281128133 9640.185208976476 0
12831.1575235454 9821.136304321633 0
9320.179928598078 12097.7136933447 0
12985.20759061728 3715.635165399343 0
11762.53329632076 7658.491567204124 0
1854.792452864733 12867.68542157723 0
4368.058953696411 4123.294007447269 0
11370.32094939549 11251.18990077286 0
3604.961301056565 8849.023039504165 0
14431.98062922623 1897.833375935066 0
9566.192819666181 13264.46660524773 0
13577.55832122603 12193.96012048009 0
8534.193176906228 13103.4148152629 0
9760.828610162349 3786.312081464721 0
3624.274500713801 9645.564376571007 0
5741.777269702125 11586.63363216167 0
3614.641548946326 9247.357278733574 0
10104.69790628184 3583.850488528905 0
9851.746385068838 10291.77464277782 0
1813.810239345012 10884.64892086784 0
14167.90069093071 5282.083838684232 0
12500.71421823532 10426.87013306897 0
11524.40679324704 5145.270011795182 0
10642.01173058452 9674.877683625804 0
2188.451343310659 13436.80320937892 0
2294.179966170143 13624.54693890014 0
11422.34096883939 5740.084909462968 0
11310.41947099872 5934.400026418545 0
13143.24224731433 5500.560449653529 0
11525.73477775598 7659.186937820942 0
12635.56456560766 3524.870166204189 0
5069.806850063094 12399.64760938585 0
13943.05453413893 13182.27619207021 0
12423.4826920056 13410.15110796696 0
12528.56505776432 13605.6375973697 0
12343.4646141283 8637.889759852187 0
12224.95110342573 8441.929439088282 0
13602.09492302742 5490.495773133385 0
5602.317629650162 10597.83348741651 0
3653.124521911523 10840.19292068586 0
3504.476964650083 9449.187422080096 0
3542.974372938609 11042.08495850829 0
12559.25229115054 755.6427793693057 0
9430.348716824141 11895.85302005402 0
11916.87478706061 2346.82179327952 0
10962.78310352039 8670.9346265317 0
5474.044116923962 10012.56770500555 0
6642.544530158129 10767.34956863424 0
14422.36348009733 8981.080410332685 0
11897.36565715646 1550.807284270255 0
1842.231186731729 12078.94956786874 0
6182.25999282601 10780.37232799068 0
7616.665232598006 13554.94381754325 0
6762.324261664814 10963.80398097419 0
1094.36129481067 9705.426276112496 0
11754.3402183725 5139.712310925946 0
12693.87091577353 5895.241008791812 0
4314.63808346913 9630.045172972761 0
13850.65890852453 9197.738314652248 0
9961.936258017788 10089.89632672748 0
7792.697981942933 10739.92357120924 0
9857.021490889594 2794.606208635947 0
13372.8046079705 5495.472766679996 0
11073.15350915779 8469.121886978561 0
10018.89308269812 12478.05819563558 0
10670.89453897275 10869.62885346096 0
706.8834607561521 12508.39126941812 0
10579.91380894012 11867.91720845631 0
11395.04812680405 4551.074725908475 0
2642.336250144669 11860.67753499276 0
2531.836971610489 12062.28177769704 0
14450.33011197604 10180.45832713265 0
10522.26396449931 9478.551891670759 0
9516.878169182046 3001.664524734433 0
10067.72443498697 1993.077755243146 0
10454.9676654412 3776.028042890683 0
3883.053568016844 10834.66889317667 0
12950.92894643226 10017.48090517472 0
11662.28792498813 9052.481091099744 0
1694.208750862298 10688.30923111181 0
11278.45390759396 12248.94473847649 0
9008.116096826012 1017.228803769726 0
13132.4035317275 7619.853798378888 0
10852.69886965498 8872.846417470657 0
12597.03591943179 1931.932607172008 0
3893.001698426261 13610.1975194795 0
10359.20640574616 12271.14800256363 0
11285.7364078594 13038.13448478689 0
10891.19221487791 10465.81088462554 0
4371.275244586298 12018.12679460152 0
13804.41638738102 4293.798409449586 0
610.8401151013469 13102.02858509421 0
11183.93802684348 8267.299287077787 0
11295.67232620799 8065.263278002689 0
1106.114444557378 10105.86630560871 0
1215.115219867251 9902.94739491813 0
6292.351185401666 10579.32125442493 0
14613.86683233111 4086.295713830661 0
13218.99147891813 11604.80503955121 0
4682.958207430297 10617.09443899447 0
11303.56339764557 5546.291271775569 0
662.946474948345 10907.82309159119 0
2750.529910095228 13620.75292402112 0
4895.333636558993 9819.440501478499 0
2420.955909119166 12263.54023187065 0
5307.106874007267 12792.15932897942 0
11409.15417192016 7862.672703893924 0
10937.68605186065 12455.56714065562 0
11167.27249940192 12450.05522155901 0
7489.39431496327 12539.86969087758 0
11542.6295603549 8856.180950833737 0
4434.393056635934 9826.7736926381 0
4112.978555719537 10829.18347626595 0
11414.10870839535 5346.33486705742 0
12141.36915423164 9837.832368391506 0
13429.88031962829 10802.86770348102 0
1483.485678000074 11490.58713241421 0
7103.338041219493 10755.73630522589 0
12573.31787901293 8632.253900183146 0
13913.88399502491 4091.871429692385 0
7259.627275927874 12545.48932941429 0
3690.410335124062 12828.40122369393 0
935.3676585665349 12500.92027200599 0
9128.242848132119 1215.991942400414 0
12390.56758564606 10628.77888294485 0
12784.26863811273 4915.802632022165 0
12481.45833041026 9630.364437710663 0
12711.38516627892 9624.79668695343 0
5952.247768296716 10786.07389429772 0
4554.041413520185 10023.4598445994 0
13070.69614984604 10213.83412689415 0
5188.345152685059 12595.89987192335 0
12740.27285430381 10819.56061598652 0
12860.02337555785 11015.89474643319 0
8510.541982031555 11918.00492758976 0
7029.906887203983 12551.08823877333 0
7912.059861848539 10936.32121628417 0
997.8988451604416 10308.33058881976 0
7333.304311148263 10750.5759206056 0
10565.76562790658 3574.478501140616 0
12251.52527114619 9635.927573114883 0
12456.18811429795 7240.77799206383 0
6019.90010721711 13572.32358717753 0
5126.259802478613 9817.870898840603 0
9377.965149326472 2009.621833769916 0
12376.7516803464 2335.677157370186 0
9397.083446985527 2805.633536966739 0
6570.431193840265 12562.46231345567 0
9746.791743889018 2996.024117123076 0
424.1630231496857 11726.49412109087 0
2079.507455563811 13247.96376757523 0
6910.430663019421 12355.0071975284 0
4342.894919795222 10823.76631382403 0
1593.579701491014 11288.53692428833 0
12017.32098141438 1746.848011478069 0
10632.42850526714 9276.646531305747 0
5426.28111479175 12988.39562320222 0
889.8607385053151 10509.38761847571 0
4453.054357795396 10622.21350612428 0
5244.388434770048 10013.82589911813 0
10915.68083658798 3765.571460898375 0
10254.15011355804 12864.97951276597 0
7563.11449138237 10745.2919845704 0
5419.325021209486 12590.41747863918 0
5511.83311133276 11592.20771049465 0
14657.97759882446 1909.513938579999 0
9358.073284674254 1211.31837701695 0
6340.62251818233 12568.1820354195 0
1703.700933995495 11086.56809118993 0
14022.79851113254 3889.431526925977 0
14131.40406918244 3686.124880906684 0
10253.22114437112 13250.33605860326 0
11312.64425177452 8861.724815386344 0
12879.02848144262 11812.34198253532 0
13360.63849585283 13394.00327629057 0
11396.91963394435 13230.69722082503 0
5281.885095267717 11597.78222813447 0
13099.3613211982 11408.50077655428 0
1968.081488533992 13058.19262082472 0
5650.408621583947 12584.95343689938 0
779.5521271132144 10708.83280855101 0
10862.30911713975 9271.056822839224 0
13319.62250231173 11004.68976554888 0
5191.054571223915 13391.24404183225 0
5056.147789551384 13594.56046985949 0
12979.70541145226 11212.20244082703 0
5311.131907106148 13189.89872081866 0
6110.753984591783 12573.85109338866 0
9588.089318016551 1206.809000365089 0
9166.95229350841 2811.036260082718 0
5880.83725945402 12579.45464072115 0
5162.089451562931 11401.55488765784 0
11145.74337358851 3760.095591052716 0
13659.15810001031 10797.27029455928 0
11505.61910094683 13422.91359941677 0
11611.93450161324 13615.02222759931 0
8825.257363096502 3016.44409135091 0
11192.96161387966 8665.418258454607 0
9056.534196814628 3012.471815751438 0
14238.72343008203 3482.876882658238 0
9817.843901642445 1201.875612865628 0
10047.28207664908 1196.82450713062 0
5042.279099169446 11205.41478080464 0
8706.180005342998 2821.690438665015 0
10276.43469670013 1191.865515133465 0
10137.03492356916 12672.04179307078 0
10735.37464069299 1182.049396641465 0
10964.96135682652 1177.208683972288 0
13887.98626065786 10791.76503527616 0
4922.476308322655 11009.3459670119 0
4802.702928438772 10813.29060090945 0
12065.57522995813 3737.91072473274 0
11375.73616752041 3754.571350706434 0
12256.96114073163 2139.35447545231 0
10505.75872642749 1186.98594397513 0
12137.14438141503 1943.099930406923 0
8475.993147200737 2827.990022129363 0
12075.20868452374 4136.162006098417 0
11072.71551455606 977.6070853467287 0
11302.47510070199 973.2286272533097 0
8245.834575092193 2834.716246152306 0
11605.69385981827 3749.02469246442 0
11408.92529627547 775.6529003564099 0
11388.4897531426 386.8275401322826 0
14115.7694324407 10786.54711795688 0
8015.573217220728 2841.007642124244 0
14342.13339411887 10782.09228689423 0
11835.63715962988 3743.469181858896 0
11383.5041916041 13616.93071974471 0
14463.85798265187 3473.564333985595 0
6537.920423898344 3473.519855684021 0
9272.22577631545 10106.62882198221 0
9492.769235800903 9703.018682199359 0
9612.376990586079 9899.232560736413 0
8500.98632485628 11519.85335928363 0
8850.68934745769 11710.62170234344 0
8620.745996249891 11716.16967445291 0
5398.871979604905 3898.348525208829 0
8280.586263780857 11923.54504149193 0
5138.71339933169 2710.018841816272 0
6198.070739280744 3681.188379475061 0
5618.262572876812 3495.360250555983 0
5368.644507724573 2704.458936984595 0
5508.492223559475 3697.009340601994 0
4458.569032872274 3124.947691365262 0
4338.756216992497 2928.618710695301 0
1999.488884153002 1391.807160702876 0
4209.318951853638 2334.036755911402 0
2549.166440641765 785.7558497179867 0
2526.62495474421 392.3271472730152 0
4319.462395811401 2132.147658467355 0
2443.835156841177 985.2957294169897 0
5358.988962650555 2306.220085562118 0
2214.998940086504 989.7608750747301 0
2228.758218702815 1386.680247422118 0
3069.287136888822 2760.104386544647 0
4448.900342991263 2726.713871498996 0
2839.355352362559 2765.666346392843 0
4329.108874015275 2530.374765553644 0
2360.003424290177 1980.449156905023 0
7697.004156686235 3843.684002073464 0
7020.348233763692 4260.628065887948 0
7324.888811378737 9957.541675405679 0
7249.783459753338 4253.897859494403 0
7545.747977738401 9950.222558796628 0
7570.373025455563 3647.087293530499 0
7994.830044072152 9540.103461568364 0
5325.678116964296 343.1487952043995 0
1732.575619959281 6393.172713232416 0
6256.657877314705 6412.457382804218 0
9537.91102146567 7155.179170482505 0
3999.459259587813 7015.146971692931 0
13038.74161894253 7008.726487394897 0
12575.04911618393 7019.029520248521 0
10554.25754773904 6391.252787480621 0
2418.764107244304 6394.143566260194 0
803.5729630861762 6978.721851995122 0
2862.667317411384 6976.819758549184 0
1947.720066703863 6986.975908438032 0
2405.742570286503 6985.101531789684 0
11675.2286447202 6426.805132818337 0
4918.761908288178 6426.81045389066 0
4461.193123784427 6425.094691906883 0
10993.09606621187 6975.31382615914 0
12135.63039792205 6418.663111303644 0
14426.86435678156 6421.736195014618 0
12593.87560881633 6415.538360105873 0
5746.357586534117 359.2739951876952 0
6459.191158436581 315.6231746334282 0
5912.92948713737 5116.901821058661 0
13366.76388998438 7210.882960446581 0
14566.24023382221 10778.84965258887 0
8641.931337745764 6433.357462706804 0
6358.068662255839 6966.642537292124 0
14814.33045425744 5576.761414287482 0
14813.12496847453 5350.333331751572 0
185.3920442430039 1940.351380223164 0
184.9917382331531 1713.586815054359 0
205.726712564314 563.7626391219765 0
183.2829720646882 4893.402985577219 0
14811.09550169218 3533.681109371646 0
190.8953742035085 3085.858951251356 0
14768.01855508319 557.0537615605781 0
14774.14889875989 1269.543288591076 0
14803.49970243462 2380.472373816387 0
14795.46429198554 2861.592450646132 0
197.3114530495415 3533.776943273304 0
8555.279204711984 8926.743873934623 0
11847.62754865952 382.861964195618 0
361.4060513062078 13788.69609082771 0
6250.249725080364 13810.10455009496 0
813.8822639117885 13821.62270472981 0
14241.4778974263 13796.94618706435 0
14599.45088716739 13680.48001955311 0
1943.047511596784 13814.52142688255 0
6706.166373194097 13823.35561352519 0
14452.99372919458 181.5458498504788 0
12404.74703370848 188.4825403048305 0
12859.75905325258 185.3529275931613 0
13316.90475147716 180.3444804904362 0
10805.26628605217 13811.41068989246 0
10350.38210504026 13813.89583142967 0
9210.639368196142 13821.11157690287 0
8187.956445732001 6970.450342666589 0
6811.452785368162 6431.044437552471 0
211.7308510010694 12095.79952289044 0
194.8557158514797 10062.5 0
14813.9919541073 8488.179520896447 0
14805.14428414851 10062.5 0
14800.92132701924 9842.059882589932 0
14806.65305270154 10510.12022328286 0
222.5521972266215 12531.83979862978 0
174.4663821203606 8034.326086610678 0
182.0432691222857 7810.858907593898 0
194.8557158514552 11637.5 0
224.0807936485263 10515.57281374402 0
180.8035893311448 9616.991530094519 0
14819.21939048774 12086.32784446924 0
175.7925720883775 13213.87469161044 0
5795.454545469228 13804.20344505845 0
9790.663490575895 401.9559992404852 0
9586.03485131989 8702.666714879728 0
5111.013758555921 5687.99451841835 0
5475.863593733073 9229.733751353295 0
1387.816871320697 404.5651345310071 0
5146.729552214098 7003.807148656308 0
13933.33093977905 13585.0699078996 0
14615.85093117879 11975.03467019142 0
7287.769716531009 7959.832388709739 0
13495.11073999309 7004.937886899193 0
5340.156964732989 5685.060754844756 0
8163.821381001489 5685.244399447378 0
8211.927703996707 5978.968909063269 0
9875.705792429017 6171.504050120958 0
1399.568727029592 6193.315183159265 0
426.5415567995522 2220.963422986639 0
9016.02352519409 8915.65937342375 0
14605.3766846588 3662.339762940972 0
8063.475714198021 4446.998257350315 0
6885.696369670728 233.6387416426041 0
14787.72229858118 1706.852795031264 0
5577.450457217656 13803.92789387733 0
10123.36804036773 199.2235468878911 0
1717.198914535646 200.2296348403214 0
13785.62042877561 13793.75983010495 0
6454.51444741398 4479.480851809975 0
8531.718041156757 5304.489460785006 0
14819.73207512377 3981.419242539251 0
13722.96640194151 7003.6111798138 0
1272.769005859224 6397.512745471266 0
14568.64937439798 3272.657739181107 0
13691.075661579 350.9535648684585 0
8983.923138220747 204.5461144456644 0
9467.84288227879 8503.889473412321 0
14798.9711091848 11177.63798124382 0
14809.87105664857 11637.50000000004 0
9300.601128261478 4180.436620365127 0
7314.584605299275 6127.301101584482 0
7683.253231235944 7269.045409846003 0
9245.937456274953 8910.34350172013 0
13557.65161011319 13795.21228900772 0
5319.322992292392 13584.40923383045 0
197.4568905098852 2621.006836473422 0
1044.685146125592 6399.531198764574 0
10246.69695458559 397.2549345066587 0
14052.60644650096 7203.188783441274 0
1843.037255739117 399.0770190749895 0
8511.585763511164 8117.845367196934 0
5670.009284715205 5111.702134652212 0
7313.740656286264 6888.988130824486 0
9475.466984415558 8905.177736666899 0
5148.839079117424 13796.690866735 0
9122.827145450821 8306.279608948593 0
13237.41636176237 13595.26465610556 0
9667.848286838318 201.5761358205903 0
14182.22560836659 7001.07001935674 0
718.7316854206368 6204.717692626557 0
6575.401630205502 6801.990326284985 0
8424.598369794554 6598.009673714781 0
1261.839146694434 13818.62758360821 0
10578.65894736777 196.9148053920842 0
5590.698730565248 9431.077782907554 0
2172.177901829752 197.7789937903644 0
594.2766678465864 630.3491597900877 0
6930.247490333853 8542.208576883433 0
8180.845424854177 4656.576111636398 0
6301.61365965673 6097.139117330908 0
373.6567294474642 13105.22389868965 0
13096.3320594222 13798.36223095474 0
4815.449376730566 13599.19533614646 0
14652.13430285925 7018.158809964225 0
347.1418865768925 6975.227723059786 0
581.5795891451878 6407.984820120911 0
14493.38932615909 7205.47423757496 0
348.8751600767511 191.259877669407 0
14674.77721075496 170.956377526214 0
7538.747714584935 5641.08841222708 0
7444.624604300997 7762.83936722979 0
5901.968879504437 7068.933459307668 0
9098.031120500602 6331.066540689239 0
170.1927182664645 6259.892071762304 0
14803.31683068485 6250.58896910349 0
8743.823120173689 7865.001552619001 0
180.1170097011037 10983.83254710697 0
9336.359358193069 7179.949546846834 0
10702.74567157286 392.8837297516378 0
9666.65337660528 13817.77973527023 0
2298.496162675071 394.5271118856318 0
181.8175666881396 13653.42815968065 0
384.501630384997 13525.37294861512 0
9008.17793834089 8097.800981065622 0
404.0477145119572 1429.873453005765 0
6910.086485431229 6241.459161326226 0
8089.319735223366 7159.44695154954 0
4679.774248233566 13800.36759112179 0
12761.22623387169 13602.76706773019 0
7109.329780505371 6664.297267679396 0
7894.802363337044 6730.629520461761 0
8645.92567297248 6953.74065905886 0
6579.398400989042 4677.807911002935 0
1263.731270953548 203.603760100252 0
4948.139039228092 7211.448983917602 0
5533.318925187053 6260.674285298441 0
5241.868045388126 8819.88464000718 0
357.3902298994403 5209.648708573775 0
14612.07907376179 739.9339000604632 0
373.7109120247312 8138.560996417655 0
11034.25546952548 194.7941540598614 0
14815.28291517914 7349.600114352908 0
2627.409659447454 195.5417462705402 0
5548.061365394519 4916.285124684425 0
14602.57127073239 12365.32357254427 0
6443.740216975872 6095.286698647731 0
9299.0447039348 3781.062282084781 0
12629.98583034255 13802.07699399053 0
6372.396436576477 7182.204636815582 0
8627.603563423818 6217.795363184053 0
4351.057713765926 13605.20621836185 0
6725.757787537395 6393.417901347108 0
8274.219430238027 7005.998586039272 0
181.6871444260782 6042.769020205362 0
6925.163210326062 6849.446464304296 0
8077.624607530899 6551.314417510936 0
6457.735225775681 6306.167311597143 0
14611.16853954394 8192.137314425878 0
14620.39025917727 8567.641799819985 0
6779.227319077701 7423.132710533118 0
8558.336087346568 7293.777304896682 0
12298.07369619675 13608.16358720142 0
4221.081877394254 13803.31205867023 0
2754.554667212816 390.2524033115023 0
6817.201424217708 8341.873038248612 0
11159.49657298601 388.8640792863594 0
8300.247778547637 207.7143620477743 0
14613.85494299055 5287.909383029784 0
8432.968649170489 7282.791185003376 0
6562.839381614166 6111.955055044804 0
180.6702202256533 8478.042768143288 0
391.8308644115922 651.7419189127554 0
5587.691523815356 9819.642516067684 0
173.9730025134201 1024.137931036332 0
10268.97314679717 7133.249535127715 0
14621.0244133403 5657.671536450446 0
12171.82040885137 13804.82106137842 0
12119.0154474308 7464.354418759034 0
3993.052796068375 13804.64345010223 0
2669.25155620549 5946.693009713827 0
14798.04577370903 13660.10828003001 0
9005.967368078132 7706.701613973461 0
3082.999295013742 193.3159552602816 0
8934.309243097896 6504.05198681764 0
6065.69075690724 6895.948013181164 0
7980.877457927618 7619.216876946879 0
7019.141940270654 5780.659186771701 0
11490.52585635101 192.8104631664881 0
6807.706444608642 7299.060977169389 0
8525.974516287286 7086.132558836723 0
8509.080187233174 6326.797756122567 0
6490.772354565785 7073.19730828618 0
7736.700103929129 7445.739314337022 0
7263.299896070886 5954.260685662238 0
8381.369581354307 6860.117116535531 0
6618.552207976654 6539.802958938073 0
8374.163643011672 6757.188594007906 0
6625.835534849644 6642.812338122934 0
378.7332463026091 7738.323968352945 0
6627.400661463133 5452.465127149766 0
8379.119875489443 7943.978306569695 0
14835.3081299858 4885.587655115681 0
4831.932333667712 7414.47089896662 0
10173.33500925783 5950.550846727858 0
6480.128612309911 4886.697599442445 0
4052.538661864537 6289.342812475053 0
8056.439512312964 5271.626382481299 0
6165.029475051972 10015.68612996226 0
11840.63904885542 13613.03855037111 0
14832.76184833015 12764.19588555364 0
380.6045124396266 4820.312370506319 0
3664.376525189783 13612.5290008222 0
9062.914113572715 3769.740117668725 0
8887.355210118791 7555.093454152208 0
11887.05429176582 7463.90215134235 0
3211.281410916105 385.9288621039399 0
9630.057654706583 6967.730303448692 0
6176.932175581562 5692.842486338317 0
11617.51389364668 384.98054296314 0
181.4254111427613 12774.83013388713 0
2917.312848443527 5939.865341288297 0
14824.20966441791 13218.34213214017 0
11715.75617459069 13807.14880709059 0
6673.166998042286 7722.861037179471 0
8366.467449734973 5678.402728396419 0
8527.896730961611 13833.14645007572 0
9563.843725404764 4960.086789967423 0
3536.749811606426 13806.94286119546 0
7897.401995946359 6072.072457162937 0
7102.598004053742 7327.927542836591 0
14827.54773868 7798.677917178319 0
8922.627451662827 7012.677029064688 0
6725.443923067701 7011.351395445796 0
8274.556076932704 6388.648604553758 0
1961.319000943779 6391.67989188633 0
11948.03841692814 190.8115163345226 0
3538.956882982862 191.0525955149844 0
7641.903675264575 6487.026835923121 0
5846.060273580713 6350.079839178046 0
14545.18646407604 6240.582693864993 0
11487.74748654074 13808.0996999987 0
455.9137319435705 7157.408373249012 0
365.8488139219249 11520.08879713122 0
3206.849321588135 13616.65651086821 0
14078.21609272391 6241.012019911775 0
5819.772652166886 9823.841137111602 0
14816.07790114687 1018.634518040687 0
9304.718184675403 6323.219480346569 0
5695.281815336287 7076.780519647498 0
8330.439069342852 6474.898945747349 0
6669.583135712769 6925.127504375172 0
172.4357355759951 5601.539983092577 0
1151.172169943009 7158.609618771233 0
11155.53027281618 13618.95778017241 0
690.2692924962979 7158.368788563184 0
14309.45896967739 6241.02231609797 0
364.6502552600328 3637.567143678786 0
3668.852329724682 381.4657564543502 0
3080.906954493714 13809.07635524858 0
12077.22843522275 380.8920321067415 0
4936.547888020473 7621.87588452115 0
10069.71131721641 5765.885446975593 0
610.8451578935268 9343.577938986264 0
13737.08606116908 6421.309381637359 0
7425.526801484335 6271.298924319892 0
7569.478190681539 7117.011304657774 0
6835.650012533034 7678.76116735242 0
11032.52817854064 13810.1919689225 0
14825.73969769044 4427.348251742927 0
6602.497743364773 5080.049951799871 0
13389.69508230897 6243.685381562274 0
7843.655035555524 13835.25143171172 0
921.3846932562276 7158.608734711192 0
377.7090842667028 11936.59099373134 0
2853.048177352626 13810.03996911667 0
3996.59366184944 188.2881707422818 0
14637.20774939048 2275.871879800376 0
8187.957620957116 6101.51376191093 0
12306.04627201423 378.6952643187597 0
1491.315894432554 6980.034192490388 0
13966.4801973995 6420.836070959873 0
8268.681372973102 5550.769896907746 0
8946.518220643664 3585.499873088385 0
8604.706227179238 6316.457921224246 0
6395.29377282222 7083.54207877485 0
8733.750997663119 6965.302636222634 0
153.7927260418524 7354.538968472938 0
10699.90267490129 13623.23417826915 0
9267.795176306554 7344.995720403987 0
11223.25846242502 6458.176960444301 0
376.1349593490226 12327.46460699644 0
14648.7317411531 10177.19079459805 0
14847.30710066186 6040.543894743098 0
6510.254091794069 5279.951837587727 0
2522.064418119032 13622.47692632238 0
8714.160162177875 3584.208638324549 0
12109.23343212964 6962.334512540911 0
1262.507559696459 6979.372976681057 0
14845.38236121859 8937.5 0
4130.438083447218 375.8222839389846 0
5934.926899366774 10014.32653839405 0
10471.7091370714 13625.3628455967 0
12534.13962748967 376.1624458387801 0
5277.586464327984 6260.060766859547 0
6899.250410936978 9996.241398977916 0
168.2085699640452 9394.487908207138 0
14629.80305672399 9752.535984630529 0
2397.580848384619 13811.97107914953 0
13050.17151463099 6421.828337132724 0
13618.83228849283 6242.503882265754 0
152.278202900839 3985.969353589245 0
10243.55530612499 13627.70358062985 0
4461.537049731331 181.2636156793982 0
8365.347768358048 3735.830610383147 0
14849.04044122884 9387.5 0
5041.454640870264 7819.378876739586 0
9957.082029318153 5572.804893936556 0
14848.47068768328 1934.482758618711 0
353.2541477201831 3203.231919971495 0
156.0878214942084 8936.636236463535 0
12762.36175591554 373.1988560219813 0
2066.075809775317 13626.51996450725 0
7117.107109869113 13844.13358008152 0
9227.307416349884 6909.443893518199 0
3257.668565992895 7104.170161730886 0
144.3728571873463 11175.48351088103 0
5489.590010153172 7102.310199031879 0
9509.283337766667 6295.088487210241 0
14625.55891599681 1503.26446829132 0
10015.21291743091 13630.09760503061 0
6242.70188412881 5979.308262470929 0
1609.071665835148 7158.645342784061 0
13278.93146175146 6422.011315015976 0
8568.725533139295 6474.673803267505 0
6431.273530204699 6925.326346812388 0
4614.418189945333 367.5698962163076 0
6430.38785449168 6480.354713435859 0
8570.896926594616 6921.211647368087 0
1838.503885928713 13628.91087657082 0
6016.569169950689 6988.756253906775 0
8983.430830053503 6411.24374609091 0
12990.8796310224 369.7720679388196 0
9894.063076280996 13816.00624029279 0
7329.493351511179 5625.904107808762 0
7663.568286054711 7780.253450919735 0
7147.143120044414 6806.102041379911 0
1837.620265963662 7157.282793325649 0
4422.530659680864 7015.055180337677 0
9558.425694385107 13635.50013648158 0
1611.268000497272 13631.56138729618 0
14666.76200788792 13840.13475923534 0
6282.146884449173 9841.141175059534 0
4886.736452105287 137.3498917158076 0
14638.04257709881 2709.37809314024 0
342.1285762223297 9950.000000000027 0
13220.44619657258 365.7268329068086 0
14642.10261301852 10603.94836635894 0
2066.142411483628 7153.802000857842 0
12931.9576629614 6244.399662438283 0
7207.279515776701 5788.77890346871 0
7790.803453864302 7612.621364694285 0
7673.690203386734 5448.188826208894 0
6698.673947466413 6557.547041136171 0
8301.326052533313 6842.452958863127 0
5138.511413992155 8006.501240118291 0
9845.543617090965 5383.683396465256 0
1488.061171516963 13816.807356298 0
9329.85106596179 13638.58923933621 0
151.4460169602141 4431.633691224006 0
9853.847628888741 6970.683013539435 0
8594.638806854167 3752.932207931834 0
5095.806889528772 389.3474108154475 0
1159.654283904393 13638.19331342689 0
7864.521355581617 6606.934195743142 0
6505.106442263529 9852.167639287796 0
341.7481599233175 2046.133423476334 0
13452.45655208281 360.3438110723437 0
8874.300865536927 13649.88682054176 0
5028.772678542155 6254.114006101576 0
7238.209715067214 9773.703457116831 0
9101.620527148063 13642.85676037962 0
10069.91235324106 6102.104640327411 0
7982.525987545483 3647.484138482212 0
2295.725627626173 7149.405278269491 0
12703.21461485532 6244.778047710171 0
6363.650992851726 6360.280114880704 0
9943.779935239203 7133.141478682415 0
13778.76404066566 160.4814365977057 0
14666.35486553451 3873.721039707982 0
5335.448087704784 143.6859956290412 0
937.3524087453704 13642.29958477001 0
14666.39117816506 11754.9405078121 0
8190.321824236455 13670.43516744798 0
8826.63446097073 6046.831559533564 0
6173.2666908201 7353.105881119362 0
3598.470039550468 6956.49643102474 0
2524.607557697586 7143.643292623176 0
12474.20698314755 6246.847918130499 0
339.4781714439771 1615.328975648152 0
367.6147290740936 10679.91498922377 0
166.5739852111211 166.6578081890368 0
14838.70400872368 161.2693322922444 0
6249.195123997579 7168.670503499636 0
8750.785874873425 6231.324925777009 0
7462.366908531808 13693.96576527283 0
6142.203144590993 6419.175339998941 0
4795.672396797047 6251.869950503453 0
12248.93738132882 7276.522045071976 0
722.2777760623565 13647.19819981688 0
8756.330597582413 13829.37016735614 0
8418.234378504509 13665.83728835782 0
10326.76454261174 6958.44956105037 0
364.2814652746572 10354.59987121965 0
14648.24494837543 3439.629897314434 0
5544.423759480051 399.8921379844464 0
14834.37748492112 6434.766413480174 0
165.6225150793731 6434.766413480968 0
8917.0101348112 7896.190225927374 0
165.1139862391701 6964.014186793529 0
14834.88601376038 6964.014186792757 0
13975.71245576051 134.2558208780205 0
163.8517319377873 13836.7774057563 0
2751.193167028094 7137.594791557864 0
12244.92742590965 6251.293142355822 0
14836.55103248426 13837.18423850586 0
8359.782887568854 6606.703423651729 0
6640.217112277831 6793.2965764623 0
361.0410215897688 2787.836037931636 0
10546.23000112574 6964.575653588919 0
5047.377604353745 8160.802611820045 0
8396.199789282384 6656.419739364472 0
6603.800210717695 6743.580260635127 0
9744.198636417379 5214.038459561333 0
8290.110255150075 3572.434223961495 0
5819.430926884916 157.2349000847511 0
14641.46311458838 13503.01780163649 0
14671.15917271637 12199.99999999995 0
141.6550519176991 2399.671550989783 0
14862.2449731237 3072.74731663864 0
7508.336169644082 6922.432430778034 0
7868.333636488004 3804.174056237268 0
14169.68677190242 401.6815524447678 0
2967.271687636935 7130.252700808474 0
12015.65079362427 6259.277568994214 0
336.6306517642864 9518.634025753363 0
4567.537427465768 6258.293808447423 0
14859.27654876701 10965.07072981271 0
14648.91993576633 11335.82766550924 0
325.6961669978945 6180.018662878521 0
8070.884066312415 13837.4085603815 0
7766.560791120653 13670.3258396914 0
7030.886439400494 7440.789790604827 0
7968.140213538213 5957.1717396941 0
6023.05095454513 128.3024460859861 0
11199.87742940939 6088.524759642549 0
4744.855756890634 6963.585372349899 0
8609.655751600945 7059.891795527787 0
6062.820457420977 5531.525413878644 0
14610.69252636616 357.7115066920348 0
3289.021496391384 6952.644498467811 0
11787.1228082718 6268.373005640229 0
14367.4851392018 375.2826667361328 0
4361.9589704421 6270.173747310648 0
10666.38351566495 7130.620197829247 0
6835.434953186705 8010.116655308521 0
4025.849419365324 6448.276835843102 0
3715.897436727479 6437.811700148912 0
10079.03975224709 6461.711287631581 0
6592.017426412595 10023.04574660785 0
7137.146516255966 9572.10625267491 0
6237.181180689928 372.5019085289226 0
322.5737259093395 13325.00000000005 0
7459.767942860432 6459.357894442486 0
11572.60188171993 6274.738659642143 0
14667.12837504085 4300.630102522706 0
10889.99565608583 7133.538355675002 0
4925.435130954088 8449.933095948747 0
14680.04051535226 7220.790995186924 0
7425.637224175184 13847.46324458922 0
9405.081098927471 4997.523274230864 0
14671.02095817061 911.3076157841397 0
6462.812215203914 131.3916288321828 0
7051.411649591728 13681.16236611726 0
5748.418978064315 7317.945741460277 0
9249.760265726043 6083.463456553412 0
9198.167449456954 7482.861481203567 0
797.6253490228875 9079.149472202636 0
324.3845242759222 8355.759753034486 0
5695.518209664642 6352.997645480736 0
159.4134350527139 5284.842692212878 0
2715.987281574153 6254.199226155086 0
322.1542034548274 12898.58542327348 0
6887.704494624951 6371.93725123544 0
8110.371805772382 7037.957165917202 0
3639.349062969415 7102.829346543282 0
9205.0859624857 4515.766387472662 0
11910.66801586471 6930.689715256451 0
11094.24864346831 7123.570708575229 0
6821.024190022564 13688.65704833697 0
6230.78564245001 7578.015311308951 0
8766.045185263636 5822.715934341108 0
6742.659424891072 6474.435788690736 0
8256.010355335602 6926.649150559049 0
6683.983282208137 342.3265045196382 0
6593.217513753747 13688.79508905234 0
14685.67177180116 13334.65016398012 0
2862.783157917404 6475.997279333218 0
6550.350553207534 6640.202337168957 0
8449.649264560292 6759.797869443532 0
8450.392097914715 6647.409927886956 0
6549.607902085181 6752.590072112806 0
6364.768177079146 13687.97584627561 0
3662.451940737593 6282.651007784916 0
14675.43425712138 8378.825209646235 0
5282.892485899169 7105.40189245082 0
6942.371427959619 9840.598292356928 0
317.4840397956144 5008.095224943689 0
533.0720438123545 13650.88956018849 0
313.3873180405206 7925.000000000001 0
9725.584620392359 6296.411368852626 0
5646.084491143494 4611.907038822986 0
14677.50241628063 5466.451879279532 0
6137.660918779347 13685.04778797427 0
$EndNodes
$Elements
13 10156 1 10156
1 1 1 32
1 8 13 
2 13 14 
3 14 15 
4 15 16 
5 16 17 
6 17 18 
7 18 19 
8 19 20 
9 20 21 
10 21 22 
11 22 23 
12 23 24 
13 24 25 
14 25 26 
15 26 27 
16 27 28 
17 28 29 
18 29 30 
19 30 31 
20 31 32 
21 32 33 
22 33 34 
23 34 35 
24 35 36 
25 36 37 
26 37 38 
27 38 39 
28 39 40 
29 40 41 
30 41 42 
31 42 43 
32 43 9 
1 2 1 32
33 9 44 
34 44 45 
35 45 46 
36 46 47 
37 47 48 
38 48 49 
39 49 50 
40 50 51 
41 51 52 
42 52 53 
43 53 54 
44 54 55 
45 55 56 
46 56 57 
47 57 58 
48 58 59 
49 59 60 
50 60 61 
51 61 62 
52 62 63 
53 63 64 
54 64 65 
55 65 66 
56 66 67 
57 67 68 
58 68 69 
59 69 70 
60 70 71 
61 71 72 
62 72 73 
63 73 74 
64 74 10 
1 3 1 3
65 10 75 
66 75 76 
67 76 11 
1 4 1 32
68 11 77 
69 77 78 
70 78 79 
71 79 80 
72 80 81 
73 81 82 
74 82 83 
75 83 84 
76 84 85 
77 85 86 
78 86 87 
79 87 88 
80 88 89 
81 89 90 
82 90 91 
83 91 92 
84 92 93 
85 93 94 
86 94 95 
87 95 96 
88 96 97 
89 97 98 
90 98 99 
91 99 100 
92 100 101 
93 101 102 
94 102 103 
95 103 104 
96 104 105 
97 105 106 
98 106 107 
99 107 12 
1 5 1 29
100 12 108 
101 108 109 
102 109 110 
103 110 111 
104 111 112 
105 112 113 
106 113 114 
107 114 115 
108 115 116 
109 116 117 
110 117 118 
111 118 119 
112 119 120 
113 120 121 
114 121 122 
115 122 123 
116 123 124 
117 124 125 
118 125 126 
119 126 127 
120 127 128 
121 128 129 
122 129 130 
123 130 131 
124 131 132 
125 132 133 
126 133 134 
127 134 135 
128 135 1 
1 6 1 66
129 1 136 
130 136 137 
131 137 138 
132 138 139 
133 139 140 
134 140 141 
135 141 142 
136 142 143 
137 143 144 
138 144 145 
139 145 146 
140 146 147 
141 147 148 
142 148 149 
143 149 150 
144 150 151 
145 151 152 
146 152 153 
147 153 154 
148 154 155 
149 155 156 
150 156 157 
151 157 158 
152 158 159 
153 159 160 
154 160 161 
155 161 162 
156 162 163 
157 163 164 
158 164 165 
159 165 166 
160 166 167 
161 167 168 
162 168 169 
163 169 170 
164 170 171 
165 171 172 
166 172 173 
167 173 174 
168 174 175 
169 175 176 
170 176 177 
171 177 178 
172 178 179 
173 179 180 
174 180 181 
175 181 182 
176 182 183 
177 183 184 
178 184 185 
179 185 186 
180 186 187 
181 187 188 
182 188 189 
183 189 190 
184 190 191 
185 191 192 
186 192 193 
187 193 194 
188 194 195 
189 195 196 
190 196 197 
191 197 198 
192 198 199 
193 199 200 
194 200 2 
1 7 1 29
195 2 201 
196 201 202 
197 202 203 
198 203 204 
199 204 205 
200 205 206 
201 206 207 
202 207 208 
203 208 209 
204 209 210 
205 210 211 
206 211 212 
207 212 213 
208 213 214 
209 214 215 
210 215 216 
211 216 217 
212 217 218 
213 218 219 
214 219 220 
215 220 221 
216 221 222 
217 222 223 
218 223 224 
219 224 225 
220 225 226 
221 226 227 
222 227 228 
223 228 3 
1 8 1 32
224 3 229 
225 229 230 
226 230 231 
227 231 232 
228 232 233 
229 233 234 
230 234 235 
231 235 236 
232 236 237 
233 237 238 
234 238 239 
235 239 240 
236 240 241 
237 241 242 
238 242 243 
239 243 244 
240 244 245 
241 245 246 
242 246 247 
243 247 248 
244 248 249 
245 249 250 
246 250 251 
247 251 252 
248 252 253 
249 253 254 
250 254 255 
251 255 256 
252 256 257 
253 257 258 
254 258 259 
255 259 4 
1 9 1 3
256 4 260 
257 260 261 
258 261 5 
1 10 1 32
259 5 262 
260 262 263 
261 263 264 
262 264 265 
263 265 266 
264 266 267 
265 267 268 
266 268 269 
267 269 270 
268 270 271 
269 271 272 
270 272 273 
271 273 274 
272 274 275 
273 275 276 
274 276 277 
275 277 278 
276 278 279 
277 279 280 
278 280 281 
279 281 282 
280 282 283 
281 283 284 
282 284 285 
283 285 286 
284 286 287 
285 287 288 
286 288 289 
287 289 290 
288 290 291 
289 291 292 
290 292 6 
1 11 1 32
291 6 293 
292 293 294 
293 294 295 
294 295 296 
295 296 297 
296 297 298 
297 298 299 
298 299 300 
299 300 301 
300 301 302 
301 302 303 
302 303 304 
303 304 305 
304 305 306 
305 306 307 
306 307 308 
307 308 309 
308 309 310 
309 310 311 
310 311 312 
311 312 313 
312 313 314 
313 314 315 
314 315 316 
315 316 317 
316 317 318 
317 318 319 
318 319 320 
319 320 321 
320 321 322 
321 322 323 
322 323 7 
1 12 1 66
323 7 324 
324 324 325 
325 325 326 
326 326 327 
327 327 328 
328 328 329 
329 329 330 
330 330 331 
331 331 332 
332 332 333 
333 333 334 
334 334 335 
335 335 336 
336 336 337 
337 337 338 
338 338 339 
339 339 340 
340 340 341 
341 341 342 
342 342 343 
343 343 344 
344 344 345 
345 345 346 
346 346 347 
347 347 348 
348 348 349 
349 349 350 
350 350 351 
351 351 352 
352 352 353 
353 353 354 
354 354 355 
355 355 356 
356 356 357 
357 357 358 
358 358 359 
359 359 360 
360 360 361 
361 361 362 
362 362 363 
363 363 364 
364 364 365 
365 365 366 
366 366 367 
367 367 368 
368 368 369 
369 369 370 
370 370 371 
371 371 372 
372 372 373 
373 373 374 
374 374 375 
375 375 376 
376 376 377 
377 377 378 
378 378 379 
379 379 380 
380 380 381 
381 381 382 
382 382 383 
383 383 384 
384 384 385 
385 385 386 
386 386 387 
387 387 388 
388 388 8 
2 1 2 9768
389 3400 612 3402 
390 3458 4553 4885 
391 2975 448 2977 
392 298 787 2988 
393 1984 1620 4821 
394 1985 1621 4822 
395 3128 2198 3926 
396 426 3486 3487 
397 2977 448 4882 
398 3040 1587 3294 
399 426 3049 3486 
400 2985 1583 3488 
401 1587 3040 4521 
402 2906 1712 5033 
403 2246 3103 4548 
404 2923 1720 2956 
405 3789 1129 3791 
406 4392 395 4589 
407 2872 4392 4589 
408 4575 3302 4847 
409 3179 2974 3221 
410 2606 2605 3050 
411 130 131 3790 
412 1712 2906 3653 
413 4553 815 4885 
414 2943 1619 3094 
415 1407 3171 4655 
416 2195 3006 4716 
417 3088 3087 4819 
418 1705 2908 3071 
419 62 63 4904 
420 2998 1478 3135 
421 3049 426 4524 
422 297 298 2988 
423 2867 3049 4524 
424 4680 3148 4974 
425 4627 1984 4821 
426 4628 1985 4822 
427 2870 2872 4611 
428 2872 4589 4611 
429 3039 419 4521 
430 3195 3194 3245 
431 1720 2923 3112 
432 2875 433 2973 
433 3114 2198 3128 
434 1464 2918 2920 
435 463 2995 4415 
436 3050 2605 4598 
437 2953 1465 2955 
438 4631 1603 4641 
439 4434 4631 4641 
440 3106 1637 4562 
441 1378 3633 3634 
442 2878 2998 3135 
443 3107 3106 4562 
444 3137 2889 4902 
445 2907 2906 5033 
446 317 318 4096 
447 2203 2992 4626 
448 2849 3222 3236 
449 490 4575 4847 
450 2613 3148 4637 
451 2908 1705 4539 
452 3040 3039 4521 
453 3194 2628 3245 
454 2974 1871 3221 
455 1585 2867 4524 
456 442 430 4713 
457 2867 1585 3151 
458 1378 2987 3633 
459 4609 2904 5060 
460 2195 4716 4745 
461 4659 421 4684 
462 3313 4659 4684 
463 2969 1379 3043 
464 433 2875 3125 
465 3398 1623 3400 
466 1617 3033 3034 
467 63 3126 4904 
468 3018 3011 4542 
469 3028 3021 4543 
470 463 4415 4874 
471 2547 3156 4693 
472 3148 2613 4672 
473 1494 2948 3328 
474 101 813 4518 
475 1091 3967 3968 
476 412 4595 4691 
477 4595 3220 4691 
478 2967 1631 3073 
479 3107 942 4596 
480 942 3107 4562 
481 168 169 3113 
482 3328 2948 5077 
483 3072 1650 3658 
484 3136 2899 4930 
485 2223 3065 3067 
486 2226 3068 3070 
487 3006 1086 4716 
488 2921 420 3112 
489 4596 942 4614 
490 816 130 3790 
491 2839 4596 4614 
492 1623 3398 3401 
493 4598 2605 4667 
494 2870 1603 4631 
495 3110 2264 4763 
496 2918 1464 2965 
497 4399 1615 4584 
498 3128 2904 4609 
499 1603 2870 4611 
500 4707 1622 4719 
501 3163 4598 4667 
502 2864 4707 4719 
503 1617 3032 3033 
504 3171 2631 4655 
505 3148 4672 4974 
506 412 2916 5012 
507 4539 1705 4638 
508 813 2972 4518 
509 2198 3114 3966 
510 2916 412 4691 
511 2959 445 4964 
512 489 317 4096 
513 2949 4539 4638 
514 3103 2246 4664 
515 430 1809 4713 
516 486 478 2979 
517 484 476 2978 
518 3057 2223 3067 
519 3058 2226 3070 
520 2905 1725 3222 
521 171 172 4723 
522 1725 2905 3221 
523 3007 1087 4602 
524 3047 1479 4789 
525 3045 1480 4790 
526 3222 1725 3236 
527 1653 3125 4053 
528 2982 1458 4788 
529 2992 2717 4626 
530 2608 4666 4918 
531 3052 3177 4721 
532 612 3400 4758 
533 397 2999 3085 
534 2628 3194 3197 
535 2960 2938 4774 
536 4643 480 4658 
537 3271 4643 4658 
538 3488 1583 4846 
539 2942 2839 4630 
540 4768 410 4784 
541 3745 4768 4784 
542 2839 4614 4630 
543 4391 445 4523 
544 4014 1586 4525 
545 1807 3046 4807 
546 1806 3044 4806 
547 3094 1619 4855 
548 2631 3171 3172 
549 1494 2946 2948 
550 3018 4542 4840 
551 3028 4543 4841 
552 2013 3035 4052 
553 2930 4391 4523 
554 4013 4014 4525 
555 2948 2950 5077 
556 2949 4638 4700 
557 1635 3264 4673 
558 2628 3197 4608 
559 4548 3103 4728 
560 2026 2960 4774 
561 3111 3110 4763 
562 400 2962 3114 
563 574 486 2979 
564 495 484 2978 
565 2950 2949 4700 
566 2955 1465 4849 
567 3524 411 4731 
568 2823 4752 4754 
569 2824 4751 4753 
570 4685 1604 4704 
571 1602 170 3116 
572 4284 4685 4704 
573 445 4391 4964 
574 4800 1632 4815 
575 2863 4800 4815 
576 2904 3128 3926 
577 411 3524 4943 
578 4639 1410 4902 
579 2388 2386 3115 
580 1650 3072 4867 
581 4666 3161 4918 
582 3087 3089 4819 
583 4702 2979 4726 
584 2591 2938 2960 
585 3085 2999 4962 
586 1584 2930 4523 
587 461 4013 4525 
588 3791 1129 4728 
589 99 100 4791 
590 1984 4627 4750 
591 1985 4628 4749 
592 4434 421 4659 
593 2659 2979 4702 
594 421 4434 4641 
595 3156 2612 4693 
596 1458 3086 4788 
597 2930 1584 3289 
598 461 3084 4013 
599 1600 3738 4551 
600 1129 3789 4730 
601 3264 1635 4956 
602 1039 2980 4717 
603 4552 3342 5015 
604 475 483 4683 
605 477 485 4682 
606 4718 443 4733 
607 3717 4718 4733 
608 2935 4581 4847 
609 4578 2661 4579 
610 1091 3056 3967 
611 4161 4869 4892 
612 4869 1611 4892 
613 488 477 4682 
614 487 475 4683 
615 399 3004 4788 
616 1615 4399 4830 
617 2946 1494 3038 
618 2889 3137 4711 
619 2899 3136 4712 
620 3114 2962 3966 
621 2905 3179 3221 
622 3152 459 4603 
623 2923 2921 3112 
624 3000 1479 3047 
625 3001 1480 3045 
626 3227 3228 4651 
627 1410 3137 4902 
628 4851 444 4864 
629 1480 888 4790 
630 1479 891 4789 
631 4275 4851 4864 
632 3197 1685 4608 
633 2942 480 4643 
634 2631 3172 3174 
635 1087 3007 4601 
636 3125 2875 4053 
637 480 2942 4630 
638 3119 4639 4902 
639 3342 4552 4695 
640 3289 1584 4522 
641 4754 4752 4919 
642 4753 4751 4920 
643 3043 1379 4843 
644 431 2983 4556 
645 1598 3057 3067 
646 1599 3058 3070 
647 3402 612 4724 
648 2185 3204 4626 
649 169 1602 3113 
650 1813 4680 4974 
651 4765 1628 4779 
652 4445 4765 4779 
653 4608 1685 4655 
654 2962 400 3113 
655 2994 1613 3281 
656 3290 3289 4522 
657 3757 408 3758 
658 2612 3156 3199 
659 3204 2185 5052 
660 3177 2795 4721 
661 2951 4713 4942 
662 3116 171 4723 
663 3051 4780 4823 
664 4335 2864 4735 
665 2864 4719 4735 
666 4734 2958 4964 
667 2980 1039 4746 
668 1691 4609 5060 
669 3098 4832 4856 
670 857 4754 4988 
671 858 4753 4987 
672 3111 3173 4838 
673 3076 4669 4804 
674 3078 4668 4805 
675 2961 1602 3115 
676 454 3034 3087 
677 4832 470 4856 
678 2572 3088 4819 
679 3738 1600 4984 
680 1602 2961 3113 
681 3086 399 4788 
682 277 278 3112 
683 3944 406 4928 
684 406 3944 4909 
685 2935 2934 4581 
686 1624 3318 4554 
687 3685 464 4605 
688 2986 1468 3100 
689 3051 3178 4780 
690 400 168 3113 
691 2866 2951 4942 
692 3790 131 4730 
693 482 3290 4522 
694 100 101 4518 
695 2993 453 2994 
696 3124 1411 4930 
697 2818 2593 2819 
698 2958 2959 4964 
699 2865 2855 2866 
700 2988 787 4714 
701 4764 666 4857 
702 3313 1622 4707 
703 170 171 3116 
704 1685 1407 4655 
705 3290 482 4540 
706 4703 2992 4769 
707 1086 3006 4823 
708 1622 3313 4684 
709 2657 2980 2981 
710 3204 2203 4626 
711 4682 2880 5049 
712 4683 2890 5050 
713 2612 3199 4593 
714 2888 2887 2940 
715 2898 2897 2939 
716 4543 1190 4841 
717 4542 1191 4840 
718 2592 2591 2593 
719 3041 413 4580 
720 3583 2907 5033 
721 4810 409 4824 
722 2840 4810 4824 
723 2907 3583 4986 
724 2643 1984 4750 
725 2642 1985 4749 
726 3004 399 3005 
727 3776 4793 4814 
728 4747 3109 4840 
729 4748 3108 4841 
730 1468 139 3100 
731 1620 1687 4821 
732 1621 1688 4822 
733 3046 3047 4807 
734 3044 3045 4806 
735 4906 479 4923 
736 2874 4906 4923 
737 4736 2042 4777 
738 93 94 3125 
739 2952 2015 4783 
740 1411 3136 4930 
741 4540 482 4599 
742 2951 1038 4713 
743 4734 1879 4771 
744 757 4703 4769 
745 3988 425 4762 
746 4793 1638 4814 
747 3035 3033 4052 
748 2649 4540 4599 
749 1468 2986 3101 
750 4604 813 4619 
751 257 258 3010 
752 72 73 3020 
753 2544 2880 4682 
754 2542 2890 4683 
755 2883 4574 5049 
756 2893 4573 5050 
757 2196 3007 4602 
758 2880 2881 2883 
759 2890 2891 2893 
760 2895 2897 2898 
761 2885 2887 2888 
762 137 138 3102 
763 2657 2653 2980 
764 3758 408 3759 
765 3343 1467 4998 
766 2865 2866 4519 
767 3369 2601 4622 
768 934 887 4602 
769 2991 4604 4619 
770 445 2959 4853 
771 1467 3343 4977 
772 2877 2876 4679 
773 2264 3174 4763 
774 2386 2961 3115 
775 2594 2388 3115 
776 2955 4671 4796 
777 2652 2651 2653 
778 4968 273 4985 
779 3271 1604 4685 
780 2651 2978 4717 
781 2819 2855 2865 
782 4610 3915 4885 
783 2972 813 4604 
784 2592 2593 2818 
785 895 1479 3137 
786 897 1480 3136 
787 3115 1602 3116 
788 2956 1720 2957 
789 1604 3271 4658 
790 1464 2920 4710 
791 100 4518 4791 
792 2819 2854 2855 
793 2015 2952 4989 
794 2005 574 2979 
795 2004 495 2978 
796 4635 979 4645 
797 3048 4739 4772 
798 2649 4599 4618 
799 3178 3051 5021 
800 3471 4968 4985 
801 3390 3392 3401 
802 3398 3390 3401 
803 3076 396 4669 
804 3078 398 4668 
805 2989 2649 4618 
806 464 3685 4994 
807 2544 2789 2880 
808 2542 2791 2890 
809 3002 4635 4645 
810 425 3988 5019 
811 1091 3968 4766 
812 4646 1127 4662 
813 4739 424 4772 
814 2200 2004 2651 
815 2026 2005 2659 
816 2883 2884 2885 
817 2893 2894 2895 
818 3035 2013 5043 
819 4949 3232 4967 
820 3036 4646 4662 
821 3102 3103 4664 
822 3228 2566 4651 
823 450 472 3108 
824 452 474 3109 
825 2937 414 4576 
826 466 2997 3073 
827 1619 2943 4715 
828 3192 4870 4927 
829 821 4949 4967 
830 4579 2661 4863 
831 4717 2978 4725 
832 4637 1868 4757 
833 4594 2617 4690 
834 2654 2653 2657 
835 1812 2944 5042 
836 4517 1610 4971 
837 2991 4619 4633 
838 4870 848 4927 
839 2967 3073 3920 
840 3034 454 4876 
841 1610 4517 4946 
842 2895 2896 2897 
843 2885 2886 2887 
844 2990 2991 4633 
845 4499 4699 4720 
846 2158 2591 2592 
847 1871 2974 4654 
848 3825 2950 4700 
849 1598 3067 3080 
850 1599 3070 3079 
851 2973 433 3030 
852 453 2993 3094 
853 3653 2906 4693 
854 4934 4120 4937 
855 4900 2643 4916 
856 4901 2642 4917 
857 4149 818 4150 
858 2879 4764 4857 
859 3122 4822 4996 
860 2659 2005 2979 
861 2651 2004 2978 
862 4908 3247 4931 
863 3073 1631 4925 
864 4699 1609 4720 
865 3005 1390 4674 
866 2893 2895 2964 
867 2883 2885 2963 
868 1378 3634 4698 
869 3199 1856 4593 
870 3369 818 4149 
871 2980 2653 4717 
872 1379 2969 4755 
873 4581 490 4847 
874 173 174 3759 
875 2906 2547 4693 
876 1411 3124 4794 
877 3458 3459 4553 
878 3011 3010 4542 
879 3021 3020 4543 
880 818 3369 4622 
881 4558 4792 4816 
882 139 140 3100 
883 3196 3195 4939 
884 2592 2917 3061 
885 3037 4652 4677 
886 1631 2967 4767 
887 3152 4603 4938 
888 3123 3121 3124 
889 394 4934 4937 
890 1810 4688 5013 
891 2997 466 3072 
892 4939 3195 4997 
893 3177 3178 5021 
894 1465 2953 4732 
895 4792 1643 4816 
896 4886 422 4899 
897 278 1720 3112 
898 420 277 3112 
899 2871 4886 4899 
900 4754 857 5064 
901 4753 858 5065 
902 2974 2250 4654 
903 809 4908 4931 
904 818 176 4150 
905 1038 442 4713 
906 4652 469 4677 
907 929 927 3178 
908 2880 2789 2881 
909 2890 2791 2891 
910 3173 3111 4763 
911 4593 1856 4651 
912 4096 318 4766 
913 979 2989 4618 
914 3823 4613 4636 
915 3057 1598 3075 
916 3058 1599 3074 
917 2989 979 4635 
918 3044 3001 3045 
919 3046 3000 3047 
920 3062 4692 4860 
921 4473 4744 4775 
922 2892 3124 4687 
923 3073 2997 3920 
924 3043 2635 4798 
925 2819 2593 2854 
926 2200 2651 2652 
927 2897 3001 3044 
928 2887 3000 3046 
929 3400 1623 4758 
930 2818 2819 2999 
931 3031 4736 4777 
932 4284 443 4718 
933 2877 4679 5028 
934 1479 3000 4711 
935 1480 3001 4712 
936 4613 1608 4636 
937 4654 2250 4721 
938 3131 4519 4942 
939 3145 3141 3147 
940 3109 4706 4840 
941 3108 4705 4841 
942 2958 4734 4771 
943 3864 91 5023 
944 94 433 3125 
945 1653 93 3125 
946 408 173 3759 
947 4590 2636 4644 
948 2613 4637 4757 
949 1645 2604 4786 
950 1644 2607 4785 
951 4744 423 4775 
952 138 1468 3102 
953 2158 2592 3061 
954 414 2937 4969 
955 2950 3825 5077 
956 443 4284 4704 
957 2910 4826 4850 
958 2158 1815 2591 
959 172 408 4723 
960 4671 2245 4796 
961 1038 2951 4702 
962 4335 410 4768 
963 1494 617 3038 
964 617 615 3038 
965 2944 1812 4738 
966 2589 2588 3222 
967 3173 2235 4838 
968 815 4610 4885 
969 2978 476 4725 
970 2979 478 4726 
971 1390 3005 4880 
972 2883 2881 2884 
973 2893 2891 2894 
974 176 177 4150 
975 4352 2863 4831 
976 1613 2994 4871 
977 3097 4697 4722 
978 2863 4815 4831 
979 2880 2883 5049 
980 2890 2893 5050 
981 3302 4575 4830 
982 410 4335 4735 
983 4729 3228 4802 
984 4415 3915 4610 
985 3034 3033 3035 
986 3148 3147 4637 
987 60 61 4521 
988 3318 1624 4910 
989 613 3823 4594 
990 2947 2946 3038 
991 3062 3061 4692 
992 4669 3069 4804 
993 4668 3066 4805 
994 1127 2990 4633 
995 1060 3139 3140 
996 2990 1127 4646 
997 1618 3009 4541 
998 2866 2855 2951 
999 2652 2653 2654 
1000 2601 3759 4622 
1001 2983 431 4875 
1002 91 3864 5022 
1003 4826 2665 4850 
1004 1087 934 4602 
1005 472 922 3108 
1006 474 933 3109 
1007 1856 3227 4651 
1008 3324 3321 4555 
1009 4697 1627 4722 
1010 732 4839 4852 
1011 2893 2964 4573 
1012 2883 2963 4574 
1013 3041 4580 4913 
1014 1466 929 3178 
1015 4738 2825 4770 
1016 4478 4445 4797 
1017 2947 3038 4615 
1018 1598 3080 5056 
1019 1599 3079 5057 
1020 3055 4650 4675 
1021 4445 4779 4797 
1022 3010 258 3129 
1023 3020 73 3132 
1024 4550 1601 4607 
1025 2223 2222 3059 
1026 2226 2225 3060 
1027 4827 3360 4866 
1028 2947 4689 4761 
1029 3090 1640 3095 
1030 3091 1642 3096 
1031 1988 2162 3174 
1032 420 2921 5054 
1033 2657 2982 3003 
1034 2235 3173 4616 
1035 935 1640 3090 
1036 924 1642 3091 
1037 2717 2992 4703 
1038 4134 1715 4881 
1039 2959 2957 4853 
1040 508 506 3138 
1041 2604 2606 3006 
1042 2607 2609 3007 
1043 2210 2223 3057 
1044 2214 2226 3058 
1045 689 4729 4802 
1046 3145 3147 3148 
1047 3823 613 4613 
1048 2917 2818 4795 
1049 2985 3488 5011 
1050 2227 2036 3157 
1051 2250 3052 4721 
1052 3042 4612 4634 
1053 4794 3121 5029 
1054 3120 3121 3123 
1055 4302 393 4961 
1056 2885 2884 2886 
1057 2895 2894 2896 
1058 4650 468 4675 
1059 236 4865 4889 
1060 2892 3123 3124 
1061 3103 3101 4653 
1062 3008 447 4625 
1063 613 4594 4690 
1064 3174 3172 4763 
1065 4935 4531 4963 
1066 489 4096 4701 
1067 1087 4601 4781 
1068 2960 2026 4887 
1069 3006 2195 5008 
1070 3007 2196 5009 
1071 1060 3138 3139 
1072 4556 2983 4813 
1073 1870 3002 4645 
1074 3154 4935 4963 
1075 1587 62 4904 
1076 3002 1870 4663 
1077 3475 403 5027 
1078 2887 2886 3000 
1079 2897 2896 3001 
1080 4612 1606 4634 
1081 4591 3150 4623 
1082 4809 2833 4829 
1083 4786 2604 5008 
1084 4785 2607 5009 
1085 1657 2543 2544 
1086 1658 2541 2542 
1087 3052 1466 3177 
1088 3141 3139 3147 
1089 245 246 3487 
1090 448 2975 4799 
1091 2657 2981 2982 
1092 2606 3050 3051 
1093 2591 1815 2938 
1094 4689 1483 4761 
1095 660 2996 4861 
1096 246 426 3487 
1097 816 3790 4681 
1098 1466 3052 3176 
1099 403 3475 5010 
1100 1608 3037 4636 
1101 922 3091 3108 
1102 933 3090 3109 
1103 483 1658 4683 
1104 485 1657 4682 
1105 2895 2898 2964 
1106 2885 2888 2963 
1107 3090 3095 4706 
1108 3091 3096 4705 
1109 506 3104 3138 
1110 407 3042 4590 
1111 49 4836 4854 
1112 4399 4584 4799 
1113 2944 4738 4770 
1114 2849 2589 3222 
1115 2588 2905 3222 
1116 2939 2897 3044 
1117 2940 2887 3046 
1118 2210 2222 2223 
1119 2214 2225 2226 
1120 400 3114 3127 
1121 1870 4660 4663 
1122 4801 3296 4812 
1123 2987 1378 4787 
1124 3150 3149 4623 
1125 1023 895 3137 
1126 1026 897 3136 
1127 459 3152 5024 
1128 807 495 2004 
1129 883 574 2005 
1130 897 888 1480 
1131 895 891 1479 
1132 2601 3758 3759 
1133 2544 2788 2789 
1134 2542 2790 2791 
1135 297 2988 4787 
1136 2916 4691 4759 
1137 2654 2657 3003 
1138 3717 1628 4765 
1139 233 4820 4837 
1140 1468 3101 3102 
1141 419 60 4521 
1142 61 1587 4521 
1143 4853 2957 5053 
1144 3324 432 4620 
1145 2222 2792 3059 
1146 2225 2850 3060 
1147 407 4590 4644 
1148 1060 508 3138 
1149 112 3995 4808 
1150 2956 2957 2958 
1151 393 4302 5007 
1152 2162 2631 3174 
1153 2264 1988 3174 
1154 1060 3140 4557 
1155 1628 3717 4733 
1156 2244 3036 4662 
1157 3745 1632 4800 
1158 2199 2004 2200 
1159 2024 2005 2026 
1160 2882 3119 4686 
1161 2593 2591 2960 
1162 930 932 3075 
1163 941 970 3074 
1164 3037 1608 4652 
1165 969 940 4616 
1166 2986 2227 3157 
1167 2036 2201 3157 
1168 3092 1616 4586 
1169 2635 4661 4798 
1170 2247 4552 5015 
1171 1811 1812 3093 
1172 3137 1479 4711 
1173 3136 1480 4712 
1174 1715 4134 4999 
1175 1653 4053 5069 
1176 83 1389 3077 
1177 922 924 3091 
1178 933 935 3090 
1179 3042 407 4612 
1180 2255 2064 2596 
1181 1390 4520 4674 
1182 2973 3030 3031 
1183 3094 2993 4298 
1184 2943 3094 4298 
1185 506 502 3104 
1186 585 581 3158 
1187 1687 4794 5029 
1188 2916 3126 5012 
1189 3032 1617 4727 
1190 2596 2064 3093 
1191 4780 1086 4823 
1192 3101 2986 3157 
1193 1632 3745 4784 
1194 3154 2913 3535 
1195 4754 2940 4988 
1196 4753 2939 4987 
1197 1598 930 3075 
1198 1599 941 3074 
1199 3759 174 4622 
1200 81 397 3085 
1201 266 399 3086 
1202 408 3757 4723 
1203 3177 1466 3178 
1204 461 99 4791 
1205 3711 357 4879 
1206 4839 3203 4852 
1207 1704 1705 3071 
1208 3487 3486 3488 
1209 2185 2878 5052 
1210 137 3102 4664 
1211 3767 4629 4640 
1212 454 3087 3088 
1213 3153 3154 3535 
1214 1814 1815 2158 
1215 814 4827 4866 
1216 1410 1023 3137 
1217 1411 1026 3136 
1218 469 4499 4677 
1219 4865 2936 4889 
1220 2594 3115 3116 
1221 1637 3106 4563 
1222 3140 3143 4557 
1223 932 1133 3075 
1224 970 1171 3074 
1225 354 4828 5006 
1226 3034 3035 3087 
1227 726 3196 4939 
1228 1639 257 3010 
1229 1641 72 3020 
1230 3995 112 5046 
1231 3140 3139 3141 
1232 3038 615 4615 
1233 3066 3059 4805 
1234 3069 3060 4804 
1235 3978 58 4952 
1236 2208 2210 3057 
1237 2212 2214 3058 
1238 447 3008 5004 
1239 1483 585 3158 
1240 4550 4607 4970 
1241 166 167 3127 
1242 1606 3055 4634 
1243 2855 2854 4656 
1244 2260 3135 3185 
1245 4822 1688 4996 
1246 3264 2977 4673 
1247 1993 3153 3535 
1248 3475 4537 4991 
1249 3101 3157 4653 
1250 4538 1691 5060 
1251 2819 2865 2999 
1252 3064 4860 4935 
1253 502 500 3104 
1254 581 579 3158 
1255 3089 3035 5043 
1256 924 926 1642 
1257 935 937 1640 
1258 2873 3009 4624 
1259 2852 4546 4547 
1260 85 460 3083 
1261 252 253 1387 
1262 67 68 1388 
1263 268 269 1390 
1264 83 84 1389 
1265 2994 453 4871 
1266 3015 3095 4950 
1267 3025 3096 4951 
1268 254 255 396 
1269 81 82 397 
1270 69 70 398 
1271 266 267 399 
1272 2849 3236 5026 
1273 1458 2982 4842 
1274 167 400 3127 
1275 3102 3101 3103 
1276 2064 1811 3093 
1277 3135 3134 3185 
1278 3475 4991 5010 
1279 3244 3143 3263 
1280 2958 2957 2959 
1281 256 257 1639 
1282 79 80 1457 
1283 71 72 1641 
1284 264 265 1458 
1285 1478 1056 3134 
1286 4663 4660 5034 
1287 1691 4538 5038 
1288 1445 3162 3163 
1289 1444 3160 3161 
1290 2248 1051 3176 
1291 503 1286 3162 
1292 582 1285 3160 
1293 1478 3134 3135 
1294 4816 1643 4835 
1295 3149 1765 4623 
1296 4688 2981 5013 
1297 1377 1026 1411 
1298 1177 1023 1410 
1299 4499 469 4699 
1300 2547 3155 3156 
1301 465 4347 4617 
1302 78 79 3019 
1303 263 264 3029 
1304 1814 2158 2159 
1305 3087 3035 3089 
1306 2592 2818 2917 
1307 357 3711 5035 
1308 3140 3141 3142 
1309 2547 2266 3155 
1310 3052 2248 3176 
1311 1286 2261 3162 
1312 1285 2263 3160 
1313 501 503 3162 
1314 580 582 3160 
1315 4835 4567 4859 
1316 1051 971 3176 
1317 1056 1055 3134 
1318 3151 1585 3152 
1319 2865 4519 4962 
1320 4141 1765 4642 
1321 940 2235 4616 
1322 3155 2266 3164 
1323 2917 4795 5045 
1324 2617 3100 4690 
1325 1050 1155 3164 
1326 4759 2857 4817 
1327 4760 2859 4818 
1328 250 251 459 
1329 85 86 460 
1330 3127 3114 3128 
1331 4519 2866 4942 
1332 4559 4678 4679 
1333 2636 4150 4644 
1334 3089 1947 4819 
1335 978 4809 4829 
1336 3142 3141 3144 
1337 3140 3142 3143 
1338 1155 3155 3164 
1339 931 1466 3176 
1340 972 1050 3164 
1341 517 519 4516 
1342 2999 2865 4962 
1343 1505 3159 3259 
1344 511 513 3200 
1345 3167 1893 3168 
1346 598 600 3201 
1347 521 523 3260 
1348 594 596 3169 
1349 3160 2263 3161 
1350 3162 2261 3163 
1351 450 3108 4748 
1352 452 3109 4747 
1353 3159 1505 3260 
1354 1406 1686 3185 
1355 4510 3168 4515 
1356 1488 4511 4513 
1357 2909 2908 4539 
1358 3165 2271 3166 
1359 3055 1606 4650 
1360 3168 1893 3201 
1361 596 1893 3169 
1362 2669 3159 4514 
1363 1893 3167 3169 
1364 2271 3165 3175 
1365 513 517 3200 
1366 2271 511 3200 
1367 3142 3144 3146 
1368 3144 3141 3145 
1369 600 720 3201 
1370 1893 598 3201 
1371 1505 521 3260 
1372 523 652 3260 
1373 3200 517 4516 
1374 2266 1482 3164 
1375 1686 2260 3185 
1376 1645 2054 2604 
1377 1644 2053 2607 
1378 1482 972 3164 
1379 1158 4510 4515 
1380 4511 3169 4513 
1381 594 3169 4511 
1382 1488 3170 3184 
1383 1814 2159 4600 
1384 1152 1406 3185 
1385 4512 2669 4514 
1386 3166 2271 3200 
1387 3170 1488 4513 
1388 519 1505 4516 
1389 509 2271 3175 
1390 507 509 3175 
1391 507 3175 3186 
1392 586 1488 3184 
1393 3175 3165 3215 
1394 2905 2670 3179 
1395 3171 1461 3172 
1396 504 507 3186 
1397 3146 3144 3149 
1398 3179 2670 3182 
1399 3186 3175 3215 
1400 583 586 3184 
1401 1185 1461 3171 
1402 1145 3182 3187 
1403 2546 2907 3183 
1404 3184 3170 3214 
1405 2249 3179 3182 
1406 3182 2670 3237 
1407 1145 2249 3182 
1408 3187 3182 3237 
1409 3172 1461 3173 
1410 2014 2546 3183 
1411 3181 2014 3183 
1412 3146 3149 3150 
1413 3143 3244 4557 
1414 1144 1145 3187 
1415 1422 2015 3180 
1416 1872 2014 3181 
1417 584 3184 3214 
1418 1505 3259 4516 
1419 505 504 3186 
1420 3194 3191 3197 
1421 3191 3190 3197 
1422 1485 1871 3198 
1423 2858 2215 3188 
1424 2856 2211 3189 
1425 2184 1961 3190 
1426 2626 2163 3214 
1427 2184 3190 3191 
1428 1398 1485 3198 
1429 3170 2626 3214 
1430 2215 2213 3188 
1431 2211 2209 3189 
1432 1961 1684 3190 
1433 2163 1802 3214 
1434 1648 1856 3199 
1435 1882 1486 3215 
1436 1391 1144 3187 
1437 2184 3191 3192 
1438 3165 1882 3215 
1439 1486 1484 3215 
1440 1392 1648 3199 
1441 2600 2035 3202 
1442 2600 3202 3203 
1443 1721 1398 3198 
1444 2035 2184 3202 
1445 2184 3192 3202 
1446 3192 3191 3193 
1447 892 949 4509 
1448 872 871 3768 
1449 3763 1011 3764 
1450 3212 1011 3763 
1451 2671 2275 3211 
1452 2275 2349 3211 
1453 3207 1916 3728 
1454 2349 3205 3211 
1455 3206 1916 3207 
1456 3205 2349 3783 
1457 3764 4496 4504 
1458 3216 3205 3783 
1459 2072 3216 3783 
1460 3755 2677 4499 
1461 646 3213 3689 
1462 646 3689 3841 
1463 642 644 3891 
1464 3689 3690 3841 
1465 1307 1325 3223 
1466 3231 3230 4502 
1467 871 892 3768 
1468 3211 872 3768 
1469 3690 1536 3841 
1470 1325 3209 3223 
1471 3768 892 4509 
1472 1536 3690 3692 
1473 2676 4501 4503 
1474 4501 3208 4503 
1475 1303 1300 3801 
1476 1536 3692 3765 
1477 1521 3219 3850 
1478 1010 1088 3764 
1479 1011 1010 3764 
1480 1381 3677 4492 
1481 3193 3191 3194 
1482 3207 3728 3850 
1483 1309 1307 3223 
1484 2676 2677 4498 
1485 1916 3206 3891 
1486 2676 4498 4501 
1487 3231 1381 4492 
1488 3209 1325 3229 
1489 3213 646 3891 
1490 3219 3207 3850 
1491 1381 3231 4502 
1492 2358 3218 3803 
1493 2677 3755 4498 
1494 3763 3764 4504 
1495 3218 2675 3803 
1496 3230 3229 3800 
1497 646 642 3891 
1498 644 1916 3891 
1499 2671 3211 3768 
1500 2675 3217 3803 
1501 4487 3865 4493 
1502 949 1011 4509 
1503 4496 1917 4504 
1504 3217 2675 3536 
1505 1300 1298 3801 
1506 3800 1303 3801 
1507 1962 2203 3204 
1508 3229 1325 3800 
1509 3210 4497 4500 
1510 4494 3692 4495 
1511 712 780 3850 
1512 1649 3187 3237 
1513 3208 1917 4503 
1514 2438 4494 4495 
1515 1917 3208 4504 
1516 620 622 3226 
1517 3230 3801 4502 
1518 3677 3218 4492 
1519 3764 1088 4496 
1520 3224 1369 3225 
1521 1521 3761 4507 
1522 4505 3219 4507 
1523 3219 1521 4507 
1524 2019 2620 3227 
1525 3765 3692 4494 
1526 1369 620 3226 
1527 2357 2438 4506 
1528 3223 3210 4500 
1529 3728 712 3850 
1530 780 1521 3850 
1531 3227 2620 3228 
1532 3193 3194 3195 
1533 2672 3209 3229 
1534 2673 2672 3229 
1535 3225 1369 3226 
1536 3226 4487 4493 
1537 3206 3213 3891 
1538 1369 3224 3261 
1539 616 618 3261 
1540 3226 622 4487 
1541 2287 3246 4480 
1542 3230 3800 3801 
1543 1088 1281 4496 
1544 2104 3217 4491 
1545 3218 2358 4492 
1546 2224 2857 3220 
1547 1851 2019 3227 
1548 1492 3261 4490 
1549 1487 1725 3221 
1550 3217 3536 4491 
1551 2287 3243 3246 
1552 2673 3229 3230 
1553 3216 2072 4505 
1554 618 1369 3261 
1555 1492 616 3261 
1556 3865 2104 4493 
1557 2174 2678 3238 
1558 2821 3232 3238 
1559 3238 2678 4262 
1560 3232 2174 3238 
1561 3246 2688 4480 
1562 1490 3240 3372 
1563 1085 980 3497 
1564 2678 3240 4262 
1565 4384 3235 4488 
1566 1490 3233 3240 
1567 3240 2678 3372 
1568 2670 2179 3237 
1569 3233 1490 3241 
1570 2287 595 3243 
1571 1960 2274 3236 
1572 2284 3234 3241 
1573 4384 867 4486 
1574 791 718 4484 
1575 3234 2284 3235 
1576 3193 3195 3196 
1577 2104 4491 4493 
1578 718 3258 4484 
1579 3246 1492 4490 
1580 1157 2284 3241 
1581 980 916 3497 
1582 2284 1085 3497 
1583 3239 610 3256 
1584 867 4384 4488 
1585 1490 1157 3241 
1586 867 4484 4486 
1587 2356 2673 4489 
1588 610 3239 3257 
1589 718 608 3258 
1590 3233 3241 3367 
1591 3241 3234 3367 
1592 595 592 3243 
1593 1724 1960 3236 
1594 867 791 4484 
1595 2179 1852 3237 
1596 3242 1209 3255 
1597 2673 3230 3231 
1598 610 542 3256 
1599 1209 3242 3256 
1600 3235 3497 4488 
1601 1730 4497 4508 
1602 3216 4505 4507 
1603 3255 1209 3704 
1604 608 610 3258 
1605 3253 3255 3704 
1606 542 1209 3256 
1607 3235 2284 3497 
1608 1892 3253 3704 
1609 2704 3257 3560 
1610 3257 3239 3560 
1611 1892 3252 3253 
1612 3243 1492 3246 
1613 3242 2679 3256 
1614 2679 3239 3256 
1615 3252 1892 3766 
1616 2291 3249 3252 
1617 2291 3248 3249 
1618 610 3257 3258 
1619 593 1492 3243 
1620 2291 3252 3766 
1621 3242 3255 4143 
1622 3257 2704 3262 
1623 3255 3254 4143 
1624 2180 2822 3247 
1625 2673 3231 4489 
1626 2291 518 3248 
1627 514 512 3244 
1628 2685 3254 3280 
1629 3249 3251 3252 
1630 3252 3251 3253 
1631 3254 2685 4143 
1632 3250 3273 3280 
1633 3280 3273 4481 
1634 2178 2180 3247 
1635 518 515 3248 
1636 2627 2630 3245 
1637 3261 3224 4490 
1638 3254 3251 3280 
1639 3258 3257 3262 
1640 3250 3272 3273 
1641 532 534 3272 
1642 3159 2273 3259 
1643 3253 3251 3254 
1644 2685 3280 4481 
1645 3335 2687 4481 
1646 3248 1493 3249 
1647 534 1061 3272 
1648 1493 532 3272 
1649 3273 3335 4481 
1650 4224 1886 4480 
1651 516 1493 3248 
1652 2273 2272 3259 
1653 2766 2687 4483 
1654 602 599 3338 
1655 1515 533 3263 
1656 1886 3338 4480 
1657 3253 3254 3255 
1658 3249 1493 3250 
1659 2688 4224 4480 
1660 1886 602 3338 
1661 599 597 3338 
1662 533 531 3263 
1663 2603 3269 3270 
1664 2603 3270 3271 
1665 2533 4022 4205 
1666 2531 2533 4205 
1667 3527 3526 4334 
1668 3563 3810 3901 
1669 1371 3265 3778 
1670 904 3527 4334 
1671 2690 3291 4467 
1672 2603 2294 3269 
1673 3265 1371 4079 
1674 3266 1706 3649 
1675 1692 1456 3650 
1676 1371 3659 4079 
1677 3563 3268 3810 
1678 1513 3267 3659 
1679 1226 1228 4394 
1680 1433 3268 3563 
1681 3659 3267 4079 
1682 1706 2290 3649 
1683 3269 2294 3277 
1684 904 4395 4463 
1685 2290 3274 3649 
1686 3268 1433 3833 
1687 3267 1513 3980 
1688 1706 3266 3650 
1689 4016 4314 4455 
1690 3249 3250 3251 
1691 1456 1706 3650 
1692 3461 2769 4366 
1693 2494 3596 3847 
1694 3250 1493 3272 
1695 1230 1370 3463 
1696 975 3285 4042 
1697 3350 3557 4294 
1698 2444 3299 3361 
1699 4023 2535 4070 
1700 3264 2902 4351 
1701 2533 2535 4023 
1702 3291 1744 4467 
1703 1900 3276 3997 
1704 2691 3833 4318 
1705 1228 1230 3463 
1706 2138 3336 4336 
1707 3527 904 4463 
1708 4022 2533 4023 
1709 3285 3284 4042 
1710 2294 2293 3277 
1711 3833 1433 4318 
1712 2310 3286 4292 
1713 3818 3817 4472 
1714 1900 3275 3276 
1715 1370 3462 3463 
1716 2156 1880 3320 
1717 3512 1556 3513 
1718 2312 3525 4421 
1719 4400 2816 4428 
1720 3272 1061 3273 
1721 3650 4351 4430 
1722 1228 3463 4394 
1723 3810 2465 3901 
1724 3286 2314 4292 
1725 3299 2303 3361 
1726 2810 2242 3293 
1727 3265 2531 4205 
1728 4040 4461 4477 
1729 758 755 3695 
1730 4351 2902 4430 
1731 3322 3321 3324 
1732 768 3287 3976 
1733 3778 3265 4205 
1734 3305 1183 3344 
1735 3511 1556 3512 
1736 3357 1509 3556 
1737 3277 2293 3305 
1738 3478 1447 3983 
1739 3462 1370 3586 
1740 1232 1234 4324 
1741 1514 3919 4368 
1742 3530 1739 4338 
1743 4199 2092 4225 
1744 3316 4248 4371 
1745 2157 3317 3319 
1746 3274 2290 3461 
1747 3276 3556 3997 
1748 3276 3357 3556 
1749 3306 2497 3308 
1750 555 553 3513 
1751 2314 3286 4111 
1752 3284 3584 4042 
1753 4327 3644 4380 
1754 3526 3285 4334 
1755 3307 1838 3533 
1756 3282 3496 4228 
1757 1739 4145 4338 
1758 2100 3306 3308 
1759 3358 2315 3809 
1760 3594 4271 4374 
1761 4062 2314 4111 
1762 3453 3568 4242 
1763 1880 2157 3320 
1764 2812 2444 3361 
1765 1072 1430 3500 
1766 1829 2100 4357 
1767 1070 1072 3500 
1768 4170 2480 4282 
1769 1183 3305 3334 
1770 4217 2347 4332 
1771 1502 3736 4182 
1772 1556 555 3513 
1773 2156 3320 3322 
1774 2157 3319 3320 
1775 3278 2292 3366 
1776 3446 3493 4026 
1777 2330 1838 3307 
1778 3312 2590 3359 
1779 3282 2475 3337 
1780 1236 1506 3547 
1781 2292 3278 3292 
1782 3284 1896 3584 
1783 2330 3307 3326 
1784 3300 3478 3983 
1785 1116 1183 3334 
1786 3437 3441 4378 
1787 1535 3569 3571 
1788 2475 3282 4228 
1789 3557 3357 4294 
1790 1934 4068 4108 
1791 4252 3346 4293 
1792 1019 915 4029 
1793 3283 1896 3284 
1794 3287 768 3707 
1795 3538 3888 4087 
1796 3320 3321 3322 
1797 3496 1512 4228 
1798 3300 1651 3696 
1799 2304 2029 3742 
1800 3493 1568 4026 
1801 3509 3508 4431 
1802 1506 3546 3547 
1803 3371 2464 4055 
1804 2510 3606 4410 
1805 3296 2648 3544 
1806 2303 3299 4233 
1807 2715 2330 3326 
1808 1867 3358 3809 
1809 3411 1903 4104 
1810 679 4349 4408 
1811 3409 3410 4315 
1812 3986 4252 4293 
1813 3614 3371 4055 
1814 2529 4185 4321 
1815 1114 1116 3334 
1816 2993 2228 4298 
1817 3502 4073 4184 
1818 1535 3568 3569 
1819 2242 2292 3293 
1820 4441 1776 4452 
1821 3381 3494 3656 
1822 2295 4062 4111 
1823 2290 2769 3461 
1824 2124 2720 3298 
1825 3314 2113 3352 
1826 3596 2229 3847 
1827 2341 3295 4011 
1828 4106 2697 4411 
1829 4320 3635 4354 
1830 2082 2692 3337 
1831 2504 3594 3667 
1832 2177 4474 4476 
1833 3288 1204 4336 
1834 1121 1497 3345 
1835 898 621 3328 
1836 3275 1900 3695 
1837 1513 1226 4394 
1838 693 3446 4026 
1839 1900 758 3695 
1840 3363 2007 3564 
1841 3954 3405 4210 
1842 4366 2769 4403 
1843 1838 1553 3533 
1844 1897 2087 4204 
1845 3705 2445 3735 
1846 3422 3424 4195 
1847 4173 4115 4260 
1848 3695 768 3976 
1849 3525 2804 4421 
1850 1198 3911 4226 
1851 1430 3499 3500 
1852 2301 2303 4233 
1853 2714 3314 3352 
1854 3316 2304 3742 
1855 3453 3454 3610 
1856 2300 3743 3744 
1857 2280 3233 3367 
1858 1204 3288 4314 
1859 2475 2082 3337 
1860 2100 3308 4357 
1861 4172 1580 4423 
1862 3452 3453 3610 
1863 755 768 3695 
1864 2132 3501 3502 
1865 3302 3301 3654 
1866 1866 2031 3301 
1867 1659 2756 4372 
1868 2362 2360 3622 
1869 4271 3545 4374 
1870 3443 4441 4452 
1871 2149 4443 4458 
1872 2803 4173 4260 
1873 4443 3310 4458 
1874 3327 1520 3621 
1875 3668 4107 4364 
1876 893 836 3549 
1877 3542 3696 4215 
1878 1234 1236 3547 
1879 3441 3894 4378 
1880 3346 2335 4293 
1881 3579 3582 4202 
1882 3621 767 4236 
1883 3929 2216 4131 
1884 1896 3283 4238 
1885 3906 4138 4249 
1886 1875 1665 3364 
1887 3355 1430 3609 
1888 3277 3305 3344 
1889 2132 3502 4184 
1890 2711 4165 4339 
1891 2347 4237 4332 
1892 2517 4396 4439 
1893 4278 3736 4312 
1894 3736 1502 4312 
1895 2560 2007 3363 
1896 2086 4366 4403 
1897 1234 3547 4324 
1898 3399 3402 4239 
1899 2666 2190 3744 
1900 3465 2307 4067 
1901 4295 3510 4333 
1902 2324 3468 3470 
1903 3336 3306 4336 
1904 1683 2313 3641 
1905 2703 3346 3774 
1906 4248 3411 4371 
1907 3337 2692 3533 
1908 2494 2493 3596 
1909 1430 3355 3499 
1910 2862 2233 3472 
1911 4325 765 4389 
1912 3386 3389 3647 
1913 2205 4170 4282 
1914 3336 2138 3912 
1915 2324 3470 3472 
1916 1677 4004 4240 
1917 3310 2515 3540 
1918 3360 2797 4011 
1919 1888 2280 3367 
1920 2311 3312 3359 
1921 2497 3306 3336 
1922 3477 2252 4306 
1923 1556 3511 3806 
1924 2695 3366 3464 
1925 3040 3294 3363 
1926 3346 2101 3774 
1927 3500 2691 4318 
1928 3568 1535 4242 
1929 2428 3929 4131 
1930 3464 3465 4067 
1931 3380 3381 3656 
1932 3354 3411 4104 
1933 3366 2096 3464 
1934 2505 2504 3667 
1935 3415 3419 3993 
1936 1165 3452 3610 
1937 3647 3399 4239 
1938 1165 3448 3452 
1939 1823 3602 3957 
1940 3298 4199 4225 
1941 4355 4381 4413 
1942 3519 2694 3836 
1943 1355 1447 4255 
1944 1374 1434 3612 
1945 3317 2157 3697 
1946 3510 3509 4333 
1947 2351 3811 4207 
1948 2029 2611 3742 
1949 3912 3619 4317 
1950 2797 2321 4011 
1951 2695 3278 3366 
1952 1910 3509 4431 
1953 2300 3742 3743 
1954 1998 3379 3567 
1955 2786 3818 4472 
1956 977 1902 4074 
1957 2206 2020 4158 
1958 2056 1875 3364 
1959 3376 893 3549 
1960 3832 1567 3953 
1961 1651 3300 3983 
1962 1115 1113 3614 
1963 3468 2324 3648 
1964 1781 1374 3612 
1965 1112 1114 4218 
1966 2648 2023 3544 
1967 3295 2155 4011 
1968 3736 3705 4182 
1969 3251 3250 3280 
1970 3501 2105 3870 
1971 3596 2493 3836 
1972 4296 672 4409 
1973 609 719 3571 
1974 3782 2764 4261 
1975 2233 2324 3472 
1976 1204 2138 4336 
1977 719 1535 3571 
1978 1273 3836 4216 
1979 4114 2455 4181 
1980 3049 3485 3486 
1981 2296 3285 3526 
1982 3541 4114 4181 
1983 3644 1507 4380 
1984 3451 2351 4207 
1985 2711 1777 4165 
1986 4081 3498 4183 
1987 2096 2095 3464 
1988 1509 3357 3557 
1989 3433 4119 4187 
1990 1400 1788 3534 
1991 1502 4287 4312 
1992 836 819 3549 
1993 4122 3713 4128 
1994 3620 2406 3838 
1995 3413 3735 4375 
1996 3336 3912 4317 
1997 2191 2668 3542 
1998 3454 3453 4242 
1999 3511 3504 3806 
2000 3413 3705 3735 
2001 2132 2105 3501 
2002 2660 2494 3847 
2003 3273 1061 3335 
2004 2811 2310 4292 
2005 1335 1054 3644 
2006 1372 4269 4418 
2007 3911 3912 4226 
2008 3384 1105 3494 
2009 2476 4327 4380 
2010 1562 990 3414 
2011 570 571 3916 
2012 3697 1881 4130 
2013 2190 2300 3744 
2014 2774 2499 4353 
2015 3646 3954 4210 
2016 1837 2497 4317 
2017 3299 4227 4233 
2018 2545 2204 3967 
2019 4156 2847 4221 
2020 1184 1292 3669 
2021 2308 3565 3566 
2022 4167 3605 4266 
2023 1952 4016 4455 
2024 1114 3334 4218 
2025 3402 2640 4239 
2026 3986 3353 4252 
2027 1567 3543 4065 
2028 3420 3417 3751 
2029 2293 2698 3305 
2030 2714 3352 3942 
2031 3327 3621 4236 
2032 2505 3667 3668 
2033 3294 2560 3363 
2034 4230 3703 4250 
2035 2467 4350 4363 
2036 1273 3517 3519 
2037 1113 1019 4029 
2038 1526 3311 4032 
2039 2799 3300 3696 
2040 4343 2488 4356 
2041 3447 3432 3751 
2042 3894 3441 4288 
2043 3836 2493 4216 
2044 3382 4039 4061 
2045 2315 1741 3809 
2046 1520 3327 3622 
2047 2360 3287 3622 
2048 3514 3513 4273 
2049 2488 2148 3373 
2050 2193 2645 3297 
2051 2694 3596 3836 
2052 3513 553 4273 
2053 2156 3322 3323 
2054 2722 3480 3999 
2055 1473 1839 4164 
2056 1570 2137 3450 
2057 4004 3587 4240 
2058 1569 1690 3356 
2059 2088 2091 4308 
2060 753 751 3707 
2061 3406 3409 3529 
2062 3285 975 4334 
2063 3581 2085 3619 
2064 1292 1677 3669 
2065 1593 1443 4110 
2066 2292 2098 3366 
2067 1054 1143 3644 
2068 1548 1231 3522 
2069 1863 1504 4038 
2070 1179 1438 3554 
2071 4004 1677 4097 
2072 4228 3374 4300 
2073 2007 2327 3564 
2074 2678 1965 3372 
2075 804 842 3558 
2076 1118 1121 3345 
2077 2577 4122 4128 
2078 3594 3593 3667 
2079 621 619 3328 
2080 3608 1549 3887 
2081 2076 2296 3526 
2082 3602 3332 3957 
2083 915 2323 4029 
2084 2207 2989 3922 
2085 3582 3410 4202 
2086 3410 3582 4315 
2087 3419 3422 3993 
2088 3424 3448 4195 
2089 2087 3518 4204 
2090 2363 2365 3846 
2091 3446 693 4159 
2092 1553 2451 3533 
2093 559 557 3806 
2094 2065 2828 4076 
2095 3514 4273 4322 
2096 1277 1372 3449 
2097 3718 1783 4198 
2098 958 1030 3592 
2099 3606 1545 4410 
2100 4084 2376 4104 
2101 920 2376 4084 
2102 2098 2096 3366 
2103 781 709 3504 
2104 1889 2101 3491 
2105 1993 3535 3923 
2106 4185 2495 4321 
2107 2313 3344 3641 
2108 3554 1438 4072 
2109 3494 1514 3656 
2110 1503 1279 3562 
2111 3329 1524 3330 
2112 3314 3620 3838 
2113 3538 2463 3888 
2114 3378 4247 4267 
2115 1119 1117 4172 
2116 2900 3477 4306 
2117 2050 1866 3301 
2118 2344 4456 4457 
2119 960 3466 3729 
2120 3931 3732 3999 
2121 2204 2206 3967 
2122 2252 1998 3567 
2123 4186 1921 4286 
2124 3535 2350 3923 
2125 4099 4208 4340 
2126 1428 3362 3661 
2127 1991 2331 3315 
2128 3818 2786 4473 
2129 3832 3953 4202 
2130 3539 1582 4179 
2131 4314 3288 4455 
2132 3389 3399 3647 
2133 1273 3519 3836 
2134 1170 1036 4200 
2135 3448 1165 4027 
2136 4470 764 4475 
2137 2023 1858 3544 
2138 1788 2301 3534 
2139 2845 3474 4015 
2140 3592 4186 4286 
2141 1953 3482 3483 
2142 2562 2018 3485 
2143 1953 3481 3482 
2144 1163 827 4066 
2145 2292 3292 3293 
2146 2513 2691 3499 
2147 3562 4343 4356 
2148 1861 3468 3648 
2149 2970 3674 3675 
2150 3301 2031 3654 
2151 1030 1148 3592 
2152 1498 1126 3939 
2153 4068 2756 4108 
2154 1338 1000 3642 
2155 1732 1196 3925 
2156 3613 4065 4257 
2157 3412 1821 3413 
2158 2445 3736 4278 
2159 1150 1032 3584 
2160 1045 1336 4083 
2161 1370 1232 4324 
2162 906 960 3729 
2163 2268 2930 3289 
2164 2113 3314 3838 
2165 2716 3311 4263 
2166 1677 1446 4097 
2167 3368 2699 4130 
2168 1943 2124 3298 
2169 4039 2269 4061 
2170 3474 2735 4015 
2171 1413 1490 3372 
2172 2427 3869 4148 
2173 1577 1736 3498 
2174 1346 1524 3329 
2175 917 982 3454 
2176 2446 4109 4219 
2177 1853 2191 3542 
2178 3573 1901 4112 
2179 2181 2259 3325 
2180 3608 3355 3609 
2181 1124 3782 4261 
2182 3466 1897 4204 
2183 2458 4115 4116 
2184 2505 3668 4364 
2185 1419 3542 4215 
2186 4365 2784 4432 
2187 3311 1526 4263 
2188 3327 2362 3622 
2189 3049 2562 3485 
2190 3529 3530 4338 
2191 3546 1506 3846 
2192 725 723 3876 
2193 782 804 3558 
2194 1279 1146 3562 
2195 1394 2732 4176 
2196 3404 3406 3529 
2197 2468 3910 4256 
2198 1375 1776 3523 
2199 1099 1821 3412 
2200 1793 1462 3385 
2201 1848 3674 3875 
2202 1934 1936 4068 
2203 530 528 3704 
2204 669 3894 4288 
2205 3529 3409 3530 
2206 1997 2251 3750 
2207 1915 3574 3897 
2208 2331 4156 4221 
2209 2828 3524 4076 
2210 3829 4310 4412 
2211 2500 1978 3585 
2212 2105 2351 3870 
2213 964 893 3376 
2214 2251 3548 3750 
2215 3577 2119 4005 
2216 3668 4041 4107 
2217 2473 2399 3552 
2218 1577 3498 4081 
2219 1735 2775 3349 
2220 3384 3539 4179 
2221 1459 1503 4254 
2222 3347 2701 3348 
2223 1103 1349 3635 
2224 3622 3287 3707 
2225 789 805 3932 
2226 1059 1179 3554 
2227 3980 1513 4394 
2228 805 877 3932 
2229 1105 1017 3494 
2230 2486 1974 3657 
2231 3660 2753 3918 
2232 1919 2093 3380 
2233 2030 2632 3515 
2234 3303 2144 3304 
2235 2515 3310 4443 
2236 3298 2720 4199 
2237 3538 3413 4375 
2238 831 1136 3613 
2239 1231 1229 3522 
2240 1209 530 3704 
2241 1156 1414 3561 
2242 1776 1774 3490 
2243 3888 864 4087 
2244 3668 1939 4041 
2245 2074 2704 3560 
2246 2329 2714 3942 
2247 1927 3613 4257 
2248 3556 772 3997 
2249 967 2700 3517 
2250 3656 1514 4368 
2251 2335 1732 3925 
2252 1070 3500 4318 
2253 3454 982 3610 
2254 1244 3837 4100 
2255 3948 4137 4197 
2256 3906 914 4138 
2257 1455 1990 3566 
2258 1944 2132 4019 
2259 2370 3974 4285 
2260 2497 3336 4317 
2261 3480 3489 3999 
2262 2590 2028 3359 
2263 1501 1498 3939 
2264 3330 3333 3489 
2265 3380 2093 3381 
2266 2125 851 3595 
2267 1575 1573 4220 
2268 1881 3368 4130 
2269 1974 1976 3657 
2270 3512 3513 3514 
2271 663 4060 4346 
2272 1000 1002 3642 
2273 2164 2514 3555 
2274 2487 3718 4198 
2275 3041 2529 4321 
2276 1994 1857 3455 
2277 2295 1733 4062 
2278 1415 1723 3540 
2279 1189 1570 3450 
2280 738 1526 4032 
2281 3957 3956 4280 
2282 3283 4111 4238 
2283 3869 3637 4148 
2284 2308 3564 3565 
2285 2722 2322 3479 
2286 1402 1150 3584 
2287 876 830 3492 
2288 1007 1103 3635 
2289 2176 2873 4123 
2290 3534 2301 4233 
2291 3838 2406 4009 
2292 1558 1712 3653 
2293 3356 2748 4305 
2294 3937 2774 4353 
2295 1736 2079 3498 
2296 3558 842 4162 
2297 1123 1119 4172 
2298 3412 3538 4087 
2299 3441 4159 4288 
2300 2692 3307 3533 
2301 1208 3989 4147 
2302 2699 2092 4199 
2303 1764 1895 3927 
2304 3499 2691 3500 
2305 3385 3386 3647 
2306 1207 1326 3353 
2307 1430 1074 3609 
2308 3320 3319 3321 
2309 1881 1595 3368 
2310 3517 2700 3518 
2311 4073 2439 4184 
2312 1692 3650 4430 
2313 1958 4157 4304 
2314 794 831 3613 
2315 1065 1037 3908 
2316 1839 3817 4164 
2317 1949 1950 3607 
2318 2475 4228 4300 
2319 1250 1163 3636 
2320 2412 3938 4044 
2321 3455 3341 3460 
2322 3453 3428 3568 
2323 1978 1980 3585 
2324 3478 4400 4428 
2325 3732 2722 3999 
2326 3958 3957 4280 
2327 4041 563 4107 
2328 2445 3705 3736 
2329 1105 3384 4179 
2330 4046 1932 4319 
2331 951 1043 4258 
2332 990 992 3414 
2333 2309 3363 3564 
2334 1368 1400 3534 
2335 2480 2478 4282 
2336 3810 2690 4467 
2337 3565 3573 4112 
2338 1990 2308 3566 
2339 3354 2376 4019 
2340 1574 1829 4357 
2341 2218 1942 3816 
2342 2459 4050 4168 
2343 3542 2668 3696 
2344 3417 3418 3751 
2345 3377 3378 4267 
2346 1017 1514 3494 
2347 2311 3359 3928 
2348 2399 2401 3552 
2349 3842 2747 3991 
2350 743 1516 3665 
2351 1504 3375 4038 
2352 2508 2518 3980 
2353 4095 2206 4158 
2354 751 1520 3707 
2355 3616 1740 3617 
2356 2216 1995 4131 
2357 3515 2632 3516 
2358 3606 4325 4389 
2359 2709 2713 3481 
2360 4208 3467 4340 
2361 1356 1359 3374 
2362 3587 2718 3676 
2363 3504 709 3806 
2364 3345 1497 3641 
2365 2341 4278 4312 
2366 1690 2140 3356 
2367 3990 1107 4194 
2368 1508 1277 3449 
2369 3862 3571 4386 
2370 2515 1578 3540 
2371 1744 3291 4461 
2372 3532 2002 3686 
2373 2449 2099 3551 
2374 745 743 3665 
2375 2148 2234 3373 
2376 2371 3861 4056 
2377 3365 2811 4292 
2378 2675 1819 3536 
2379 4289 2770 4291 
2380 1064 3563 3901 
2381 1998 1689 3379 
2382 3543 1567 3832 
2383 1757 1758 3348 
2384 2236 1935 4152 
2385 2695 3464 4067 
2386 768 753 3707 
2387 3299 2443 4227 
2388 3505 3504 3511 
2389 4474 2528 4476 
2390 3432 3420 3751 
2391 3403 1248 3404 
2392 1592 1594 3940 
2393 709 559 3806 
2394 2406 1256 4009 
2395 1723 3310 3540 
2396 1902 2721 4074 
2397 4295 4313 4447 
2398 1247 1062 3559 
2399 1541 1250 3636 
2400 4105 3553 4223 
2401 1167 1448 3467 
2402 565 1248 3403 
2403 2351 3451 3870 
2404 3339 2540 3343 
2405 3375 1112 4218 
2406 4364 1518 4390 
2407 1594 2156 3940 
2408 1867 2075 3358 
2409 3305 2698 3334 
2410 1077 879 3811 
2411 3395 4419 4420 
2412 1518 3558 4390 
2413 1560 1558 3653 
2414 1761 1764 3927 
2415 3056 2545 3967 
2416 2018 2116 3485 
2417 2428 2952 3929 
2418 2511 2513 3499 
2419 1767 1757 3348 
2420 2731 1836 3576 
2421 767 4109 4236 
2422 846 860 3632 
2423 3523 1776 4441 
2424 3465 2095 4105 
2425 2365 3546 3846 
2426 905 977 4074 
2427 2157 1881 3697 
2428 1933 3660 3918 
2429 1994 3455 3456 
2430 1832 2697 4106 
2431 2119 3577 4139 
2432 2142 2144 3303 
2433 2697 3572 4411 
2434 3347 2065 4076 
2435 547 2325 3701 
2436 1053 967 3517 
2437 3636 1163 4066 
2438 3696 1651 4215 
2439 3295 2341 4312 
2440 860 957 3632 
2441 2638 3296 3544 
2442 776 4078 4212 
2443 1327 1288 3541 
2444 1401 1646 4166 
2445 1003 3961 4281 
2446 3947 1244 4100 
2447 1336 3604 4083 
2448 3546 2696 3547 
2449 874 914 3906 
2450 1523 4289 4291 
2451 1276 1692 3575 
2452 2687 3335 4483 
2453 3586 1370 4324 
2454 2095 1528 4105 
2455 3919 2370 4368 
2456 3370 2464 3371 
2457 827 825 4066 
2458 3496 4320 4354 
2459 723 1542 3876 
2460 830 793 3492 
2461 4157 2776 4304 
2462 3594 2504 4271 
2463 3433 3416 4119 
2464 2701 3347 4076 
2465 3379 2316 3567 
2466 3451 2708 3870 
2467 3671 4035 4244 
2468 1240 1428 3661 
2469 2396 2601 3369 
2470 4111 3286 4238 
2471 4395 3557 4463 
2472 4237 4061 4332 
2473 986 988 4027 
2474 572 716 3646 
2475 2699 3368 3479 
2476 685 683 3626 
2477 877 3732 3931 
2478 1451 1393 3645 
2479 1848 3673 3674 
2480 717 1938 3351 
2481 1462 1396 3385 
2482 637 1380 4174 
2483 1689 1342 3379 
2484 1629 1413 3372 
2485 2168 2030 3515 
2486 3503 2236 4152 
2487 4049 3376 4253 
2488 3607 2716 4263 
2489 3414 3415 3993 
2490 1475 1473 4164 
2491 3674 2970 3875 
2492 683 694 3626 
2493 851 822 3595 
2494 1774 1953 3490 
2495 2165 2540 3339 
2496 2307 3465 4223 
2497 4362 694 4402 
2498 1542 3598 3599 
2499 1822 3580 4033 
2500 1036 973 4200 
2501 1001 1058 3961 
2502 1102 1006 3528 
2503 1291 1106 4179 
2504 1428 4081 4183 
2505 2451 3282 3337 
2506 2744 3288 4336 
2507 2376 3354 4104 
2508 2483 3608 3887 
2509 3531 2499 3890 
2510 3744 3743 3745 
2511 1395 1452 3639 
2512 1777 1376 4165 
2513 3617 1740 3996 
2514 3473 1970 3588 
2515 3553 1059 3554 
2516 3481 2713 3482 
2517 2807 3266 3649 
2518 1139 545 4037 
2519 2288 2807 3649 
2520 841 910 3974 
2521 2747 1924 3991 
2522 2470 2039 4209 
2523 911 4328 4360 
2524 2367 2696 3546 
2525 1950 2716 3607 
2526 777 3958 4280 
2527 3899 1139 4037 
2528 2189 2586 3633 
2529 557 1556 3806 
2530 3452 3428 3453 
2531 1469 1797 3928 
2532 3517 3518 3519 
2533 1241 2344 3808 
2534 1345 1442 4125 
2535 2689 2508 3980 
2536 3982 4132 4136 
2537 2487 3716 3718 
2538 3462 2689 3463 
2539 686 688 3702 
2540 4159 693 4288 
2541 1712 1095 4085 
2542 2578 3106 3107 
2543 2017 2563 3694 
2544 2816 3364 4428 
2545 716 1927 3646 
2546 3989 1208 4075 
2547 1816 2495 4185 
2548 2796 2321 2797 
2549 2430 4217 4332 
2550 764 725 3876 
2551 736 738 4032 
2552 3910 1380 4256 
2553 1857 2166 3455 
2554 3464 2095 3465 
2555 2155 3360 4011 
2556 2729 3532 3686 
2557 790 772 3556 
2558 2414 3815 4052 
2559 1759 1772 3726 
2560 2710 2708 3451 
2561 961 1015 3628 
2562 3433 4187 4265 
2563 1224 1513 3659 
2564 1745 1533 4231 
2565 2080 1863 4038 
2566 3362 2363 3846 
2567 727 764 3640 
2568 1953 1775 3481 
2569 4299 1957 4404 
2570 2721 3732 4045 
2571 3388 3387 3476 
2572 563 710 4107 
2573 966 1059 3553 
2574 1770 2239 3890 
2575 3495 2431 4031 
2576 2454 3592 4286 
2577 3576 3577 4005 
2578 2099 2243 3551 
2579 3329 3330 3489 
2580 4060 3442 4346 
2581 2009 1451 3645 
2582 2347 2047 4086 
2583 4138 3450 4249 
2584 1567 1566 3953 
2585 3239 2424 3560 
2586 3752 3785 4051 
2587 879 839 3811 
2588 3604 1336 3992 
2589 1790 2017 3694 
2590 1833 700 3603 
2591 997 1544 3601 
2592 4124 1271 4180 
2593 3370 2323 3492 
2594 3669 1677 4240 
2595 2239 3531 3890 
2596 2694 2229 3596 
2597 3530 3409 4315 
2598 1549 1550 3887 
2599 2442 2755 4064 
2600 1110 1897 3466 
2601 2784 1781 3612 
2602 2548 4433 4436 
2603 3861 3603 4056 
2604 2492 2689 3462 
2605 545 543 4037 
2606 687 2342 3781 
2607 1043 1045 4083 
2608 2451 3337 3533 
2609 1288 1408 3541 
2610 3374 1359 4300 
2611 2315 3461 4366 
2612 1243 1241 3808 
2613 1938 2464 3370 
2614 2204 2020 2206 
2615 2315 3358 3461 
2616 2481 2418 4307 
2617 2431 556 4031 
2618 3663 1676 3746 
2619 4065 3543 4257 
2620 2328 686 3702 
2621 2412 901 4008 
2622 4133 2433 4359 
2623 1380 3910 4174 
2624 1969 2060 3708 
2625 2458 4114 4115 
2626 1758 1761 3927 
2627 2156 3323 3940 
2628 1452 2011 3639 
2629 1922 1132 3629 
2630 3993 3422 4195 
2631 988 1562 4027 
2632 1062 1063 3559 
2633 3483 3482 3484 
2634 762 754 3591 
2635 963 961 3628 
2636 2174 1965 2678 
2637 1971 1969 3708 
2638 1154 1266 3849 
2639 2075 2288 3274 
2640 1739 560 4145 
2641 1381 1294 3677 
2642 3330 3331 3332 
2643 1833 3603 3861 
2644 3518 2087 4308 
2645 1443 3329 4110 
2646 4030 2757 4069 
2647 1454 1367 3618 
2648 1511 1867 3809 
2649 603 601 3651 
2650 1222 1224 3659 
2651 1397 1502 4182 
2652 2496 3545 4382 
2653 3465 4105 4223 
2654 4054 3639 4154 
2655 2774 3937 4379 
2656 535 1515 3767 
2657 1504 1188 3375 
2658 1678 1441 3749 
2659 1793 3385 3647 
2660 1260 1276 3575 
2661 2166 3341 3455 
2662 2696 2447 3586 
2663 3664 3746 3747 
2664 3574 2734 3897 
2665 2002 3532 3979 
2666 2324 2147 3648 
2667 2192 2189 3633 
2668 3426 3428 3452 
2669 1797 2311 3928 
2670 2207 2649 2989 
2671 2252 3567 4306 
2672 4137 2466 4197 
2673 3742 2611 3743 
2674 2602 2294 2603 
2675 2457 3238 4262 
2676 3719 1537 3769 
2677 3548 2966 3750 
2678 3664 3663 3746 
2679 3584 1032 4042 
2680 960 1025 3466 
2681 3731 1304 3952 
2682 4254 1503 4279 
2683 2076 1733 2295 
2684 2749 3946 4002 
2685 2304 3316 4371 
2686 2335 3925 4293 
2687 4220 1573 4337 
2688 2254 2347 4217 
2689 1836 2408 3576 
2690 3853 1915 3897 
2691 3564 2327 3565 
2692 2447 2490 3586 
2693 2536 2904 3926 
2694 3633 2586 3634 
2695 3331 4049 4253 
2696 1181 1397 4182 
2697 1819 2131 3536 
2698 2523 4442 4462 
2699 1004 1168 3521 
2700 1448 1345 4125 
2701 3449 1372 4418 
2702 1826 1904 3852 
2703 3748 2119 4139 
2704 2440 2142 3303 
2705 1530 1137 4213 
2706 1384 2241 3583 
2707 2350 2000 3923 
2708 2119 2118 4005 
2709 2205 2545 2578 
2710 2735 3574 4015 
2711 3459 3456 3460 
2712 1713 1097 3895 
2713 1542 3599 3876 
2714 2323 3370 3371 
2715 688 698 3702 
2716 773 706 3662 
2717 1168 1375 3523 
2718 1350 1102 3528 
2719 1772 2753 3726 
2720 3992 3831 4071 
2721 2446 2366 4109 
2722 1576 1329 3934 
2723 2102 2749 4002 
2724 2193 2306 2645 
2725 2289 2076 3526 
2726 2718 3587 4004 
2727 800 838 3964 
2728 1416 1180 4099 
2729 1859 1858 2023 
2730 2644 2050 3301 
2731 3315 2331 4221 
2732 2722 3479 3480 
2733 2738 2967 3920 
2734 1254 2469 3834 
2735 1904 3819 3852 
2736 812 2421 3820 
2737 3701 2325 4047 
2738 793 3351 3492 
2739 1180 1098 4099 
2740 3598 1542 3693 
2741 706 714 3662 
2742 4117 1034 4177 
2743 811 812 3820 
2744 1901 1044 3638 
2745 3344 1183 3345 
2746 1940 1741 2315 
2747 1097 1096 3895 
2748 2149 1781 2784 
2749 1093 4370 4385 
2750 2403 2405 4043 
2751 4017 3630 4140 
2752 571 568 3593 
2753 571 3593 3594 
2754 2323 876 3492 
2755 3405 1248 4210 
2756 1341 1415 3540 
2757 2394 2392 3758 
2758 4007 2755 4020 
2759 4222 2765 4268 
2760 2021 2020 2204 
2761 2166 3340 3341 
2762 3664 3747 3785 
2763 993 1057 4000 
2764 2598 2217 3658 
2765 2337 3623 3819 
2766 1936 2183 2767 
2767 3406 3408 3409 
2768 1111 1112 3375 
2769 1537 3719 3720 
2770 1683 2033 2313 
2771 2038 2638 3544 
2772 3733 2334 3839 
2773 2415 2932 3673 
2774 2803 2802 2871 
2775 3581 3579 4202 
2776 3580 3911 4033 
2777 3632 4169 4377 
2778 2228 2090 4298 
2779 2929 3959 3994 
2780 4109 3665 4219 
2781 700 702 3603 
2782 1491 1889 3491 
2783 3574 1915 3866 
2784 1922 3629 3630 
2785 2487 3715 3716 
2786 2578 3107 4170 
2787 601 604 3651 
2788 2369 1123 4172 
2789 1676 3615 3652 
2790 985 983 3520 
2791 1408 1850 3541 
2792 3450 2137 4249 
2793 1742 1921 4186 
2794 2126 2745 3855 
2795 3662 2329 3942 
2796 752 762 3666 
2797 1891 2286 3774 
2798 2079 2299 2359 
2799 3573 2327 3990 
2800 3404 3405 3406 
2801 3495 3404 3529 
2802 2728 2110 4012 
2803 2551 2552 3814 
2804 3381 3382 3384 
2805 3964 4046 4319 
2806 3627 963 3628 
2807 2420 1912 3853 
2808 4227 1405 4233 
2809 1904 2337 3819 
2810 3708 2060 3709 
2811 2481 4230 4250 
2812 945 906 3729 
2813 1343 2316 3379 
2814 1822 3578 3579 
2815 1945 781 3504 
2816 2139 4077 4235 
2817 2601 2394 3758 
2818 2751 3909 4063 
2819 3579 3578 3582 
2820 793 715 3351 
2821 1499 1683 3641 
2822 1823 3957 3958 
2823 2715 3326 4269 
2824 754 756 3591 
2825 1903 1350 3528 
2826 1403 1401 4166 
2827 1804 1470 3928 
2828 1991 2219 2331 
2829 2719 2103 4070 
2830 2124 2253 2705 
2831 2332 2334 3733 
2832 2373 3902 3960 
2833 549 551 4001 
2834 1208 1192 4075 
2835 1251 1254 3834 
2836 1580 4055 4423 
2837 2124 2705 2720 
2838 1956 1578 2515 
2839 1329 1331 3934 
2840 1354 1356 3374 
2841 3348 1758 3927 
2842 2726 2729 3686 
2843 544 547 3701 
2844 992 994 1339 
2845 2752 1943 3298 
2846 2351 1077 3811 
2847 3498 2359 4183 
2848 1994 3456 3457 
2849 3447 3437 4378 
2850 1531 3946 4103 
2851 1554 3838 4009 
2852 1570 1572 2137 
2853 1666 1934 4108 
2854 1820 1741 1940 
2855 2464 2777 4055 
2856 1744 799 3905 
2857 2451 2474 3282 
2858 3629 2120 3631 
2859 2140 2467 2748 
2860 3436 3434 3643 
2861 3655 4017 4140 
2862 1525 3778 4205 
2863 3368 1734 3479 
2864 2597 2993 2994 
2865 4171 3861 4246 
2866 729 727 3640 
2867 3854 3630 4017 
2868 3691 3772 3773 
2869 4273 548 4322 
2870 717 1779 1938 
2871 3520 983 4206 
2872 1025 1017 1105 
2873 1073 4007 4020 
2874 1565 1139 3899 
2875 1517 4268 4309 
2876 1574 4357 4358 
2877 1963 1629 1965 
2878 3965 4135 4190 
2879 806 1509 4395 
2880 2074 2703 2704 
2881 1315 3987 4102 
2882 1942 1678 3816 
2883 801 800 3964 
2884 1930 3862 4386 
2885 2082 2086 2692 
2886 1162 963 3627 
2887 1563 3948 4197 
2888 1736 1735 2077 
2889 3507 3509 3510 
2890 3404 1248 3405 
2891 1400 1781 1782 
2892 3330 1524 3331 
2893 2813 2056 2815 
2894 2412 4008 4024 
2895 3734 2738 3881 
2896 3332 3956 3957 
2897 3837 3777 4100 
2898 992 1339 3414 
2899 1734 1593 4110 
2900 1778 2707 2708 
2901 2770 2710 2771 
2902 2755 4007 4064 
2903 999 997 3601 
2904 1132 1016 3629 
2905 1582 1291 4179 
2906 1442 1346 1443 
2907 2745 3830 3855 
2908 2756 4068 4372 
2909 3714 3877 3898 
2910 1294 1293 3677 
2911 3615 1676 3663 
2912 2321 2341 4011 
2913 2328 3703 4230 
2914 2441 2440 3545 
2915 877 3931 3932 
2916 1040 964 1166 
2917 1766 1763 4141 
2918 2112 2114 4246 
2919 1980 1982 2501 
2920 2293 2080 2698 
2921 3381 2093 3382 
2922 2705 3317 3697 
2923 3457 3456 3458 
2924 1037 1169 3908 
2925 1382 1109 3985 
2926 2108 2012 3966 
2927 2075 3274 3358 
2928 2217 2615 3658 
2929 1892 526 3766 
2930 1073 1071 4007 
2931 3416 1339 4119 
2932 1511 1659 1866 
2933 2816 2056 3364 
2934 2490 2491 2492 
2935 2518 3267 3980 
2936 1843 2415 3673 
2937 1861 2702 3468 
2938 3880 1911 3984 
2939 2234 2862 2921 
2940 655 1337 3590 
2941 901 965 4008 
2942 1455 3566 4092 
2943 1862 1504 1863 
2944 3873 1911 3884 
2945 2372 3873 3884 
2946 2521 2519 2787 
2947 2558 3587 3676 
2948 2568 2919 3892 
2949 3317 3318 3319 
2950 3330 3332 3333 
2951 702 705 706 
2952 843 841 3974 
2953 1207 1288 1326 
2954 1395 3639 4054 
2955 1683 2032 2033 
2956 1980 2501 3585 
2957 3638 4092 4112 
2958 3820 3936 4058 
2959 2066 1728 3772 
2960 3815 2013 4052 
2961 2815 2056 2816 
2962 3281 2660 3847 
2963 3762 3212 3763 
2964 1266 1537 3849 
2965 1447 1353 3983 
2966 1832 2181 2312 
2967 2305 1949 3607 
2968 2075 2050 2188 
2969 2220 2063 3977 
2970 2194 2193 3297 
2971 2405 2557 4043 
2972 2720 3697 4130 
2973 3519 3518 4308 
2974 1709 1435 3734 
2975 2288 2806 2807 
2976 2452 3604 3992 
2977 3720 3814 4057 
2978 1063 1141 1555 
2979 3615 2726 3686 
2980 3785 3747 4051 
2981 861 837 3611 
2982 1124 1123 1125 
2983 1460 1459 1879 
2984 2867 2562 3049 
2985 4127 2577 4128 
2986 3661 3362 3846 
2987 707 783 3625 
2988 2370 843 3974 
2989 986 985 987 
2990 2769 1508 3449 
2991 1579 2142 2143 
2992 1903 3528 4104 
2993 2616 2382 3935 
2994 750 752 3666 
2995 1064 1066 3563 
2996 1074 1076 3609 
2997 2218 3816 3914 
2998 2520 2522 4079 
2999 2528 2529 2808 
3000 3937 678 4379 
3001 1238 1240 3661 
3002 1446 1707 1708 
3003 1674 1676 3652 
3004 1837 2297 2497 
3005 2336 3724 3725 
3006 2758 3824 3825 
3007 3439 3436 3643 
3008 910 2454 3974 
3009 1453 1454 3600 
3010 1511 1866 1867 
3011 3554 4072 4223 
3012 647 634 3765 
3013 824 1928 3625 
3014 1157 1085 2284 
3015 1742 1919 1921 
3016 1822 3579 3580 
3017 3619 2085 4317 
3018 2430 2268 3289 
3019 2697 2312 4421 
3020 3408 3543 3832 
3021 2387 2426 3777 
3022 773 3662 3942 
3023 1595 1734 3368 
3024 1785 2109 3975 
3025 2165 2167 2540 
3026 2490 2492 3462 
3027 3881 2738 3920 
3028 3443 3439 3445 
3029 1169 1342 1569 
3030 1396 1416 3385 
3031 1953 3483 3490 
3032 2968 2252 3477 
3033 777 769 3958 
3034 913 974 3901 
3035 1095 1094 4085 
3036 1943 2034 2124 
3037 3877 2111 3898 
3038 3092 2570 3760 
3039 4078 2733 4212 
3040 3737 2984 3738 
3041 540 544 3701 
3042 572 570 573 
3043 2327 1664 3990 
3044 2296 3284 3285 
3045 2476 2477 2502 
3046 2754 4189 4342 
3047 528 1892 3704 
3048 1166 964 3376 
3049 1825 1826 3852 
3050 1976 1975 1977 
3051 2420 3853 3854 
3052 2457 2820 2821 
3053 2495 2660 2661 
3054 2731 3576 4005 
3055 1349 1351 1352 
3056 1791 1439 4082 
3057 2332 3733 3904 
3058 2375 2373 3960 
3059 1124 1125 1174 
3060 1533 1470 1804 
3061 2074 2335 2703 
3062 2166 2165 3339 
3063 2269 2268 2430 
3064 603 3651 3693 
3065 844 846 1931 
3066 1491 1888 1889 
3067 1972 1971 1973 
3068 2559 3712 3713 
3069 3431 3432 3442 
3070 1898 1344 4241 
3071 1429 1567 4065 
3072 2414 1667 3815 
3073 3458 3456 3459 
3074 2135 1501 3939 
3075 2116 2772 2773 
3076 2140 2748 3356 
3077 2721 2322 2722 
3078 2483 2485 3608 
3079 3652 3615 3686 
3080 609 3571 3862 
3081 1412 1154 3849 
3082 1922 3630 3854 
3083 4005 2118 4030 
3084 2396 2394 2601 
3085 3456 3455 3460 
3086 565 567 1248 
3087 783 824 3625 
3088 804 840 841 
3089 1196 1197 3925 
3090 1207 1287 1288 
3091 1957 1733 2076 
3092 1761 1762 1763 
3093 3954 1927 4257 
3094 2051 1958 2052 
3095 1227 1225 3973 
3096 3688 2066 3772 
3097 2079 2359 3498 
3098 2707 3501 3870 
3099 3446 3444 3493 
3100 551 560 953 
3101 572 573 715 
3102 908 881 3794 
3103 995 993 4000 
3104 1063 1555 3559 
3105 1099 1181 1821 
3106 1121 1126 1497 
3107 1344 1184 3669 
3108 2114 1541 3636 
3109 1965 1629 3372 
3110 1679 2020 2021 
3111 1832 1831 2181 
3112 2385 2108 3966 
3113 3279 2168 3515 
3114 2234 2922 3373 
3115 3565 2327 3573 
3116 2430 3289 3290 
3117 2457 2456 2820 
3118 1927 794 3613 
3119 914 876 915 
3120 1017 918 1514 
3121 968 967 1053 
3122 1343 2083 2084 
3123 1954 1769 3890 
3124 1858 2038 3544 
3125 2185 1995 2216 
3126 2038 2637 2638 
3127 844 843 845 
3128 1731 1196 1732 
3129 1562 3414 3993 
3130 1843 2414 2415 
3131 1944 2105 2132 
3132 2668 2798 2799 
3133 3418 3433 3434 
3134 3635 1349 4354 
3135 1919 1920 2093 
3136 2125 3595 3938 
3137 2695 2168 3278 
3138 2234 2921 2922 
3139 2367 2446 2447 
3140 3412 3413 3538 
3141 1025 1110 3466 
3142 1288 1287 1408 
3143 1435 1669 3734 
3144 1966 1968 2433 
3145 2076 2295 2296 
3146 3278 2168 3279 
3147 2276 3212 3762 
3148 2282 2281 2283 
3149 2452 2471 3604 
3150 2753 2754 3918 
3151 1080 3730 3874 
3152 1330 1243 3808 
3153 1729 2068 3805 
3154 3308 2297 3309 
3155 2301 2302 2303 
3156 3673 2932 3674 
3157 1518 782 3558 
3158 1143 1341 1507 
3159 1272 1271 3949 
3160 1290 1289 1439 
3161 1289 4020 4082 
3162 1443 1346 3329 
3163 2322 2699 3479 
3164 2384 2387 3777 
3165 2729 2972 3532 
3166 520 2291 3766 
3167 859 1929 3611 
3168 1822 1160 3578 
3169 1740 3616 3618 
3170 2113 2371 3352 
3171 2311 2164 2610 
3172 2809 2310 2811 
3173 2686 2687 2766 
3174 2737 3762 3763 
3175 1572 1573 1574 
3176 1680 1994 3749 
3177 2091 2090 2228 
3178 2799 2801 3300 
3179 3418 3435 3751 
3180 556 555 557 
3181 2758 1543 3824 
3182 1597 1596 1803 
3183 2109 2727 3975 
3184 2118 2757 4030 
3185 2243 2810 2925 
3186 2732 3897 4176 
3187 634 636 3765 
3188 842 844 4162 
3189 958 959 1030 
3190 1189 1188 1385 
3191 1356 1358 1359 
3192 1768 1861 3648 
3193 3631 2120 3936 
3194 2181 2182 2259 
3195 2679 2424 3239 
3196 2622 3727 3775 
3197 2681 2682 2683 
3198 2821 2820 2941 
3199 3435 3437 3447 
3200 870 2343 3761 
3201 1189 1386 1570 
3202 1205 1207 3353 
3203 1693 2332 3904 
3204 2073 2074 3560 
3205 2483 2484 2485 
3206 3426 3427 3428 
3207 2342 685 3626 
3208 1514 918 3919 
3209 974 1064 3901 
3210 1064 1065 1066 
3211 1189 1385 1386 
3212 1775 1778 3481 
3213 1824 2746 3896 
3214 1968 1970 3473 
3215 2424 2073 3560 
3216 2445 2084 3735 
3217 2251 2252 2968 
3218 2771 2710 3451 
3219 2744 2783 3288 
3220 2807 2976 3266 
3221 763 766 769 
3222 1107 1048 4194 
3223 1142 1053 1273 
3224 1550 1097 1713 
3225 1234 1235 1236 
3226 1970 1971 1972 
3227 2326 2192 2650 
3228 2439 2723 4184 
3229 3628 4054 4154 
3230 1463 1462 1596 
3231 1469 1471 1797 
3232 1853 1894 2190 
3233 1972 1974 2486 
3234 3820 2421 3936 
3235 2712 2710 2770 
3236 1408 1409 1849 
3237 1415 1722 1723 
3238 1495 1475 1496 
3239 1572 1574 4358 
3240 1921 1919 3380 
3241 2207 2254 2649 
3242 2276 3762 3826 
3243 2401 2402 2403 
3244 2503 2506 3537 
3245 751 749 1520 
3246 789 772 790 
3247 1093 985 3520 
3248 1021 1098 1099 
3249 1151 1403 1404 
3250 1393 1394 3645 
3251 1790 1439 1791 
3252 1769 1560 1770 
3253 1966 1967 1968 
3254 3727 2348 3775 
3255 2518 2520 3267 
3256 2421 1035 3950 
3257 1375 1376 1774 
3258 2040 2268 2269 
3259 2380 3733 3839 
3260 3390 3388 3391 
3261 1240 1241 1242 
3262 3362 1428 4183 
3263 1926 3924 4098 
3264 2311 2610 3312 
3265 3795 776 3797 
3266 1926 802 3924 
3267 1363 1360 1510 
3268 1365 1469 1470 
3269 1728 1730 3772 
3270 3871 1848 3875 
3271 1968 1969 1970 
3272 2176 2177 2641 
3273 2571 2574 2575 
3274 4130 2699 4199 
3275 538 540 1899 
3276 544 546 547 
3277 557 555 1556 
3278 1823 789 3932 
3279 804 841 842 
3280 901 861 909 
3281 917 981 982 
3282 1112 1113 1114 
3283 1114 1115 1116 
3284 1148 1146 1279 
3285 1491 1887 1888 
3286 1532 2439 3723 
3287 1683 1682 2032 
3288 1782 1781 2149 
3289 1864 1846 3871 
3290 3936 2120 4058 
3291 2422 3941 3963 
3292 2444 2443 3299 
3293 2707 2711 3501 
3294 3687 3688 3689 
3295 1262 1538 3724 
3296 2353 1534 3851 
3297 3804 1539 3812 
3298 1666 1875 1876 
3299 1846 1848 3871 
3300 2070 2071 3803 
3301 2462 3224 3225 
3302 3435 3447 3751 
3303 3468 3469 3470 
3304 3637 3917 4148 
3305 1025 1106 1110 
3306 1143 1507 3644 
3307 1201 1199 1202 
3308 1278 1227 3973 
3309 1449 1263 3753 
3310 1817 1449 3753 
3311 1594 1595 1880 
3312 1630 1629 1963 
3313 3967 2206 3968 
3314 3623 2337 3909 
3315 2415 2414 2584 
3316 3524 2702 4076 
3317 2723 2724 3354 
3318 2830 2829 2971 
3319 2465 913 3901 
3320 1774 1376 1775 
3321 1690 1997 1999 
3322 1709 3734 3881 
3323 1862 2061 2487 
3324 1934 1876 1935 
3325 2018 2115 2116 
3326 3709 2060 3710 
3327 3438 3440 4159 
3328 3689 3688 3690 
3329 1786 1674 3652 
3330 1778 2709 3481 
3331 1884 2276 3826 
3332 2522 2531 3265 
3333 551 552 560 
3334 1141 1364 1365 
3335 1385 1188 1504 
3336 3385 1416 3386 
3337 1668 1843 1844 
3338 1751 1752 1753 
3339 3902 1808 3960 
3340 1970 1972 3588 
3341 2559 1971 3708 
3342 2189 2048 2585 
3343 2131 2462 3536 
3344 2259 2633 2840 
3345 2361 2363 3362 
3346 2408 2410 2468 
3347 3381 3384 3494 
3348 905 975 976 
3349 1532 1470 1533 
3350 1552 2329 3662 
3351 1656 1749 1796 
3352 1829 1830 2094 
3353 2575 2576 2841 
3354 3779 3844 3845 
3355 606 774 3860 
3356 917 916 980 
3357 1066 1068 1433 
3358 1459 1279 1503 
3359 3655 1299 3780 
3360 1343 2084 2316 
3361 1992 1647 4238 
3362 1690 1689 1997 
3363 3359 1804 3928 
3364 1913 1986 3866 
3365 2243 2925 2926 
3366 4404 2289 4465 
3367 2379 3719 3769 
3368 2485 2511 3355 
3369 4020 2755 4082 
3370 778 799 1744 
3371 3714 1314 3877 
3372 1354 1353 1355 
3373 1796 1946 1947 
3374 2175 1801 2176 
3375 1980 1981 1982 
3376 726 727 728 
3377 756 759 1561 
3378 905 976 977 
3379 1014 1911 3880 
3380 1440 1291 1582 
3381 1429 1530 1566 
3382 1889 1888 1890 
3383 2202 2028 2590 
3384 2309 3040 3363 
3385 2336 3725 3963 
3386 2650 2987 2988 
3387 688 692 698 
3388 702 701 705 
3389 1002 1004 3521 
3390 3911 1198 4033 
3391 1220 1221 1222 
3392 1747 1320 3962 
3393 1647 1402 1896 
3394 1770 2238 2239 
3395 2778 1959 4129 
3396 2166 3339 3340 
3397 2312 2181 3325 
3398 2390 2388 2594 
3399 2417 2452 3992 
3400 2502 2503 3537 
3401 2536 2903 2904 
3402 3209 2674 3210 
3403 2868 2735 3474 
3404 746 745 747 
3405 1276 1277 1456 
3406 2077 1735 3349 
3407 1848 1844 3673 
3408 1983 2171 2548 
3409 2029 2028 2202 
3410 2829 2174 3232 
3411 2191 2666 2667 
3412 2218 3915 4259 
3413 2729 2730 2972 
3414 3959 2919 3994 
3415 567 566 568 
3416 752 754 762 
3417 771 766 772 
3418 953 1027 1517 
3419 986 987 988 
3420 1156 1085 1157 
3421 1169 1170 1342 
3422 1197 1195 1198 
3423 1230 1229 1231 
3424 1352 1353 1354 
3425 1358 1361 4245 
3426 1749 1382 3985 
3427 1681 1439 1790 
3428 1704 1703 1705 
3429 1742 1743 1919 
3430 2151 1841 3754 
3431 2267 2039 2470 
3432 2802 2045 2804 
3433 2878 2216 2998 
3434 2452 2453 2471 
3435 2551 2550 2552 
3436 2570 2571 3760 
3437 529 530 541 
3438 633 630 3770 
3439 683 681 694 
3440 1552 801 1553 
3441 1346 1249 1524 
3442 1404 1403 1441 
3443 3724 1538 3725 
3444 1696 1695 1697 
3445 1853 2190 2191 
3446 2058 1864 3871 
3447 1902 2322 2721 
3448 2071 2354 2358 
3449 2379 2380 2381 
3450 2381 2549 2550 
3451 3910 2733 4174 
3452 2916 2826 3126 
3453 3424 3423 3425 
3454 3506 3505 3507 
3455 695 700 1833 
3456 714 800 801 
3457 719 791 792 
3458 900 951 4258 
3459 1041 950 3996 
3460 1218 1220 3778 
3461 1334 1693 3904 
3462 1474 1473 1475 
3463 1509 3557 4395 
3464 2110 2043 4012 
3465 2334 2333 3988 
3466 2618 2375 2928 
3467 2460 2763 4224 
3468 2814 3503 4152 
3469 529 528 530 
3470 838 802 839 
3471 1007 1102 1103 
3472 1054 1053 1142 
3473 1063 1140 1141 
3474 1203 1202 1204 
3475 1255 1256 1258 
3476 1275 1272 1333 
3477 1419 1350 1420 
3478 1454 4211 4234 
3479 1669 1670 2373 
3480 1755 1759 3726 
3481 1902 2092 2322 
3482 3811 1926 4207 
3483 3351 1938 3370 
3484 2040 2039 2267 
3485 4050 2123 4168 
3486 4355 2150 4381 
3487 2828 2255 2915 
3488 2397 2396 2398 
3489 2417 2418 2452 
3490 2735 2734 3574 
3491 3415 3417 3419 
3492 3419 3417 3420 
3493 3418 3434 3435 
3494 3448 3426 3452 
3495 3682 3737 3738 
3496 3709 3710 3711 
3497 3938 4024 4094 
3498 523 524 525 
3499 528 526 1892 
3500 633 3770 3771 
3501 649 1539 3804 
3502 654 653 655 
3503 656 655 657 
3504 706 713 714 
3505 765 3377 4267 
3506 792 865 866 
3507 1554 2113 3838 
3508 2725 2110 2726 
3509 2392 3757 3758 
3510 2572 2570 3092 
3511 527 529 1930 
3512 698 703 1522 
3513 783 822 824 
3514 839 1926 3811 
3515 905 903 975 
3516 966 909 1009 
3517 2336 948 3724 
3518 1068 1070 4318 
3519 1233 1231 1548 
3520 1251 1252 1253 
3521 1546 1260 3575 
3522 1325 1305 3800 
3523 1989 1453 3600 
3524 2428 1713 2759 
3525 1996 1995 2185 
3526 2131 2460 2461 
3527 2155 2647 3360 
3528 2321 2319 2341 
3529 2647 2648 2914 
3530 609 718 719 
3531 678 677 679 
3532 704 699 2427 
3533 732 733 734 
3534 740 741 742 
3535 833 795 3889 
3536 839 802 1926 
3537 820 819 836 
3538 826 825 827 
3539 838 839 878 
3540 853 2412 4044 
3541 864 893 944 
3542 881 946 3794 
3543 1004 1062 1168 
3544 1104 1069 4272 
3545 1258 1259 1260 
3546 1362 1360 1363 
3547 1775 1376 1777 
3548 2300 1894 3316 
3549 3646 1927 3954 
3550 2011 2377 3639 
3551 2140 2141 2467 
3552 2518 2519 2520 
3553 2533 2532 2535 
3554 2536 2537 2903 
3555 2742 3731 3952 
3556 658 657 659 
3557 660 659 661 
3558 756 1561 3591 
3559 824 851 852 
3560 3415 1339 3416 
3561 1549 3608 3609 
3562 1828 1827 3678 
3563 2309 3039 3040 
3564 2571 2573 2574 
3565 2663 3741 3823 
3566 3963 3725 3969 
3567 622 623 624 
3568 1534 631 3851 
3569 1380 635 3771 
3570 668 667 669 
3571 682 681 683 
3572 688 687 690 
3573 747 745 767 
3574 853 901 2412 
3575 3732 877 4045 
3576 900 950 951 
3577 996 995 997 
3578 1143 1340 1341 
3579 1156 1413 1414 
3580 1229 1278 3522 
3581 1331 1330 1472 
3582 4311 1516 4398 
3583 1579 1578 1956 
3584 1841 1883 3754 
3585 1955 1954 2498 
3586 1972 1973 1974 
3587 2075 2188 2288 
3588 2079 2298 2299 
3589 2317 2084 2445 
3590 2744 2094 2783 
3591 2398 2396 3369 
3592 3545 2440 4382 
3593 2503 2505 2506 
3594 3727 2622 3776 
3595 2746 3740 3896 
3596 2759 4144 4203 
3597 3539 3382 4061 
3598 3424 3426 3448 
3599 3655 3780 4017 
3600 676 677 678 
3601 695 696 700 
3602 700 701 702 
3603 1545 750 3666 
3604 2469 1257 2776 
3605 1420 1350 1903 
3606 1675 1808 3902 
3607 1825 3700 3883 
3608 4482 1899 4483 
3609 1912 1915 3853 
3610 1990 1989 2063 
3611 3706 2352 3784 
3612 2553 2404 3042 
3613 2411 2760 2761 
3614 3386 3388 3389 
3615 3507 3505 3508 
3616 727 725 764 
3617 863 862 912 
3618 3996 950 4146 
3619 1944 1077 2105 
3620 1549 1097 1550 
3621 1181 1396 1397 
3622 1525 1218 3778 
3623 1245 1235 3893 
3624 1236 1238 1506 
3625 1251 1253 1254 
3626 1500 1498 1501 
3627 1772 1768 1773 
3628 1792 1790 3694 
3629 1909 1907 2340 
3630 2392 2390 3757 
3631 2395 2396 2397 
3632 2705 2706 3317 
3633 2759 3895 4144 
3634 954 560 1739 
3635 1543 625 3824 
3636 626 955 3748 
3637 702 773 3603 
3638 714 1552 3662 
3639 716 794 1927 
3640 860 906 945 
3641 957 945 967 
3642 988 987 989 
3643 1101 1028 1332 
3644 1070 1069 1071 
3645 1268 1269 1270 
3646 1356 1357 1358 
3647 3645 1394 4176 
3648 1454 3618 4211 
3649 1596 1462 1793 
3650 1797 1798 2164 
3651 2057 1965 2174 
3652 2333 2000 2350 
3653 2205 2204 2545 
3654 2913 2350 3535 
3655 2356 2672 2673 
3656 2928 2375 2929 
3657 2492 2507 2508 
3658 3989 2681 4147 
3659 1165 986 4027 
3660 1058 999 3601 
3661 1043 1042 1044 
3662 1302 1304 3731 
3663 1317 1314 3714 
3664 1384 1663 2241 
3665 1397 1396 1462 
3666 1907 1528 1908 
3667 2329 2330 2714 
3668 2526 2534 2690 
3669 2575 2937 3760 
3670 3501 2711 3502 
3671 3393 3391 3394 
3672 537 535 3767 
3673 769 766 771 
3674 968 1053 1054 
3675 1094 1048 1107 
3676 1146 1147 3562 
3677 1205 1203 1206 
3678 1242 1241 1243 
3679 1258 1256 1259 
3680 1310 1311 1312 
3681 1368 1374 1400 
3682 1455 1453 1989 
3683 2022 1560 3653 
3684 1772 2145 2753 
3685 2164 1798 2514 
3686 2125 4094 4146 
3687 2131 2461 2462 
3688 2326 2650 2718 
3689 2448 2340 3616 
3690 2408 2468 3576 
3691 2558 2437 3587 
3692 2448 3616 3617 
3693 2615 2997 3072 
3694 2686 2684 2687 
3695 2837 2969 3043 
3696 1542 721 3693 
3697 734 735 736 
3698 759 758 760 
3699 759 760 763 
3700 917 980 981 
3701 990 989 991 
3702 992 991 993 
3703 1002 1001 1003 
3704 1045 1044 1046 
3705 1174 1175 1368 
3706 1275 1333 1334 
3707 1578 1341 3540 
3708 1405 1368 3534 
3709 1679 1501 1799 
3710 1520 3622 3707 
3711 1772 1773 2145 
3712 3541 1850 4114 
3713 2538 2009 3645 
3714 2062 2080 2081 
3715 2068 3706 3805 
3716 2415 2931 2932 
3717 2425 2424 2679 
3718 2508 2507 2517 
3719 3741 2663 3822 
3720 2822 2848 2996 
3721 4025 3611 4229 
3722 3682 3679 3737 
3723 811 775 812 
3724 899 851 2125 
3725 901 909 965 
3726 996 997 998 
3727 1004 1005 1062 
3728 1099 1180 1181 
3729 1151 1150 1401 
3730 1212 1162 3627 
3731 1320 1302 3731 
3732 1354 1355 1356 
3733 3386 1416 3387 
3734 1700 1701 1702 
3735 1976 2500 3657 
3736 2536 2009 2537 
3737 2038 2059 2637 
3738 2834 2058 3871 
3739 2071 2358 3803 
3740 2097 2099 2449 
3741 3756 2173 3786 
3742 2173 3756 3787 
3743 2296 2295 3283 
3744 2417 3992 4071 
3745 2580 2582 2583 
3746 2709 2710 2712 
3747 3489 3333 3999 
3748 3389 3398 3399 
3749 648 650 3728 
3750 742 741 743 
3751 744 743 745 
3752 1029 1032 1083 
3753 1047 1046 1048 
3754 1049 1048 1094 
3755 1072 1071 1073 
3756 1431 1333 1540 
3757 3793 1476 3821 
3758 1706 1508 2290 
3759 1557 1558 1559 
3760 1735 1576 2775 
3761 1763 1765 4141 
3762 2160 1794 3822 
3763 1834 3799 3802 
3764 1976 1978 2500 
3765 2201 2016 3788 
3766 3217 2070 3803 
3767 2099 2242 2243 
3768 2663 2160 3822 
3769 3909 2337 4063 
3770 2556 2580 2581 
3771 2575 2841 2937 
3772 3438 3439 3440 
3773 1916 648 3728 
3774 698 699 703 
3775 703 699 704 
3776 783 784 822 
3777 878 839 879 
3778 1347 1102 1350 
3779 3753 1263 3856 
3780 1301 1746 3780 
3781 1554 2112 2113 
3782 1666 1876 1934 
3783 1913 1747 1914 
3784 3678 1827 3739 
3785 2190 1894 2300 
3786 3316 1894 4248 
3787 2435 2434 2436 
3788 2848 2849 3099 
3789 3863 3840 3864 
3790 714 801 1552 
3791 750 749 751 
3792 752 751 753 
3793 754 755 756 
3794 778 777 798 
3795 1161 963 1162 
3796 1059 1109 1179 
3797 1118 1119 1121 
3798 1121 1122 1126 
3799 1224 1226 1513 
3800 1384 1662 1663 
3801 1646 1402 1647 
3802 1770 1560 2022 
3803 1867 1866 2050 
3804 2088 1898 2089 
3805 1928 4167 4266 
3806 2499 1954 3890 
3807 2464 1959 2777 
3808 2413 2121 2742 
3809 2126 2429 2745 
3810 2998 2216 3929 
3811 2457 2821 3238 
3812 2479 2478 2480 
3813 2945 2545 3056 
3814 3913 3680 3998 
3815 547 548 549 
3816 556 558 4031 
3817 558 561 562 
3818 636 1536 3765 
3819 914 915 1018 
3820 955 2119 3748 
3821 1001 999 1058 
3822 1046 1044 1901 
3823 1101 1332 3578 
3824 1156 1157 1413 
3825 1192 1160 1193 
3826 1179 1437 1438 
3827 1222 1223 1224 
3828 1268 1270 3769 
3829 1297 1299 3655 
3830 1334 1432 1693 
3831 1408 1849 1850 
3832 1497 1498 1499 
3833 1559 1560 1769 
3834 1885 1727 3813 
3835 1761 1763 1764 
3836 1834 3798 3799 
3837 1855 2193 2194 
3838 1897 1898 2087 
3839 1938 1959 2464 
3840 1972 2486 3588 
3841 1980 1979 1981 
3842 2043 2041 2270 
3843 2176 2641 2873 
3844 2455 2281 4181 
3845 3233 2282 3240 
3846 2393 2392 2394 
3847 2568 2918 2919 
3848 2599 3739 3857 
3849 2615 2616 2997 
3850 2672 2674 3209 
3851 3445 3439 3643 
3852 3508 3505 3511 
3853 630 628 3770 
3854 1049 1557 3831 
3855 1071 1069 1104 
3856 1076 1097 1549 
3857 1255 1253 1256 
3858 1347 1350 1419 
3859 1794 1476 3793 
3860 1908 1528 2095 
3861 1845 1844 1846 
3862 1903 3411 4248 
3863 2716 1996 2717 
3864 2017 2018 2562 
3865 2116 2442 2772 
3866 2318 2319 2320 
3867 2372 3804 3812 
3868 2727 3663 3664 
3869 2954 2953 2955 
3870 3788 3789 3791 
3871 650 712 3728 
3872 691 659 3698 
3873 903 849 904 
3874 987 985 1093 
3875 1052 1092 1182 
3876 1052 1262 3724 
3877 1094 1107 1108 
3878 1110 1184 1344 
3879 1184 1291 1292 
3880 1948 1409 1952 
3881 1529 1785 3975 
3882 1675 1787 1808 
3883 1693 1694 2000 
3884 1764 1811 1895 
3885 1816 2493 2494 
3886 1844 1843 3673 
3887 1846 1844 1848 
3888 2527 1860 2528 
3889 2549 2380 3839 
3890 2432 4025 4229 
3891 2498 2499 2774 
3892 2518 2517 2519 
3893 3268 2690 3810 
3894 3307 2693 3326 
3895 2746 4030 4069 
3896 2922 2923 2924 
3897 2961 2962 3113 
3898 3650 3266 4351 
3899 3617 3996 4146 
3900 4116 4115 4173 
3901 707 704 708 
3902 730 731 732 
3903 746 747 748 
3904 1834 779 3798 
3905 834 870 3761 
3906 2416 908 3794 
3907 1016 2120 3629 
3908 1072 1073 1074 
3909 2007 1664 2327 
3910 1812 1766 1813 
3911 1788 1801 2175 
3912 1799 2135 2136 
3913 2030 1864 2058 
3914 2090 2089 2230 
3915 2129 3913 3998 
3916 2191 2190 2666 
3917 3039 2220 3977 
3918 2243 2926 3551 
3919 3798 2422 3799 
3920 2511 2512 2513 
3921 2615 3072 3658 
3922 2668 2799 3696 
3923 3775 3779 3845 
3924 604 602 605 
3925 855 811 3820 
3926 1012 3843 3859 
3927 2008 1451 2009 
3928 1496 1475 1854 
3929 2001 1786 2002 
3930 1794 3793 3822 
3931 1861 2701 2702 
3932 1865 1864 2030 
3933 1934 1935 1936 
3934 2417 1955 2418 
3935 1974 1973 1975 
3936 2207 2047 2254 
3937 2061 2062 2614 
3938 2219 2310 2809 
3939 2365 2367 3546 
3940 2513 2523 2524 
3941 2748 4272 4305 
3942 2984 3737 3739 
3943 536 537 538 
3944 540 543 544 
3945 547 546 548 
3946 551 550 552 
3947 556 557 558 
3948 565 566 567 
3949 569 570 572 
3950 645 643 3795 
3951 702 706 773 
3952 844 845 846 
3953 1931 846 3632 
3954 875 874 3906 
3955 1018 915 1019 
3956 2454 958 3592 
3957 1031 959 1373 
3958 981 980 1084 
3959 1100 1028 1101 
3960 1557 1095 1558 
3961 1110 1344 1897 
3962 1193 1160 1822 
3963 1200 1199 1201 
3964 1254 1255 1257 
3965 1472 1330 1547 
3966 3779 1417 3844 
3967 1424 1729 3805 
3968 1566 1530 1837 
3969 1539 3795 3796 
3970 1570 1571 1572 
3971 1708 1707 2046 
3972 1746 2420 3780 
3973 1755 1754 1756 
3974 1895 3347 3927 
3975 1912 1913 1915 
3976 1978 1979 1980 
3977 1986 2187 3866 
3978 2046 2047 2207 
3979 2827 2236 3503 
3980 3775 2348 3779 
3981 2349 2352 3783 
3982 2352 3706 3783 
3983 2524 2525 2526 
3984 2901 2842 2902 
3985 3213 3687 3689 
3986 3691 3688 3772 
3987 3626 694 4362 
3988 770 777 778 
3989 961 962 1015 
3990 1015 1016 1131 
3991 1345 1249 1346 
3992 1293 1489 1818 
3993 1746 1320 1747 
3994 1500 1501 1679 
3995 1550 1714 1737 
3996 1880 1595 1881 
3997 1723 2527 3310 
3998 1923 1924 2102 
3999 2102 2719 2749 
4000 2442 2115 2755 
4001 2201 3788 3791 
4002 2316 2317 2318 
4003 2831 2348 3727 
4004 2399 2398 2400 
4005 2587 2444 2812 
4006 2690 2534 3291 
4007 2554 2553 2555 
4008 2976 2975 2977 
4009 2976 2977 3264 
4010 3573 3990 4194 
4011 604 606 1531 
4012 662 664 809 
4013 695 690 696 
4014 853 861 901 
4015 856 884 885 
4016 2419 856 3921 
4017 1015 962 1016 
4018 982 984 3610 
4019 1527 1081 1528 
4020 1188 1111 3375 
4021 1510 1360 4245 
4022 1414 1413 1629 
4023 1470 1469 3928 
4024 1778 2708 2709 
4025 1876 1875 2055 
4026 2233 2147 2324 
4027 2356 2357 2672 
4028 2485 2510 2511 
4029 2485 3355 3608 
4030 3355 2511 3499 
4031 605 602 1886 
4032 629 628 630 
4033 638 639 640 
4034 736 737 738 
4035 871 869 873 
4036 1013 947 1014 
4037 974 1036 1037 
4038 1210 1162 1211 
4039 1222 1221 1223 
4040 1232 1231 1233 
4041 1236 1235 1237 
4042 2134 1697 3740 
4043 1929 3835 4229 
4044 2037 2739 3792 
4045 2338 2740 3819 
4046 2389 2388 2390 
4047 2401 2509 3552 
4048 2467 4276 4350 
4049 2579 2555 3055 
4050 2583 2582 2595 
4051 2768 2933 2934 
4052 3598 3693 4103 
4053 3630 3629 3631 
4054 604 1531 3651 
4055 1539 645 3795 
4056 1161 1162 1210 
4057 1563 1217 3947 
4058 1424 1423 1728 
4059 1424 1728 1729 
4060 1633 1426 1634 
4061 1594 1593 1595 
4062 1656 1796 2013 
4063 1669 2373 2374 
4064 1739 3530 4142 
4065 2028 1804 3359 
4066 1819 2130 2131 
4067 1840 2152 3845 
4068 2742 2121 3962 
4069 2360 2299 3287 
4070 2367 2366 2446 
4071 2408 2409 2410 
4072 2410 2733 3910 
4073 2421 3950 4088 
4074 2691 2524 3833 
4075 3333 3332 3602 
4076 3389 3388 3390 
4077 656 658 1033 
4078 661 659 691 
4079 667 665 808 
4080 668 670 689 
4081 684 686 2328 
4082 687 685 2342 
4083 688 690 692 
4084 841 840 910 
4085 919 879 920 
4086 951 950 1041 
4087 1081 966 3553 
4088 997 995 1544 
4089 1063 1005 1140 
4090 1251 1250 1252 
4091 1304 1306 3952 
4092 1329 1330 1331 
4093 1554 1541 2112 
4094 1912 1747 1913 
4095 2736 1842 3878 
4096 1847 1864 1865 
4097 1915 1913 3866 
4098 1936 1937 2183 
4099 1966 2433 4133 
4100 3687 2066 3688 
4101 2279 3206 3207 
4102 2313 3269 3277 
4103 2843 2350 2913 
4104 2381 2550 2551 
4105 2384 2385 2386 
4106 2391 2390 2392 
4107 2638 2637 2953 
4108 3410 3408 3832 
4109 720 603 721 
4110 648 649 650 
4111 650 651 711 
4112 738 737 739 
4113 740 739 741 
4114 796 795 833 
4115 842 841 843 
4116 881 880 946 
4117 910 958 2454 
4118 948 1052 3724 
4119 1040 1167 3467 
4120 1116 1115 1117 
4121 1429 1137 1530 
4122 1214 1213 1215 
4123 1491 1327 1887 
4124 1331 1472 1473 
4125 1366 1367 1453 
4126 1566 1837 2085 
4127 1660 2345 3786 
4128 2006 1664 2007 
4129 1680 1800 1857 
4130 1690 1999 2140 
4131 2044 1948 2045 
4132 1976 1977 1978 
4133 2003 2001 2221 
4134 2016 2173 3788 
4135 2243 2242 2810 
4136 2705 2253 2706 
4137 2838 2257 2966 
4138 2382 3753 3935 
4139 2447 2489 2490 
4140 3737 3678 3739 
4141 3690 3688 3691 
4142 523 522 524 
4143 527 526 528 
4144 527 1930 3828 
4145 601 602 604 
4146 609 608 718 
4147 3851 647 4021 
4148 656 657 658 
4149 659 657 3698 
4150 673 671 693 
4151 678 679 680 
4152 691 3698 3699 
4153 703 704 707 
4154 706 705 713 
4155 719 718 791 
4156 854 811 855 
4157 824 822 851 
4158 856 855 884 
4159 974 973 1036 
4160 1029 976 1032 
4161 1072 1074 1430 
4162 1168 1247 1375 
4163 1232 1233 1234 
4164 1258 1260 1546 
4165 1260 1259 1261 
4166 1395 1393 1451 
4167 1441 1680 3749 
4168 1633 1634 1840 
4169 1951 1949 2305 
4170 1999 1997 3750 
4171 2012 2198 3966 
4172 2155 2023 2647 
4173 3213 2278 3687 
4174 2522 2530 2531 
4175 2714 2715 3314 
4176 3084 2728 4012 
4177 3792 2739 3793 
4178 3386 3387 3388 
4179 3422 3423 3424 
4180 562 565 3403 
4181 572 715 716 
4182 606 605 607 
4183 651 649 3804 
4184 785 651 786 
4185 728 727 729 
4186 736 735 737 
4187 794 830 831 
4188 828 2372 3884 
4189 907 833 3889 
4190 3205 872 3211 
4191 1080 1078 3730 
4192 1220 1222 1371 
4193 1226 1227 1228 
4194 1476 1282 3821 
4195 1295 1294 1296 
4196 1297 1296 1298 
4197 1299 1298 1300 
4198 1316 1317 1321 
4199 1512 1354 3374 
4200 1453 1367 1454 
4201 1441 1403 1652 
4202 1550 1713 1714 
4203 1763 1762 1765 
4204 2382 1817 3753 
4205 1824 2731 2746 
4206 1865 2030 2168 
4207 1884 2275 2276 
4208 2537 2009 2538 
4209 2116 2773 3485 
4210 2844 2186 2846 
4211 3377 2305 3378 
4212 2363 2362 2364 
4213 2387 2388 2389 
4214 2410 2411 2733 
4215 2835 2834 2836 
4216 3409 3408 3410 
4217 3432 3447 4301 
4218 558 562 4031 
4219 566 564 1939 
4220 717 573 1551 
4221 717 1551 1779 
4222 722 723 724 
4223 724 725 726 
4224 778 798 799 
4225 834 868 869 
4226 892 902 949 
4227 951 1042 1043 
4228 1580 1115 3614 
4229 1138 1139 1564 
4230 1148 1279 1280 
4231 1153 1154 1412 
4232 1194 1195 1196 
4233 1269 1267 1748 
4234 1270 1272 1274 
4235 3578 1332 3582 
4236 1529 1412 1784 
4237 1438 1437 1667 
4238 1842 1634 3878 
4239 1693 2000 2332 
4240 2724 1745 4231 
4241 3700 1825 3852 
4242 1904 1828 1905 
4243 1878 2117 2128 
4244 1891 1890 2285 
4245 1913 1914 1986 
4246 1986 1987 2186 
4247 2008 2009 2536 
4248 2278 2067 3687 
4249 2097 2449 4080 
4250 2161 2664 2676 
4251 2279 2278 3206 
4252 2364 2362 3327 
4253 2565 2564 2566 
4254 2832 2831 3098 
4255 2837 2836 2969 
4256 3792 3793 3821 
4257 527 528 529 
4258 623 621 898 
4259 624 626 627 
4260 627 628 629 
4261 657 655 3590 
4262 677 675 1568 
4263 771 772 789 
4264 789 790 805 
4265 792 791 865 
4266 795 1834 3889 
4267 800 802 838 
4268 946 880 947 
4269 961 884 962 
4270 948 1008 1052 
4271 953 1517 4001 
4272 1131 1016 1132 
4273 1187 1092 3885 
4274 1103 1102 1347 
4275 1267 1265 3670 
4276 1284 1399 1625 
4277 1310 1309 1311 
4278 1417 1322 3844 
4279 1400 1782 1788 
4280 1434 4348 4427 
4281 1450 1825 3883 
4282 1452 2010 2011 
4283 1674 1673 1676 
4284 1700 1699 1701 
4285 1723 1860 2527 
4286 3772 1730 3773 
4287 1737 1949 1951 
4288 1748 3670 3671 
4289 1824 1836 2731 
4290 1905 1828 1906 
4291 1829 2094 2100 
4292 2332 2000 2333 
4293 2148 2147 2233 
4294 3839 2334 3840 
4295 3941 2336 3963 
4296 2361 2360 2362 
4297 2361 2362 2363 
4298 2586 2585 3002 
4299 2599 2598 2983 
4300 2681 2680 2682 
4301 2723 3354 4019 
4302 3441 3438 4159 
4303 3849 3720 4057 
4304 3796 3795 3797 
4305 569 572 3646 
4306 1531 606 3860 
4307 626 625 955 
4308 640 639 641 
4309 831 874 875 
4310 834 869 870 
4311 860 847 906 
4312 2343 872 3205 
4313 913 912 973 
4314 946 1013 3752 
4315 1012 952 3843 
4316 1044 1042 3638 
4317 1078 1153 3730 
4318 1282 1089 1283 
4319 1153 1412 1529 
4320 1161 1210 1923 
4321 1167 1249 1345 
4322 1197 1199 1200 
4323 1240 1242 1428 
4324 1266 1265 1267 
4325 1266 1267 1268 
4326 1268 1267 1269 
4327 1270 1269 1271 
4328 1270 1274 3769 
4329 1284 1283 1399 
4330 1305 1303 3800 
4331 1312 1316 3830 
4332 1625 1399 1660 
4333 1726 1425 1727 
4334 1452 1451 2008 
4335 1463 1596 1597 
4336 1529 1784 1785 
4337 1716 1625 3786 
4338 1626 1717 3792 
4339 1673 1671 1925 
4340 1717 2036 2037 
4341 1717 2037 3792 
4342 1729 1728 2066 
4343 1826 1828 1904 
4344 1884 1885 2275 
4345 2275 1885 2349 
4346 2285 1890 3234 
4347 1904 1905 2337 
4348 1966 1964 1967 
4349 2027 2599 3857 
4350 2030 2058 2632 
4351 2109 2043 2110 
4352 2063 2197 2805 
4353 2111 3784 3898 
4354 2378 2117 2743 
4355 2172 2348 2831 
4356 3206 2278 3213 
4357 2298 2339 3275 
4358 2332 2333 2334 
4359 2345 3756 3786 
4360 2851 2346 2852 
4361 2367 2447 2696 
4362 2374 2373 2375 
4363 2395 2394 2396 
4364 2492 2508 2689 
4365 3720 2551 3814 
4366 2868 3474 3475 
4367 2919 2918 2965 
4368 3794 3752 4051 
4369 524 526 527 
4370 541 530 542 
4371 538 539 540 
4372 547 549 2325 
4373 552 550 553 
4374 554 555 556 
4375 563 709 710 
4376 629 631 1427 
4377 632 630 633 
4378 634 633 635 
4379 644 643 645 
4380 643 776 3795 
4381 648 645 649 
4382 650 649 651 
4383 711 651 785 
4384 655 653 1337 
4385 662 663 664 
4386 674 675 676 
4387 680 681 682 
4388 707 3625 4006 
4389 710 781 782 
4390 779 711 3798 
4391 795 779 1834 
4392 782 803 804 
4393 822 784 823 
4394 785 786 797 
4395 2422 797 3941 
4396 822 823 3595 
4397 829 880 881 
4398 846 845 847 
4399 906 918 960 
4400 1008 908 2416 
4401 967 945 2700 
4402 1014 947 1911 
4403 953 954 1027 
4404 1109 1009 2432 
4405 1013 1078 1080 
4406 1049 1095 1557 
4407 1100 1101 1159 
4408 1159 1160 1192 
4409 1164 1163 1250 
4410 1186 1187 1435 
4411 1218 1219 1220 
4412 1259 1256 2406 
4413 1274 1481 2379 
4414 1281 1282 1476 
4415 1282 1283 1284 
4416 1322 1317 1323 
4417 1426 1425 1726 
4418 1427 1534 2070 
4419 1435 1436 1669 
4420 1477 1476 1794 
4421 1672 1674 1675 
4422 1676 1673 3746 
4423 1675 1786 1787 
4424 1726 1727 1884 
4425 1796 1749 1946 
4426 1754 2459 4168 
4427 1861 1767 2701 
4428 1795 2160 2161 
4429 1836 2407 2408 
4430 1889 1891 2101 
4431 1925 3886 3981 
4432 1974 1975 1976 
4433 2011 2012 2107 
4434 2037 2265 2739 
4435 2423 2073 2424 
4436 2113 2112 2371 
4437 2126 2127 2429 
4438 2753 2145 2754 
4439 2309 2220 3039 
4440 2318 2317 2319 
4441 3354 2724 3411 
4442 3406 3407 3408 
4443 780 796 1521 
4444 882 881 908 
4445 1052 1008 1092 
4446 1182 1092 1186 
4447 1172 1173 1366 
4448 1319 1424 2111 
4449 1442 1592 1789 
4450 1539 3796 3812 
4451 1729 2067 2068 
4452 2002 1786 3652 
4453 1787 2001 2003 
4454 1795 1794 2160 
4455 1818 1819 2675 
4456 1857 2165 2166 
4457 1918 3624 3872 
4458 1963 2057 4232 
4459 2221 2001 3979 
4460 2003 2221 2567 
4461 2068 2069 2072 
4462 2085 3581 3953 
4463 2623 2151 3754 
4464 2610 2164 3555 
4465 2237 2236 2827 
4466 2338 2368 2740 
4467 2741 2368 3802 
4468 2520 2519 2521 
4469 2568 2567 2569 
4470 2599 2983 2984 
4471 2726 2728 2729 
4472 3917 3637 4066 
4473 546 545 1138 
4474 554 553 555 
4475 627 626 628 
4476 734 736 757 
4477 760 758 1900 
4478 774 775 811 
4479 780 795 796 
4480 785 2422 3798 
4481 799 819 820 
4482 812 1035 2421 
4483 850 903 905 
4484 2338 907 2368 
4485 960 1017 1025 
4486 1112 1019 1113 
4487 1083 1032 1150 
4488 3752 1080 3785 
4489 1293 1134 1489 
4490 1435 1187 1436 
4491 1192 1193 1194 
4492 1274 2379 3769 
4493 1306 1308 1315 
4494 1570 1386 1571 
4495 1693 1432 1694 
4496 1669 1436 1670 
4497 1537 3720 3849 
4498 1675 1674 1786 
4499 1750 1751 1933 
4500 3739 1827 3857 
4501 1918 2338 3623 
4502 3625 1928 4290 
4503 2116 2115 2442 
4504 2146 2148 2488 
4505 2173 3787 3788 
4506 2768 2183 2933 
4507 2617 2227 2986 
4508 2343 3205 3216 
4509 2740 2368 2741 
4510 2374 2375 2618 
4511 2419 3921 4002 
4512 2430 3290 4217 
4513 3599 2719 4070 
4514 2799 2800 2801 
4515 3938 3595 4044 
4516 3903 3624 3907 
4517 3670 3880 3984 
4518 3839 3840 3863 
4519 1427 631 1534 
4520 632 634 647 
4521 635 633 3771 
4522 637 635 1380 
4523 649 645 1539 
4524 650 711 712 
4525 1519 729 3640 
4526 767 745 3665 
4527 770 769 777 
4528 799 798 819 
4529 1553 801 2450 
4530 868 1918 3872 
4531 915 876 2323 
4532 1018 1111 1120 
4533 1083 1150 1151 
4534 1116 1118 1183 
4535 1204 1202 2138 
4536 1205 1206 1207 
4537 1262 1263 1264 
4538 1310 1312 3830 
4539 1313 1311 1318 
4540 1415 1340 1581 
4541 1359 1360 1362 
4542 1427 2104 3865 
4543 1452 2008 2010 
4544 2070 1534 2071 
4545 1660 1877 2345 
4546 1826 1711 1827 
4547 2173 1716 3786 
4548 2146 1773 2147 
4549 1858 1803 2038 
4550 1991 1992 2219 
4551 2037 2227 2265 
4552 2571 2052 2573 
4553 2091 2229 2694 
4554 2128 2117 2378 
4555 2161 2160 2662 
4556 2548 2171 2870 
4557 2739 2265 3741 
4558 2345 2346 2851 
4559 2853 2346 3827 
4560 2423 2424 2425 
4561 2667 2666 2863 
4562 2739 3741 3822 
4563 3874 3730 3975 
4564 859 827 1163 
4565 3964 838 4046 
4566 1010 1012 1088 
4567 1042 1041 1172 
4568 1088 1089 1281 
4569 1277 1261 1372 
4570 1282 1284 3821 
4571 1284 1625 1626 
4572 1316 1314 1317 
4573 1366 1453 1455 
4574 1660 1399 1661 
4575 1477 1795 1917 
4576 1626 1716 1717 
4577 1670 1671 1672 
4578 1672 1673 1674 
4579 1825 1711 1826 
4580 1746 1747 1912 
4581 2217 1817 2382 
4582 1826 1827 1828 
4583 2346 1877 3827 
4584 1901 3638 4112 
4585 1986 2186 2187 
4586 2003 2567 2568 
4587 2647 2023 2648 
4588 2027 2598 2599 
4589 2621 2151 2623 
4590 2662 2160 2663 
4591 2870 2171 2872 
4592 2345 2851 3756 
4593 2852 2346 2853 
4594 2356 2355 2357 
4595 2727 2725 3663 
4596 3440 3439 3443 
4597 4077 3835 4235 
4598 536 535 537 
4599 538 537 539 
4600 540 539 543 
4601 642 643 644 
4602 4247 742 4267 
4603 755 753 768 
4604 870 872 2343 
4605 952 956 3843 
4606 1078 1014 1079 
4607 1035 1034 1134 
4608 1172 1041 1173 
4609 1135 1134 1293 
4610 1153 1529 3730 
4611 1154 1265 1266 
4612 1748 1267 3670 
4613 1537 1268 3769 
4614 1270 1271 1272 
4615 1274 1272 1275 
4616 1853 1420 1894 
4617 1592 1443 1593 
4618 1789 1592 3940 
4619 1625 1660 3786 
4620 1841 1634 1842 
4621 1672 1671 1673 
4622 1755 1757 1759 
4623 1785 2043 2109 
4624 1840 2151 2152 
4625 1883 1842 2277 
4626 1874 1873 2172 
4627 1878 2129 3827 
4628 1906 3679 3680 
4629 1911 3873 3984 
4630 2036 2016 2201 
4631 2152 2621 2622 
4632 2187 2186 2844 
4633 2567 2221 2990 
4634 2750 2378 2751 
4635 2513 2524 2691 
4636 2563 2562 2867 
4637 3693 3651 4103 
4638 658 659 660 
4639 682 683 684 
4640 774 811 854 
4641 774 854 3860 
4642 812 775 1034 
4643 824 852 1928 
4644 859 1164 1929 
4645 921 1007 1932 
4646 1025 1105 1106 
4647 1169 1036 1170 
4648 1131 1132 1393 
4649 1394 1132 1922 
4650 1264 1263 1449 
4651 1295 1297 1835 
4652 1299 1301 3780 
4653 1302 1300 1303 
4654 1301 1302 1320 
4655 1301 1320 1746 
4656 1306 1305 1307 
4657 1312 1311 1313 
4658 1896 1402 3584 
4659 2290 1508 2769 
4660 3651 1531 4103 
4661 1552 1838 2329 
4662 3831 1557 4071 
4663 2117 1661 3848 
4664 1662 1664 2006 
4665 1666 1665 1875 
4666 1710 1817 2027 
4667 1717 1716 2016 
4668 1723 1722 1860 
4669 2701 1767 3348 
4670 2145 1773 2146 
4671 2027 2217 2598 
4672 2067 2066 3687 
4673 2068 2072 3706 
4674 2109 2725 2727 
4675 2122 2434 2435 
4676 2265 2227 2617 
4677 2276 2275 2671 
4678 2363 2364 2365 
4679 2386 2385 2961 
4680 2403 2404 2405 
4681 2447 2446 2489 
4682 2456 2455 2458 
4683 3604 2471 3605 
4684 2490 3462 3586 
4685 2539 2734 2735 
4686 2835 2836 2837 
4687 3403 3404 3495 
4688 3437 3438 3441 
4689 3788 3787 3789 
4690 604 605 606 
4691 723 721 1542 
4692 722 724 1158 
4693 771 789 1823 
4694 878 879 919 
4695 949 1010 1011 
4696 1089 1012 3859 
4697 1131 1393 1395 
4698 1401 1150 1402 
4699 1219 1217 1563 
4700 1234 1233 1235 
4701 3949 1271 4124 
4702 1284 1626 3821 
4703 1296 1294 1381 
4704 1295 1296 1297 
4705 1425 1323 3879 
4706 1365 1470 1532 
4707 1660 1661 1877 
4708 1710 2027 3857 
4709 2016 1716 2173 
4710 1717 2016 2036 
4711 2018 1791 2115 
4712 1798 2150 3550 
4713 1840 1841 2151 
4714 1877 1878 3827 
4715 2345 1877 2346 
4716 2352 1885 3813 
4717 2107 2012 2108 
4718 2632 2058 2833 
4719 2099 2098 2242 
4720 2152 3775 3845 
4721 2161 2662 2664 
4722 2961 2385 2962 
4723 2420 3854 4017 
4724 2638 2954 3296 
4725 2664 2662 3037 
4726 3428 3429 3568 
4727 3789 3787 3790 
4728 553 550 4273 
4729 554 556 2431 
4730 632 633 634 
4731 634 635 636 
4732 636 637 638 
4733 644 645 648 
4734 720 721 722 
4735 738 739 740 
4736 756 758 759 
4737 1561 759 4040 
4738 834 833 868 
4739 949 952 1010 
4740 966 1009 1059 
4741 1032 976 4042 
4742 1074 1075 1076 
4743 1096 1290 3895 
4744 1108 1107 1383 
4745 3614 1113 4029 
4746 1117 1580 4172 
4747 1167 1345 1448 
4748 1924 1210 3991 
4749 1230 1231 1232 
4750 1281 1476 1477 
4751 1313 1318 1319 
4752 1319 1423 1424 
4753 1324 1323 1425 
4754 1507 1341 1578 
4755 1355 1353 1447 
4756 1571 1386 1783 
4757 1427 2070 2104 
4758 1429 1566 1567 
4759 1441 1652 1680 
4760 1477 1794 1795 
4761 1532 1745 2439 
4762 2071 1534 2353 
4763 2757 1543 2758 
4764 1633 1840 3845 
4765 1840 1634 1841 
4766 1877 1661 1878 
4767 1878 1661 2117 
4768 2046 1707 2047 
4769 1729 2066 2067 
4770 1731 2073 2423 
4771 1755 1756 1757 
4772 1895 1811 2064 
4773 1841 1842 1883 
4774 1918 3623 3624 
4775 1931 3632 4377 
4776 2068 2067 2069 
4777 2726 2110 2728 
4778 2277 2736 2737 
4779 2279 3207 3219 
4780 2565 2566 2782 
4781 3731 2742 3962 
4782 2969 2836 2970 
4783 3438 3436 3439 
4784 3680 3679 3681 
4785 3690 3691 3692 
4786 565 564 566 
4787 710 782 1518 
4788 846 847 860 
4789 852 851 899 
4790 1010 952 1012 
4791 1020 964 1040 
4792 990 991 992 
4793 1088 1012 1089 
4794 1047 1048 1049 
4795 1281 1089 1282 
4796 1321 1417 1418 
4797 1324 1426 1633 
4798 1361 1357 1665 
4799 1577 1576 1735 
4800 1626 1625 1716 
4801 1626 3792 3821 
4802 1669 2374 3734 
4803 1753 1752 1754 
4804 2349 1885 2352 
4805 1986 1914 1987 
4806 1987 1914 2121 
4807 1990 2063 2220 
4808 2276 2671 3212 
4809 2378 2743 3868 
4810 2387 2386 2388 
4811 2428 2759 2952 
4812 2459 3900 4050 
4813 2617 2986 3100 
4814 2738 2618 2967 
4815 3407 3405 3954 
4816 3681 3682 3683 
4817 644 648 1916 
4818 712 779 780 
4819 738 740 1526 
4820 743 741 1516 
4821 797 786 828 
4822 796 833 834 
4823 829 828 880 
4824 944 1020 1021 
4825 946 947 1013 
4826 968 1054 1335 
4827 1037 1036 1169 
4828 1096 1075 1289 
4829 1216 1215 1217 
4830 1322 1324 3844 
4831 1324 1425 1426 
4832 1787 1786 2001 
4833 2172 1873 2348 
4834 2102 1924 2103 
4835 2197 1989 3600 
4836 2037 2036 2227 
4837 2069 2278 2279 
4838 2102 2103 2719 
4839 2122 2121 2413 
4840 2143 2142 2440 
4841 2308 2220 2309 
4842 2354 2353 2355 
4843 2408 2407 2409 
4844 3987 2745 4102 
4845 3671 3984 4034 
4846 600 601 603 
4847 629 630 631 
4848 640 642 646 
4849 643 641 776 
4850 722 721 723 
4851 724 723 725 
4852 829 881 882 
4853 870 869 871 
4854 871 873 892 
4855 973 912 2463 
4856 1013 1014 1078 
4857 1078 1079 1153 
4858 1223 1221 1246 
4859 1274 1275 1481 
4860 1292 1446 1677 
4861 1301 1300 1302 
4862 1307 1305 1325 
4863 1360 1358 4245 
4864 1507 1578 1579 
4865 2118 1543 2757 
4866 1681 1792 2240 
4867 1696 1698 1993 
4868 1847 1846 1864 
4869 1880 1881 2157 
4870 1943 1942 2034 
4871 2063 1989 2197 
4872 2081 2080 2293 
4873 2146 2147 2148 
4874 2148 2233 2234 
4875 2152 2622 3775 
4876 2383 2384 3777 
4877 2425 2680 2681 
4878 2785 2595 2786 
4879 2725 2726 3615 
4880 3793 2739 3822 
4881 3930 2741 3969 
4882 3435 3436 3437 
4883 3681 3683 3684 
4884 3684 3683 3685 
4885 666 667 668 
4886 668 669 670 
4887 686 687 688 
4888 701 696 1523 
4889 707 708 783 
4890 726 725 727 
4891 734 733 735 
4892 748 747 749 
4893 752 753 754 
4894 763 769 770 
4895 837 859 3611 
4896 920 1077 1944 
4897 982 983 984 
4898 1074 1073 1075 
4899 1283 1089 3859 
4900 1143 1142 1340 
4901 1220 1371 3778 
4902 1371 1222 3659 
4903 1252 1541 1554 
4904 1264 1449 1450 
4905 1456 1277 1508 
4906 1399 1283 3848 
4907 1321 1317 1322 
4908 1323 1317 3714 
4909 1321 1322 1417 
4910 1661 1399 3848 
4911 1418 1417 1873 
4912 1418 1873 1874 
4913 1418 2126 3855 
4914 1426 1726 3878 
4915 1450 1710 1711 
4916 1473 1472 1839 
4917 1579 1956 2142 
4918 1694 1695 1696 
4919 1696 1697 1698 
4920 1698 1699 1700 
4921 1702 1703 1704 
4922 1884 1727 1885 
4923 1785 1784 2041 
4924 2514 1798 3550 
4925 2011 2010 2012 
4926 2049 2048 2189 
4927 2069 2067 2278 
4928 2743 2117 3848 
4929 2128 2378 2750 
4930 2152 2151 2621 
4931 2359 2299 2360 
4932 2403 2402 2404 
4933 3938 2412 4024 
4934 2503 2504 2505 
4935 2583 2595 2785 
4936 2680 2679 3242 
4937 2737 2736 3762 
4938 3843 2743 3859 
4939 2761 3797 4212 
4940 3332 3331 3956 
4941 4132 3837 4136 
4942 549 550 551 
4943 2325 549 4001 
4944 953 560 954 
4945 562 564 565 
4946 567 568 569 
4947 625 623 3824 
4948 640 641 642 
4949 786 651 3804 
4950 710 709 781 
4951 730 729 731 
4952 747 767 3621 
4953 754 753 755 
4954 782 781 803 
4955 864 836 893 
4956 845 843 2370 
4957 906 847 918 
4958 860 945 957 
4959 868 907 1918 
4960 892 873 902 
4961 873 3872 3903 
4962 885 961 963 
4963 960 918 1017 
4964 957 967 968 
4965 1016 962 2120 
4966 1076 1075 1096 
4967 1564 1139 1565 
4968 1151 1401 1403 
4969 1194 1193 1195 
4970 1290 1439 1681 
4971 1312 1313 1314 
4972 1450 1449 1710 
4973 1799 1501 2135 
4974 1711 1710 3857 
4975 2074 1732 2335 
4976 1736 2078 2079 
4977 1746 1912 2420 
4978 2165 1800 2167 
4979 2176 1801 2177 
4980 1832 2312 2697 
4981 2081 2602 4283 
4982 2187 2844 2845 
4983 2189 2585 2586 
4984 2218 3914 3915 
4985 2234 2233 2862 
4986 2239 2564 2565 
4987 2303 2869 3361 
4988 2615 2382 2616 
4989 2384 2386 2387 
4990 2709 2708 2710 
4991 3598 2719 3599 
4992 3406 3405 3407 
4993 3624 3623 3909 
4994 620 621 622 
4995 628 626 3748 
4996 823 825 826 
4997 882 908 948 
4998 882 948 2336 
4999 885 884 961 
5000 1252 1250 1541 
5001 1304 1303 1305 
5002 1308 1307 1309 
5003 1319 1318 1423 
5004 1328 1576 1577 
5005 1418 1874 2126 
5006 1827 1711 3857 
5007 2122 2435 3858 
5008 2172 2831 2832 
5009 2568 2569 2918 
5010 3819 2740 3852 
5011 2743 3848 3859 
5012 3907 3624 3909 
5013 3971 4331 4373 
5014 774 607 775 
5015 622 621 623 
5016 638 637 639 
5017 642 641 643 
5018 1509 790 3556 
5019 805 806 835 
5020 870 871 872 
5021 952 902 956 
5022 956 3903 3907 
5023 1263 1182 3856 
5024 1220 1219 1221 
5025 1224 1223 1225 
5026 1264 1450 3883 
5027 1293 1818 3677 
5028 1299 1300 1301 
5029 1308 1309 1310 
5030 1322 1323 1324 
5031 1395 1451 1452 
5032 1710 1449 1817 
5033 1450 1711 1825 
5034 1538 3883 3930 
5035 2027 1817 2217 
5036 1878 2128 2129 
5037 2498 1954 2499 
5038 2097 2098 2099 
5039 2575 2574 2576 
5040 2599 2984 3739 
5041 2676 2664 2677 
5042 2716 2717 3311 
5043 3762 2736 3826 
5044 3392 3391 3393 
5045 600 603 720 
5046 636 635 637 
5047 652 653 654 
5048 654 655 656 
5049 712 711 779 
5050 728 729 730 
5051 742 743 744 
5052 744 745 746 
5053 780 779 795 
5054 797 828 829 
5055 820 862 863 
5056 868 833 907 
5057 1918 907 2338 
5058 965 966 1081 
5059 1013 1080 3752 
5060 1182 1186 3856 
5061 1262 1264 1538 
5062 1320 3731 3962 
5063 1634 1426 3878 
5064 1552 1553 1838 
5065 1759 1768 1772 
5066 1811 1766 1812 
5067 1906 1828 3678 
5068 2277 1842 2736 
5069 1906 3678 3679 
5070 2046 2207 3922 
5071 2104 2070 3217 
5072 2217 2382 2615 
5073 2328 3702 3703 
5074 3623 2338 3819 
5075 3352 2371 4056 
5076 2751 2378 3868 
5077 3267 2520 4079 
5078 2578 2545 2945 
5079 2580 2579 2582 
5080 2873 2641 3009 
5081 2729 2728 2730 
5082 2836 2834 3875 
5083 2841 2842 2901 
5084 3209 3210 3223 
5085 4349 3484 4408 
5086 737 735 761 
5087 1521 796 3761 
5088 1043 1044 1045 
5089 1068 1069 1070 
5090 1099 1098 1180 
5091 1215 1213 1244 
5092 1228 1229 1230 
5093 1242 1243 1328 
5094 1254 1257 2469 
5095 1302 1303 1304 
5096 1323 3714 3879 
5097 1324 1633 3844 
5098 1331 1473 1474 
5099 1727 1425 3879 
5100 2126 1874 2127 
5101 1990 2220 2308 
5102 2097 2096 2098 
5103 2122 2413 2434 
5104 2672 2357 2674 
5105 2374 2618 2738 
5106 2740 2741 3700 
5107 3679 3678 3737 
5108 3681 3679 3682 
5109 3725 3930 3969 
5110 636 638 1536 
5111 716 715 793 
5112 715 717 3351 
5113 794 793 830 
5114 831 830 874 
5115 910 840 911 
5116 863 912 913 
5117 958 911 959 
5118 992 993 994 
5119 1040 1166 1167 
5120 1186 1092 1187 
5121 1116 1117 1118 
5122 3521 1168 3523 
5123 1186 1435 1709 
5124 1187 3885 3886 
5125 1194 1196 1731 
5126 1196 1195 1197 
5127 1211 1212 1213 
5128 1214 3842 3991 
5129 1384 1383 1662 
5130 1415 1581 1722 
5131 1446 1440 1707 
5132 1499 1500 1682 
5133 1914 1747 3962 
5134 1820 2082 2475 
5135 2501 1982 2516 
5136 1994 3457 3749 
5137 2071 2353 2354 
5138 2799 2798 2800 
5139 624 625 626 
5140 628 3748 3770 
5141 946 3752 3794 
5142 955 2118 2119 
5143 1052 1182 1262 
5144 1153 1079 1154 
5145 1393 1132 1394 
5146 1306 1307 1308 
5147 1334 1431 1432 
5148 1814 1704 1815 
5149 1818 2675 3218 
5150 1941 1943 2752 
5151 2011 2107 2377 
5152 2301 2175 2302 
5153 3840 2334 3988 
5154 3399 3398 3400 
5155 698 692 699 
5156 783 708 784 
5157 806 790 1509 
5158 862 836 864 
5159 1082 1029 4178 
5160 1216 1218 1525 
5161 1342 1343 3379 
5162 1818 1489 1819 
5163 1547 4468 4469 
5164 1708 2048 2049 
5165 1936 1935 1937 
5166 1997 1998 2251 
5167 2277 2737 3208 
5168 2308 2309 3564 
5169 2476 2441 2477 
5170 2511 2510 2512 
5171 2621 2623 3048 
5172 2692 2693 3307 
5173 3399 3400 3402 
5174 1899 540 3701 
5175 552 553 554 
5176 562 3403 4031 
5177 607 605 4018 
5178 861 3611 4025 
5179 900 899 950 
5180 913 973 974 
5181 921 919 1006 
5182 1111 1019 1112 
5183 1049 1094 1095 
5184 1923 1210 1924 
5185 1214 1215 1216 
5186 1224 1225 1226 
5187 1728 1423 1730 
5188 1751 1565 1752 
5189 1668 1844 1845 
5190 1726 1884 3826 
5191 3813 1727 3879 
5192 1770 2022 2238 
5193 1774 1775 1953 
5194 1947 1958 2051 
5195 1963 1965 2057 
5196 3706 2072 3783 
5197 2650 2192 2987 
5198 2258 2838 2985 
5199 2714 2330 2715 
5200 2354 2355 2356 
5201 2401 2403 2509 
5202 2526 2525 2534 
5203 2561 2826 2916 
5204 2931 2584 3032 
5205 2684 2682 2685 
5206 2709 2712 2713 
5207 2751 3868 3907 
5208 3384 3382 3539 
5209 523 525 652 
5210 711 785 3798 
5211 785 797 2422 
5212 1181 1180 1396 
5213 1436 1187 3886 
5214 1328 1243 1329 
5215 1312 1314 1316 
5216 1656 1382 1749 
5217 1670 1436 1671 
5218 1819 1489 2130 
5219 1949 1738 1950 
5220 2522 2521 2530 
5221 2595 2582 3097 
5222 3419 3421 3422 
5223 3431 3420 3432 
5224 606 607 774 
5225 835 806 849 
5226 812 1034 1035 
5227 854 855 856 
5228 854 856 2419 
5229 949 902 952 
5230 1336 1047 3831 
5231 1273 1053 3517 
5232 1179 1382 1437 
5233 1262 1182 1263 
5234 1216 1217 1218 
5235 1276 1456 1692 
5236 3848 1283 3859 
5237 1304 1305 1306 
5238 2775 1576 3934 
5239 1855 2194 2314 
5240 1973 1971 2559 
5241 2006 2560 2561 
5242 2040 2267 2268 
5243 2411 2409 2760 
5244 2462 2461 3224 
5245 2708 2707 3870 
5246 3879 3714 3898 
5247 3948 3947 4100 
5248 1902 1082 2092 
5249 1084 1085 1156 
5250 1109 2432 3985 
5251 1117 1115 1580 
5252 1120 1189 3450 
5253 1211 1162 1212 
5254 1197 1198 1199 
5255 1835 1297 3655 
5256 1442 1443 1592 
5257 1668 1667 1843 
5258 1843 1667 2414 
5259 1759 1757 1767 
5260 1845 1847 2307 
5261 3509 1910 4333 
5262 2121 1914 3962 
5263 2049 2192 2326 
5264 4134 2197 4243 
5265 2623 3754 3755 
5266 3826 2736 3878 
5267 3421 3420 3431 
5268 3872 3624 3903 
5269 763 760 766 
5270 828 786 2372 
5271 998 999 1000 
5272 1066 1067 1068 
5273 1070 1071 1072 
5274 1497 1126 1498 
5275 1174 1368 1405 
5276 1211 1213 1214 
5277 1212 3982 4136 
5278 1333 1272 3949 
5279 1569 1342 1689 
5280 1361 1665 1666 
5281 1438 1668 4072 
5282 1679 1799 2020 
5283 1758 1760 1761 
5284 1775 1777 1778 
5285 1951 2483 3887 
5286 2109 2110 2725 
5287 2205 2578 4170 
5288 2239 2238 2564 
5289 2531 2532 2533 
5290 2796 2797 2936 
5291 3395 3394 4419 
5292 3437 3436 3438 
5293 541 542 608 
5294 955 625 1543 
5295 674 676 810 
5296 684 685 686 
5297 697 3721 3722 
5298 866 865 916 
5299 1911 947 3884 
5300 1555 1141 3723 
5301 1218 1217 1219 
5302 1228 1227 1229 
5303 1538 1264 3883 
5304 1297 1298 1299 
5305 1328 1329 1576 
5306 1352 1351 1353 
5307 1667 1437 3815 
5308 3844 1633 3845 
5309 1920 2039 2040 
5310 1937 1935 2236 
5311 2376 1944 4019 
5312 2188 2050 2644 
5313 4013 2270 4014 
5314 3784 2352 3813 
5315 2359 2360 2361 
5316 2372 3812 3873 
5317 2397 2398 2399 
5318 2401 2400 2402 
5319 3415 3416 3417 
5320 566 1939 3593 
5321 631 630 632 
5322 732 731 733 
5323 956 902 3903 
5324 1030 959 1031 
5325 974 1037 1064 
5326 1146 1031 1147 
5327 3785 1080 3874 
5328 1342 1170 1343 
5329 1408 1287 1409 
5330 1672 1675 3902 
5331 1816 2494 2495 
5332 1834 3802 3889 
5333 3747 1925 3981 
5334 1987 2122 3858 
5335 2002 3652 3686 
5336 2833 2058 2834 
5337 2383 2108 2384 
5338 2230 2558 2943 
5339 2374 2738 3734 
5340 2860 2436 2861 
5341 2552 2875 2973 
5342 2743 3843 3868 
5343 2750 2751 4063 
5344 3580 3579 3581 
5345 3799 3963 3969 
5346 524 522 526 
5347 2427 699 3882 
5348 714 713 800 
5349 728 730 848 
5350 2368 907 3889 
5351 1035 1134 1135 
5352 1135 1294 1295 
5353 1375 1247 1376 
5354 1404 1441 1678 
5355 1533 1804 1805 
5356 1697 1695 3740 
5357 2055 1875 2056 
5358 2088 2090 2091 
5359 3274 2288 3649 
5360 2357 2355 2438 
5361 2381 2380 2549 
5362 2425 2679 2680 
5363 2597 2994 3281 
5364 2834 3871 3875 
5365 3943 2860 3944 
5366 3428 3427 3429 
5367 1536 638 3841 
5368 944 964 1020 
5369 955 1543 2118 
5370 1076 1096 1097 
5371 1179 1109 1382 
5372 1238 1239 1240 
5373 1431 1824 3896 
5374 1438 1667 1668 
5375 2380 1481 3733 
5376 3733 1481 3904 
5377 1497 1499 3641 
5378 1836 1540 2407 
5379 1698 1697 1699 
5380 1702 1701 1703 
5381 2041 1784 2042 
5382 2029 2202 2611 
5383 2107 2108 2383 
5384 2383 3777 3837 
5385 3032 2584 3033 
5386 2922 2921 2923 
5387 551 953 4001 
5388 569 568 570 
5389 715 573 717 
5390 640 646 3841 
5391 874 830 876 
5392 831 875 1136 
5393 873 869 3872 
5394 3843 956 3868 
5395 1002 1003 1004 
5396 1136 1137 1429 
5397 1226 1225 1227 
5398 1240 1239 1241 
5399 1260 1261 1276 
5400 1694 1432 1695 
5401 1553 2450 2451 
5402 1785 2041 2043 
5403 2115 1791 4082 
5404 2991 2221 3979 
5405 2229 2228 2597 
5406 2539 2538 2734 
5407 3892 2919 3959 
5408 652 525 653 
5409 624 623 625 
5410 796 834 3761 
5411 947 880 3884 
5412 4028 989 4401 
5413 1154 1079 1265 
5414 1225 3970 3973 
5415 1238 1237 1239 
5416 1254 1253 1255 
5417 1375 1774 1776 
5418 1432 1431 3896 
5419 1695 1432 3896 
5420 1532 1533 1745 
5421 1703 1701 2133 
5422 1975 1973 4122 
5423 1977 1975 2577 
5424 2051 2052 2570 
5425 2847 2167 4221 
5426 2393 2394 2395 
5427 2552 2550 2875 
5428 2721 2722 3732 
5429 3389 3390 3398 
5430 3390 3391 3392 
5431 542 530 1209 
5432 541 608 609 
5433 691 3699 4297 
5434 2372 786 3804 
5435 853 837 861 
5436 869 868 3872 
5437 920 1944 2376 
5438 3868 956 3907 
5439 977 1029 1082 
5440 1092 1008 3885 
5441 1008 2416 3885 
5442 1059 1009 1109 
5443 1366 1173 1367 
5444 1186 1709 3856 
5445 1329 1243 1330 
5446 1280 1459 1460 
5447 1334 1333 1431 
5448 1345 1346 1442 
5449 1662 1383 1664 
5450 1431 1540 1824 
5451 1456 1508 1706 
5452 1474 1475 1495 
5453 1800 1652 4003 
5454 1726 3826 3878 
5455 1859 2023 2155 
5456 2237 2827 2876 
5457 3802 2368 3889 
5458 2435 2436 2860 
5459 2918 2569 2920 
5460 3426 3425 3427 
5461 534 535 536 
5462 721 603 3693 
5463 748 749 750 
5464 823 784 825 
5465 1230 1232 1370 
5466 1341 1340 1415 
5467 1394 1922 2732 
5468 3612 1434 4201 
5469 4107 1518 4364 
5470 1646 1647 1991 
5471 1680 1857 1994 
5472 1731 1732 2073 
5473 1771 1955 2417 
5474 1818 3218 3677 
5475 3746 1925 3747 
5476 2060 1967 4196 
5477 2929 2375 3960 
5478 2461 2460 2688 
5479 2848 2589 2849 
5480 3383 3380 3656 
5481 3422 3421 3423 
5482 534 536 1061 
5483 539 537 832 
5484 680 679 681 
5485 948 908 1008 
5486 977 976 1029 
5487 994 995 996 
5488 1103 1347 1348 
5489 1120 1111 1188 
5490 1205 3353 3986 
5491 1280 1279 1459 
5492 1292 1291 1440 
5493 1347 1419 4215 
5494 1595 1593 1734 
5495 1737 1714 1738 
5496 1764 1766 1811 
5497 1908 2095 2096 
5498 2570 2052 2571 
5499 2062 2081 4283 
5500 3577 2468 4256 
5501 3588 2486 3589 
5502 2531 2530 2532 
5503 2751 3907 3909 
5504 3706 3784 3805 
5505 521 522 523 
5506 664 663 665 
5507 674 673 675 
5508 676 675 677 
5509 700 696 701 
5510 1007 1006 1102 
5511 1035 1135 3950 
5512 1164 1250 1251 
5513 1241 1239 2344 
5514 1737 1738 1949 
5515 2990 2221 2991 
5516 2706 2253 2995 
5517 4012 2270 4013 
5518 2411 2761 4212 
5519 2554 2555 2556 
5520 2926 2925 2927 
5521 3419 3420 3421 
5522 657 3590 3698 
5523 666 665 667 
5524 670 669 671 
5525 672 671 673 
5526 684 2328 3721 
5527 692 690 695 
5528 731 729 1519 
5529 744 746 765 
5530 920 879 1077 
5531 885 963 1161 
5532 1062 1005 1063 
5533 1021 1099 3412 
5534 1042 1172 3638 
5535 1047 1049 3831 
5536 1104 4272 4363 
5537 1367 1173 1740 
5538 1349 1348 1351 
5539 1527 1528 1907 
5540 2112 1541 2114 
5541 1594 1880 2156 
5542 1771 1769 1954 
5543 1805 1804 2028 
5544 2348 1873 3779 
5545 2433 1968 3473 
5546 2556 2555 2579 
5547 684 683 685 
5548 686 685 687 
5549 837 827 859 
5550 835 849 850 
5551 984 983 985 
5552 1000 1001 1002 
5553 1932 1007 3635 
5554 1045 1046 1047 
5555 3638 1172 4092 
5556 1217 1215 3947 
5557 1742 1460 1743 
5558 1559 1558 1560 
5559 1758 1756 1760 
5560 1759 1767 1768 
5561 2131 2130 2460 
5562 2283 2281 2455 
5563 2490 2489 2491 
5564 629 1427 3865 
5565 695 1833 3882 
5566 769 771 3958 
5567 852 899 900 
5568 859 1163 1164 
5569 878 919 921 
5570 919 920 4084 
5571 921 1006 1007 
5572 965 1081 1527 
5573 982 981 983 
5574 998 997 999 
5575 1108 1384 3583 
5576 3830 1316 3855 
5577 1359 1358 1360 
5578 1797 1471 1798 
5579 1527 1907 1909 
5580 1757 1756 1758 
5581 1909 2340 2448 
5582 2103 1924 2747 
5583 1987 2121 2122 
5584 2103 4023 4070 
5585 2384 2108 2385 
5586 2482 2305 3377 
5587 2402 2400 2636 
5588 535 533 1515 
5589 563 559 709 
5590 984 986 1165 
5591 998 1000 1338 
5592 1000 999 1001 
5593 1002 3521 3642 
5594 1173 1041 3996 
5595 1122 1119 1123 
5596 1125 1123 2369 
5597 1192 1194 4075 
5598 1199 1198 4226 
5599 1207 1206 1287 
5600 1352 1354 1512 
5601 1362 1363 1741 
5602 1952 1409 4016 
5603 2111 1424 3805 
5604 1455 1989 1990 
5605 1824 1540 1836 
5606 1750 1565 1751 
5607 1753 1754 1755 
5608 1813 1766 4141 
5609 1830 1831 1832 
5610 2065 2064 2255 
5611 2087 2088 4308 
5612 2242 2098 2292 
5613 2136 2135 2443 
5614 2316 2318 3567 
5615 2468 2410 3910 
5616 4145 2431 4338 
5617 2471 2453 2472 
5618 2561 2560 2826 
5619 2826 2560 3294 
5620 2725 3615 3663 
5621 2833 2834 2835 
5622 664 665 666 
5623 672 673 674 
5624 1034 775 4177 
5625 826 827 837 
5626 850 849 903 
5627 951 1041 1042 
5628 1084 980 1085 
5629 1096 1289 1290 
5630 1266 1268 1537 
5631 2379 1481 2380 
5632 1673 1925 3746 
5633 3740 1695 3896 
5634 1714 1713 2428 
5635 2251 2968 3548 
5636 750 751 752 
5637 1003 1001 3961 
5638 1004 1003 1005 
5639 1646 3315 4166 
5640 1699 1697 2134 
5641 1702 1704 1814 
5642 2017 1791 2018 
5643 2006 2007 2560 
5644 2049 2189 2192 
5645 2202 2590 2864 
5646 2333 2843 3988 
5647 2365 2364 2366 
5648 2410 2409 2411 
5649 3719 2551 3720 
5650 2556 2581 3867 
5651 3317 2706 3318 
5652 562 561 564 
5653 803 781 1945 
5654 1068 1067 1069 
5655 1236 1237 1238 
5656 1319 2111 3877 
5657 1414 1629 1630 
5658 1419 1853 3542 
5659 1865 2168 2695 
5660 2186 1987 3858 
5661 2063 2805 3977 
5662 2387 2389 2426 
5663 2415 2584 2931 
5664 3977 2805 3978 
5665 3278 3279 3292 
5666 3708 3709 3712 
5667 1481 1275 3904 
5668 1367 1740 3618 
5669 1404 1678 1941 
5670 2079 2078 2298 
5671 2316 2084 2317 
5672 2524 2523 2525 
5673 3417 3416 3418 
5674 3886 3885 3981 
5675 863 913 2465 
5676 1027 954 1028 
5677 1159 1101 1160 
5678 1368 1175 1374 
5679 1321 1418 3855 
5680 1365 1364 1469 
5681 1991 1647 1992 
5682 2010 2008 3926 
5683 2100 2744 3306 
5684 2460 2130 2763 
5685 2987 2192 3633 
5686 2497 2297 3308 
5687 2312 3325 3525 
5688 2962 2385 3966 
5689 2405 2553 2554 
5690 756 755 758 
5691 819 2106 3549 
5692 1276 1261 1277 
5693 1646 1991 3315 
5694 1946 1749 2139 
5695 2329 1838 2330 
5696 2322 2092 2699 
5697 2167 4003 4221 
5698 2239 2565 3531 
5699 2584 2414 4052 
5700 2436 2434 4121 
5701 2492 2491 2507 
5702 2644 3301 3302 
5703 2814 2813 2874 
5704 805 790 806 
5705 820 836 862 
5706 902 873 3903 
5707 1021 1020 1098 
5708 1558 1095 1712 
5709 1103 1348 1349 
5710 1873 1417 3779 
5711 1559 1769 1771 
5712 1708 2046 2048 
5713 1736 2077 2078 
5714 1790 1791 2017 
5715 1951 2482 2483 
5716 3286 1992 4238 
5717 2254 2047 2347 
5718 3784 2111 3805 
5719 3309 2297 4213 
5720 3799 2422 3963 
5721 2524 2526 3833 
5722 3830 2745 3987 
5723 3444 4452 4459 
5724 3784 3813 3898 
5725 1066 1065 1067 
5726 1229 1227 1278 
5727 3950 1835 4088 
5728 2399 2400 2401 
5729 4080 2449 4151 
5730 2556 2579 2580 
5731 2730 2728 3084 
5732 3883 3700 3930 
5733 1167 1166 1249 
5734 1237 1235 1245 
5735 1681 1790 1792 
5736 1857 1800 2165 
5737 1950 1995 1996 
5738 1978 1977 1979 
5739 2051 2570 2572 
5740 3972 2466 4091 
5741 2740 3700 3852 
5742 3528 4084 4104 
5743 805 835 877 
5744 1137 875 2762 
5745 3824 898 3825 
5746 899 2125 4146 
5747 984 1165 3610 
5748 1849 1409 1948 
5749 2297 1530 4213 
5750 1574 1575 1829 
5751 1829 1575 1830 
5752 1768 1767 1861 
5753 2136 2443 2444 
5754 2333 2350 2843 
5755 2920 2569 3036 
5756 1520 749 3621 
5757 1108 1383 1384 
5758 1401 1402 1646 
5759 1496 1854 1855 
5760 3725 1538 3930 
5761 1925 1671 3886 
5762 2193 1854 2306 
5763 2528 1860 2529 
5764 1908 2096 2097 
5765 2140 1999 2141 
5766 2012 2010 2198 
5767 2194 3365 4292 
5768 2513 2512 2523 
5769 2807 2975 2976 
5770 1064 1037 1065 
5771 1135 1293 1294 
5772 1597 1858 1859 
5773 1947 1946 1958 
5774 2391 2392 2393 
5775 3576 2468 3577 
5776 2526 2690 3268 
5777 3959 2929 3960 
5778 3396 3395 3397 
5779 680 682 697 
5780 984 985 986 
5781 988 989 990 
5782 1045 1047 1336 
5783 1326 1288 1327 
5784 1680 1652 1800 
5785 1941 1678 1942 
5786 1771 1954 1955 
5787 2003 2568 3892 
5788 3814 2042 4057 
5789 3827 2129 4059 
5790 4019 2132 4184 
5791 2397 2399 2473 
5792 2413 2742 3951 
5793 3834 2469 3835 
5794 2549 3839 3863 
5795 965 909 966 
5796 1540 1333 3949 
5797 1363 1510 1511 
5798 1574 1573 1575 
5799 1888 1887 2280 
5800 1890 1888 3367 
5801 1923 2102 4002 
5802 1970 1969 1971 
5803 2353 3851 4021 
5804 2365 2366 2367 
5805 2537 2538 2539 
5806 2807 2806 2975 
5807 3507 3508 3509 
5808 544 545 546 
5809 558 559 561 
5810 682 684 3721 
5811 690 687 3781 
5812 4322 1138 4405 
5813 1159 1192 1208 
5814 1564 1750 1910 
5815 1908 2097 4080 
5816 1941 1942 1943 
5817 2044 2045 2802 
5818 2846 2186 3858 
5819 2483 2482 2484 
5820 3700 2741 3930 
5821 2753 3660 3726 
5822 4427 2778 4435 
5823 608 542 610 
5824 800 713 802 
5825 719 792 1535 
5826 865 791 867 
5827 1168 1062 1247 
5828 1275 1334 3904 
5829 1292 1440 1446 
5830 2692 2086 2693 
5831 2100 2094 2744 
5832 2191 2667 2668 
5833 3946 2419 4002 
5834 2970 2836 3875 
5835 911 840 4328 
5836 1030 1146 1148 
5837 1118 1117 1119 
5838 1854 1475 4164 
5839 1495 1733 1957 
5840 1779 1551 1780 
5841 3921 1923 4002 
5842 2258 2257 2838 
5843 2507 2491 2781 
5844 2749 2719 3598 
5845 2924 2923 2956 
5846 3674 2932 3675 
5847 3797 776 4212 
5848 880 828 3884 
5849 1845 1846 1847 
5850 1973 2559 4122 
5851 2760 4124 4180 
5852 2815 2816 2817 
5853 3813 3879 3898 
5854 568 566 3593 
5855 698 1522 3702 
5856 1114 1113 1115 
5857 1219 1563 3672 
5858 1366 1455 4092 
5859 2087 1898 2088 
5860 2008 2536 3926 
5861 2124 2034 2253 
5862 2129 2128 3913 
5863 2479 2942 4424 
5864 3753 3856 3935 
5865 1018 1019 1111 
5866 1030 1031 1146 
5867 1141 1140 1364 
5868 1837 1530 2297 
5869 1780 1551 2496 
5870 1849 1948 2044 
5871 2405 2404 2553 
5872 2539 2735 2868 
5873 4135 2758 4190 
5874 716 793 794 
5875 819 798 2106 
5876 1136 875 1137 
5877 1396 1180 1416 
5878 2031 1659 4372 
5879 1968 1967 1969 
5880 2043 2270 4012 
5881 570 568 571 
5882 623 898 3824 
5883 627 629 3865 
5884 632 647 3851 
5885 965 1527 4008 
5886 1442 1789 4125 
5887 1572 1571 1573 
5888 1722 1581 1816 
5889 1597 1803 1858 
5890 1670 1672 3902 
5891 1699 2134 3965 
5892 1919 1743 1920 
5893 2141 1999 2257 
5894 2638 2953 2954 
5895 4069 2757 4135 
5896 3424 3425 3426 
5897 3802 3799 3969 
5898 1316 1321 3855 
5899 1671 1436 3886 
5900 1550 1737 3887 
5901 1592 1593 1594 
5902 1981 1979 4188 
5903 2128 2750 3913 
5904 2451 2450 2474 
5905 3427 3425 3430 
5906 4073 3502 4339 
5907 3553 3554 4223 
5908 573 570 3916 
5909 826 837 853 
5910 1079 1014 3880 
5911 1027 1028 1100 
5912 1315 1308 3987 
5913 1805 2029 2304 
5914 2841 2576 2842 
5915 3881 2616 3935 
5916 3314 2715 3620 
5917 2741 3802 3969 
5918 4048 2750 4063 
5919 3994 2965 3995 
5920 3681 3684 3998 
5921 1337 653 3829 
5922 842 843 844 
5923 1332 1028 4142 
5924 1160 1101 3578 
5925 1106 1105 4179 
5926 1110 1106 1184 
5927 1201 1202 1203 
5928 1328 1577 4081 
5929 1559 1771 4071 
5930 1563 3947 3948 
5931 1950 1738 1995 
5932 1761 1760 1762 
5933 2283 2456 2457 
5934 2683 2682 2684 
5935 639 637 4174 
5936 638 640 3841 
5937 2105 1077 2351 
5938 2055 2056 2813 
5939 2134 3740 4069 
5940 2557 2554 3867 
5941 3468 2702 3469 
5942 3630 3631 4140 
5943 561 559 563 
5944 976 975 4042 
5945 1506 3661 3846 
5946 1754 1752 2459 
5947 1756 1754 4168 
5948 2044 2802 2803 
5949 2065 2255 2828 
5950 2510 2484 3606 
5951 3913 2750 4048 
5952 3344 3345 3641 
5953 3835 4077 4229 
5954 558 557 559 
5955 601 599 602 
5956 605 1886 4018 
5957 660 661 662 
5958 670 671 672 
5959 697 682 3721 
5960 1246 1221 3672 
5961 1517 4222 4268 
5962 2073 1732 2074 
5963 3593 1939 3667 
5964 2298 2078 2339 
5965 2194 3297 3365 
5966 2459 3899 3900 
5967 2549 3863 4053 
5968 2683 2684 2686 
5969 2727 3874 3975 
5970 3671 3670 3984 
5971 4036 3900 4037 
5972 854 2419 3860 
5973 1314 1313 3877 
5974 2082 1940 2086 
5975 2310 1992 3286 
5976 2103 2747 4023 
5977 3084 4012 4013 
5978 3358 3274 3461 
5979 3431 3442 4297 
5980 534 533 535 
5981 544 543 545 
5982 1138 545 1139 
5983 874 876 914 
5984 1201 1203 1205 
5985 1310 3830 3987 
5986 1495 1496 1733 
5987 1564 1565 1750 
5988 1788 2175 2301 
5989 2032 2478 2479 
5990 2453 2418 2481 
5991 2571 2575 3760 
5992 866 917 3454 
5993 1531 3860 3946 
5994 2125 3938 4094 
5995 2443 2135 2764 
5996 2136 2444 2587 
5997 2508 2517 2518 
5998 3984 3873 4034 
5999 1577 1735 1736 
6000 2767 2183 2768 
6001 2320 2321 2796 
6002 2721 4045 4074 
6003 3435 3434 3436 
6004 993 991 1057 
6005 1419 1420 1853 
6006 1798 1471 2150 
6007 1780 4382 4383 
6008 2198 2010 3926 
6009 3574 3866 4015 
6010 944 893 964 
6011 3387 1416 4099 
6012 1866 1659 2031 
6013 1951 2305 2482 
6014 2389 2390 2391 
6015 804 803 840 
6016 3670 1265 3880 
6017 4269 1372 4329 
6018 1762 1760 2123 
6019 1983 1981 2171 
6020 3269 2033 3270 
6021 2133 3965 4190 
6022 2405 2554 2557 
6023 3860 2419 3946 
6024 3797 2761 4035 
6025 3408 3407 3543 
6026 549 548 550 
6027 1131 1395 4054 
6028 1397 1463 1502 
6029 2373 1670 3902 
6030 2038 1803 2059 
6031 2869 2302 3008 
6032 631 632 3851 
6033 1120 1188 1189 
6034 1797 2164 2311 
6035 1969 1967 2060 
6036 2219 1992 2310 
6037 2001 2002 3979 
6038 2639 2059 2640 
6039 3502 2711 4339 
6040 3869 4171 4246 
6041 619 1494 3328 
6042 1343 1170 2083 
6043 1784 1412 4057 
6044 1764 1763 1766 
6045 2091 2694 4308 
6046 2340 4080 4151 
6047 2391 2393 2466 
6048 2503 2477 2504 
6049 3680 3681 3998 
6050 1134 1034 4117 
6051 1413 1157 1490 
6052 1313 1319 3877 
6053 1547 1330 3808 
6054 1358 1357 1361 
6055 1400 1374 1781 
6056 2181 1831 2182 
6057 1833 3861 4171 
6058 1906 3680 4048 
6059 2185 2216 2878 
6060 2283 2455 2456 
6061 2359 2361 4183 
6062 2379 2381 3719 
6063 2919 2965 3994 
6064 4297 3699 4303 
6065 2017 2562 2563 
6066 2114 3637 3869 
6067 2435 2860 3943 
6068 4193 3423 4303 
6069 882 2336 3941 
6070 973 2463 4200 
6071 2062 1863 2080 
6072 2172 2832 3955 
6073 1938 1779 1959 
6074 2057 2829 2830 
6075 2088 2089 2090 
6076 2633 2182 2779 
6077 2563 2867 3151 
6078 1511 1510 1659 
6079 2759 1713 3895 
6080 2057 2830 4232 
6081 2927 4134 4243 
6082 855 3820 4058 
6083 1771 2417 4071 
6084 1862 1863 2061 
6085 3911 3619 3912 
6086 671 669 4288 
6087 1054 1142 1143 
6088 1816 1581 2493 
6089 2139 1749 3985 
6090 2142 1956 2144 
6091 2268 2267 2930 
6092 3287 2299 3976 
6093 2520 2521 2522 
6094 3569 3429 3570 
6095 4442 762 4462 
6096 1356 1355 1357 
6097 1362 1741 1820 
6098 1397 1462 1463 
6099 3378 2305 3607 
6100 3568 3429 3569 
6101 641 639 4078 
6102 1161 1923 3921 
6103 1630 1964 1966 
6104 1859 2155 3295 
6105 2127 1874 3955 
6106 2034 1942 2218 
6107 2141 2257 2258 
6108 2757 2758 4135 
6109 1065 3908 4305 
6110 1788 1782 1801 
6111 2320 2319 2321 
6112 2390 2594 3757 
6113 2683 2686 2765 
6114 977 1082 1902 
6115 1265 1079 3880 
6116 1306 1315 3952 
6117 3780 2420 4017 
6118 2733 4078 4174 
6119 3946 2749 4103 
6120 679 677 4349 
6121 825 784 3917 
6122 1412 3849 4057 
6123 1569 1689 1690 
6124 1748 3671 4244 
6125 1805 2028 2029 
6126 1874 2172 3955 
6127 2703 2335 3346 
6128 2522 3265 4079 
6129 2578 2945 3106 
6130 2746 2731 4030 
6131 3566 3565 4112 
6132 1437 1382 1656 
6133 1787 2003 3892 
6134 3394 3391 3476 
6135 3418 3416 3433 
6136 862 864 3888 
6137 988 990 1562 
6138 2032 1682 2478 
6139 1701 1699 3965 
6140 2147 1773 3648 
6141 1895 2064 2065 
6142 2485 2484 2510 
6143 2550 2549 4053 
6144 2668 2667 2798 
6145 2702 2701 4076 
6146 2763 4018 4224 
6147 3440 3444 3446 
6148 1215 1244 3947 
6149 1808 1787 3892 
6150 2106 3956 4253 
6151 2134 4069 4135 
6152 1326 1327 1491 
6153 1897 1344 1898 
6154 1997 1689 1998 
6155 2381 2551 3719 
6156 2997 2616 3920 
6157 1174 1125 1175 
6158 1172 1366 4092 
6159 3414 1339 3415 
6160 1469 1364 1471 
6161 2230 2089 2437 
6162 2143 2441 2476 
6163 3605 2471 4266 
6164 2554 2556 3867 
6165 3740 2746 4069 
6166 3470 3469 3471 
6167 832 537 3767 
6168 620 619 621 
6169 749 747 3621 
6170 864 944 4087 
6171 2150 1471 4192 
6172 1569 3356 3908 
6173 1769 1770 3890 
6174 2637 2059 2639 
6175 2084 2083 3735 
6176 2808 2529 3041 
6177 2747 4022 4023 
6178 3393 3394 3395 
6179 3680 3913 4048 
6180 797 829 3941 
6181 3842 1525 4022 
6182 2129 3998 4059 
6183 2259 2182 2633 
6184 829 882 3941 
6185 1308 1310 3987 
6186 2000 1694 3923 
6187 2288 2188 2806 
6188 2861 2436 4113 
6189 3469 2702 3524 
6190 2846 3858 3943 
6191 662 661 663 
6192 710 1518 4107 
6193 1439 1289 4082 
6194 1385 1504 1862 
6195 1830 1575 1831 
6196 1760 1756 4168 
6197 1778 1777 2707 
6198 1891 2285 2286 
6199 1945 3505 3506 
6200 1967 1964 4196 
6201 3429 3427 4093 
6202 1489 1134 4117 
6203 1327 3541 4181 
6204 4035 2761 4244 
6205 692 695 3882 
6206 1557 1559 4071 
6207 1855 1854 2193 
6208 1907 1908 4080 
6209 1950 1996 2716 
6210 3448 4027 4195 
6211 866 916 917 
6212 994 993 995 
6213 1659 1510 2756 
6214 4003 1652 4166 
6215 2577 1975 4122 
6216 3858 2435 3943 
6217 1351 1348 1651 
6218 2280 2282 3233 
6219 910 911 958 
6220 3628 1015 4054 
6221 1184 1106 1291 
6222 1203 1204 4314 
6223 1820 1940 2082 
6224 2487 2061 3715 
6225 2139 3985 4077 
6226 2143 2440 2441 
6227 2303 2302 2869 
6228 4113 2436 4121 
6229 3341 3340 3342 
6230 2280 2281 2282 
6231 4072 2307 4223 
6232 3918 2754 4313 
6233 521 520 522 
6234 3665 1516 4219 
6235 2747 3842 4022 
6236 1084 1156 3561 
6237 1959 1779 4129 
6238 2238 2022 2612 
6239 3276 2339 3357 
6240 3410 3832 4202 
6241 748 750 1545 
6242 1905 1906 4048 
6243 2391 2466 4137 
6244 3951 2742 3952 
6245 1499 1682 1683 
6246 1920 1743 2039 
6247 1867 2050 2075 
6248 1936 2767 4068 
6249 2777 1959 2778 
6250 1982 1981 1983 
6251 3440 3443 3444 
6252 1336 3831 3992 
6253 1860 1722 4185 
6254 2645 2306 2646 
6255 2452 2418 2453 
6256 912 862 3888 
6257 2083 1170 4200 
6258 4088 1835 4140 
6259 3391 3388 3476 
6260 1121 1119 1122 
6261 1374 1175 1434 
6262 3570 3429 4093 
6263 2296 3283 3284 
6264 600 599 601 
6265 1630 1966 4133 
6266 3508 3511 3512 
6267 1135 1295 3950 
6268 1404 1941 4153 
6269 2307 1847 4067 
6270 2509 2403 4043 
6271 2768 2934 2935 
6272 1280 1460 1742 
6273 2114 3636 3637 
6274 618 620 1369 
6275 1679 2021 3933 
6276 1122 1123 1124 
6277 1141 1365 3723 
6278 2230 2437 2558 
6279 4144 2240 4203 
6280 3936 2421 4088 
6281 3722 2481 4307 
6282 2727 3664 3874 
6283 2853 3827 4059 
6284 884 855 4058 
6285 2439 1745 2723 
6286 2091 2228 2229 
6287 2479 2480 2839 
6288 519 521 1505 
6289 1235 1233 3893 
6290 3561 1414 4133 
6291 2407 1540 3949 
6292 2042 1784 4057 
6293 3770 3748 4139 
6294 3951 1315 4102 
6295 3730 1529 3975 
6296 1596 1793 4270 
6297 2693 2086 4403 
6298 4331 2473 4373 
6299 921 1932 4046 
6300 1295 1835 3950 
6301 1630 1963 1964 
6302 1696 1993 3923 
6303 3616 2340 4151 
6304 856 885 3921 
6305 3654 2031 4316 
6306 2822 2589 2848 
6307 2616 3881 3920 
6308 1773 1768 3648 
6309 2077 3349 3350 
6310 3275 2339 3276 
6311 3885 2416 3981 
6312 2450 801 3964 
6313 1208 4147 4191 
6314 1752 1565 3899 
6315 2133 1701 3965 
6316 3856 1709 3935 
6317 2416 3794 4051 
6318 3796 3797 4035 
6319 548 546 4322 
6320 4001 1517 4309 
6321 1066 1433 3563 
6322 3866 2187 4015 
6323 2765 2686 4268 
6324 2732 3853 3897 
6325 704 2427 4148 
6326 1783 1386 4198 
6327 3982 2377 4132 
6328 1212 3627 3982 
6329 2389 2391 4137 
6330 4092 3566 4112 
6331 3618 3616 4151 
6332 1271 1269 4180 
6333 1353 1351 3983 
6334 2337 1905 4063 
6335 1499 1498 1500 
6336 1876 2055 4152 
6337 3275 3695 3976 
6338 1895 2065 3347 
6339 2187 2845 4015 
6340 2748 2467 4363 
6341 2120 962 4058 
6342 3900 3899 4037 
6343 950 899 4146 
6344 2326 4004 4097 
6345 3703 1522 4264 
6346 1555 3723 4073 
6347 2526 3268 3833 
6348 3837 1244 4136 
6349 773 3942 4056 
6350 2077 3350 4294 
6351 669 667 3894 
6352 701 1523 4010 
6353 1921 3380 3383 
6354 2251 1998 2252 
6355 2633 2779 2780 
6356 3729 3466 4204 
6357 3603 773 4056 
6358 3664 3785 3874 
6359 4344 1546 4387 
6360 1905 4048 4063 
6361 2320 2900 4306 
6362 737 761 4323 
6363 1164 1251 3834 
6364 1233 1548 3893 
6365 1709 3881 3935 
6366 2285 3234 3235 
6367 1031 1373 3807 
6368 1740 1173 3996 
6369 1899 3701 4047 
6370 2805 2197 4134 
6371 4283 2602 4284 
6372 2680 3242 4143 
6373 3427 3430 4093 
6374 3483 3484 4460 
6375 4196 4232 4302 
6376 2636 4149 4150 
6377 3998 3684 4059 
6378 3812 3796 4034 
6379 1930 529 3862 
6380 825 3917 4066 
6381 1506 1238 3661 
6382 2756 1510 4245 
6383 2061 1863 2062 
6384 2502 2477 2503 
6385 607 4018 4177 
6386 2289 3526 3527 
6387 526 522 3766 
6388 2707 1777 2711 
6389 2313 3277 3344 
6390 4234 2926 4243 
6391 3580 3581 3619 
6392 776 641 4078 
6393 802 713 3924 
6394 2646 2306 3817 
6395 2434 2413 4101 
6396 3315 4003 4166 
6397 2732 1922 3854 
6398 4250 3703 4264 
6399 2092 1082 4225 
6400 1216 1525 3842 
6401 3637 3636 4066 
6402 2130 1489 4117 
6403 2371 2112 4246 
6404 2539 2868 4118 
6405 1929 1164 3834 
6406 1258 1546 3945 
6407 1889 1890 1891 
6408 2466 3972 4197 
6409 2559 3708 3712 
6410 1225 1223 3970 
6411 1737 1951 3887 
6412 1808 3892 3959 
6413 2646 3817 3818 
6414 3671 4034 4035 
6415 3747 3981 4051 
6416 1214 1216 3842 
6417 2340 1907 4080 
6418 699 692 3882 
6419 1252 1554 4009 
6420 1365 1532 3723 
6421 2057 2174 2829 
6422 2779 4220 4337 
6423 3440 3446 4159 
6424 1166 3376 4049 
6425 1315 3951 3952 
6426 2540 2167 2847 
6427 2731 4005 4030 
6428 3853 2732 3854 
6429 1194 1731 4075 
6430 1678 3749 3816 
6431 2459 1752 3899 
6432 2040 2269 4039 
6433 2081 2294 2602 
6434 2763 4117 4177 
6435 4370 3473 4385 
6436 1652 1403 4166 
6437 3485 2773 3486 
6438 1201 1205 3986 
6439 2478 1682 3933 
6440 2499 3531 4353 
6441 2055 2813 2814 
6442 2745 2429 4102 
6443 885 1161 3921 
6444 3382 2093 4039 
6445 2875 2550 4053 
6446 1083 1151 4153 
6447 4114 1850 4115 
6448 1937 2236 2237 
6449 2507 2781 4396 
6450 772 766 3997 
6451 1256 1253 4009 
6452 1835 3655 4140 
6453 2107 2383 4132 
6454 2355 2353 4021 
6455 2581 2580 3597 
6456 2413 3951 4101 
6457 3723 2439 4073 
6458 1213 1212 4136 
6459 2537 2539 4118 
6460 4003 3315 4221 
6461 2434 4101 4121 
6462 2574 4344 4387 
6463 3970 1246 3971 
6464 1344 3669 4241 
6465 1582 3539 4237 
6466 2085 1837 4317 
6467 1957 2076 2289 
6468 2449 3551 4211 
6469 3403 3495 4031 
6470 3873 3812 4034 
6471 1147 1031 3807 
6472 1244 1213 4136 
6473 1808 3959 3960 
6474 2755 2115 4082 
6475 2495 2494 2660 
6476 2021 2204 2205 
6477 2237 2876 2877 
6478 2458 2455 4114 
6479 2476 2502 4327 
6480 525 524 3828 
6481 1446 1708 4097 
6482 1935 1876 4152 
6483 3312 2610 3313 
6484 4211 3551 4234 
6485 2039 1743 4209 
6486 2081 2293 2294 
6487 3632 957 4169 
6488 2318 2320 4306 
6489 3377 765 4325 
6490 4269 3326 4418 
6491 3347 3348 3927 
6492 1847 1865 4067 
6493 3604 3605 4083 
6494 3631 3936 4088 
6495 1151 1404 4153 
6496 3981 2416 4051 
6497 3985 2432 4077 
6498 2749 3598 4103 
6499 2922 2924 4279 
6500 3771 3770 4139 
6501 3282 2474 3496 
6502 962 884 4058 
6503 1076 1549 3609 
6504 1137 2762 4213 
6505 1200 1201 3986 
6506 1580 3614 4055 
6507 1663 1662 4089 
6508 2280 1887 2281 
6509 740 742 4247 
6510 1694 1696 3923 
6511 4407 1692 4430 
6512 1945 3504 3505 
6513 3620 4269 4329 
6514 1083 4153 4178 
6515 1142 1273 4216 
6516 4024 2448 4094 
6517 3394 3476 4369 
6518 757 736 4032 
6519 3971 3972 4091 
6520 1015 1131 4054 
6521 1502 1463 4287 
6522 2489 2446 4219 
6523 2377 2107 4132 
6524 2438 2355 4021 
6525 3631 4088 4140 
6526 1043 4083 4258 
6527 1779 1780 4129 
6528 918 847 3919 
6529 2720 2705 3697 
6530 2463 912 3888 
6531 2723 1745 2724 
6532 3393 3395 3396 
6533 775 607 4177 
6534 3956 2106 4280 
6535 4191 2765 4222 
6536 2377 3982 4154 
6537 2432 1009 4025 
6538 1909 2448 4024 
6539 2313 2033 3269 
6540 670 672 4296 
6541 1351 1651 3983 
6542 1440 1582 4086 
6543 1901 3573 4194 
6544 2418 1955 4307 
6545 2171 1981 4188 
6546 4022 1525 4205 
6547 1269 1748 4180 
6548 3735 2083 4375 
6549 1257 1255 3945 
6550 3639 2377 4154 
6551 1124 1174 3782 
6552 1865 2695 4067 
6553 2127 3955 4113 
6554 525 3828 3829 
6555 524 527 3828 
6556 1544 995 4000 
6557 1793 4239 4270 
6558 3333 3931 3999 
6559 703 707 4006 
6560 3965 2134 4135 
6561 2426 2389 4137 
6562 667 808 3894 
6563 1463 1597 4287 
6564 3702 1522 3703 
6565 1933 1751 3660 
6566 4006 3625 4290 
6567 1221 1219 3672 
6568 2861 4160 4161 
6569 1046 1901 4194 
6570 1071 1104 4007 
6571 2020 1799 4158 
6572 2469 2776 4235 
6573 2580 2583 3597 
6574 1597 1859 4287 
6575 2559 3713 4122 
6576 1568 675 4026 
6577 792 866 4242 
6578 2775 4299 4404 
6579 771 1823 3958 
6580 2429 2127 4121 
6581 4147 2765 4191 
6582 1527 1909 4008 
6583 4101 3951 4102 
6584 2127 4113 4121 
6585 2770 2771 4291 
6586 2903 2537 4118 
6587 3234 1890 3367 
6588 2782 4296 4409 
6589 3942 3352 4056 
6590 2326 2718 4004 
6591 3561 4133 4359 
6592 1331 1474 3934 
6593 1533 1805 4231 
6594 2101 3346 4252 
6595 3948 2426 4137 
6596 2763 2130 4117 
6597 2229 2597 3847 
6598 4313 2754 4342 
6599 4274 2800 4275 
6600 4038 3375 4218 
6601 541 609 3862 
6602 1357 1355 4255 
6603 2429 4101 4102 
6604 3627 3628 4154 
6605 2597 2228 2993 
6606 1503 3562 4356 
6607 3457 3458 3914 
6608 1517 1027 4222 
6609 3592 1148 4186 
6610 3353 1326 3491 
6611 1223 1246 3970 
6612 3351 3370 3492 
6613 653 525 3829 
6614 4008 1909 4024 
6615 1941 2752 4153 
6616 3589 4028 4401 
6617 2034 2218 4259 
6618 1122 1124 4261 
6619 2400 2398 4149 
6620 543 4036 4037 
6621 2347 4086 4237 
6622 3479 1734 3480 
6623 1753 1755 3726 
6624 2383 3837 4132 
6625 1048 1046 4194 
6626 1656 2013 3815 
6627 2529 1860 4185 
6628 3667 1939 3668 
6629 2055 2814 4152 
6630 4047 2325 4309 
6631 2466 2393 4091 
6632 1731 2423 4075 
6633 4101 2429 4121 
6634 4153 2752 4178 
6635 4094 3617 4146 
6636 2636 2400 4149 
6637 3749 3457 3816 
6638 2006 2561 4089 
6639 2760 2409 4124 
6640 1289 1075 4020 
6641 2047 1707 4086 
6642 2114 3869 4246 
6643 1555 4073 4339 
6644 2048 2046 3922 
6645 2776 4157 4235 
6646 3605 4167 4258 
6647 845 2370 3919 
6648 2407 3949 4124 
6649 2752 3298 4225 
6650 4018 2763 4177 
6651 571 3594 4374 
6652 4342 4189 4343 
6653 1831 1575 4220 
6654 2320 2796 2900 
6655 1094 1108 4085 
6656 1253 1252 4009 
6657 2472 4250 4264 
6658 2723 4019 4184 
6659 1257 3945 4345 
6660 2300 3316 3742 
6661 3442 4060 4297 
6662 1528 1081 4105 
6663 1722 1816 4185 
6664 4232 2830 4302 
6665 2733 2411 4212 
6666 1029 1083 4178 
6667 2758 3825 4190 
6668 3968 4095 4096 
6669 1522 703 4006 
6670 1928 4266 4290 
6671 2872 2171 4188 
6672 2409 2407 4124 
6673 2688 2460 4224 
6674 1733 1496 4062 
6675 1437 1656 3815 
6676 3618 4151 4211 
6677 1255 1258 3945 
6678 877 835 4045 
6679 981 1084 4206 
6680 3613 1136 4065 
6681 3611 1929 4229 
6682 1920 2040 4039 
6683 2820 2456 4120 
6684 708 704 4148 
6685 3300 2801 3478 
6686 3442 4301 4346 
6687 1523 696 3781 
6688 784 708 3917 
6689 909 861 4025 
6690 4034 3796 4035 
6691 673 693 4026 
6692 3602 1823 3932 
6693 4287 3295 4312 
6694 3600 4234 4243 
6695 2398 3369 4149 
6696 3955 2832 4160 
6697 3982 3627 4154 
6698 3917 708 4148 
6699 847 845 3919 
6700 1434 1175 4348 
6701 799 820 3905 
6702 2175 2176 4123 
6703 2764 2135 3939 
6704 2519 2517 4439 
6705 2696 3586 4324 
6706 2861 4113 4160 
6707 1383 1107 3990 
6708 3710 2060 4196 
6709 1526 4247 4263 
6710 3033 2584 4052 
6711 4272 2748 4363 
6712 2472 2453 4250 
6713 1009 909 4025 
6714 2585 2048 3922 
6715 3816 3457 3914 
6716 3699 4193 4303 
6717 1979 4126 4188 
6718 1964 1963 4232 
6719 4285 2454 4286 
6720 560 552 4145 
6721 1855 2314 4062 
6722 4078 639 4174 
6723 1707 1440 4086 
6724 3589 2486 4397 
6725 863 2465 3905 
6726 1751 1753 3660 
6727 1780 2496 4382 
6728 2298 3275 3976 
6729 2423 3989 4075 
6730 4276 2772 4350 
6731 1929 3834 3835 
6732 4373 2473 4416 
6733 844 1931 4162 
6734 4247 3378 4263 
6735 1405 3534 4233 
6736 713 705 3924 
6737 944 1021 4087 
6738 2257 1999 3750 
6739 1246 3672 3972 
6740 3771 4139 4256 
6741 2512 2510 4410 
6742 866 3454 4242 
6743 760 1900 3997 
6744 968 1335 4169 
6745 1414 1630 4133 
6746 2587 4095 4158 
6747 2935 3654 4316 
6748 705 701 4010 
6749 2698 2080 4038 
6750 3971 1246 3972 
6751 1664 1383 3990 
6752 3549 2106 4253 
6753 4139 3577 4256 
6754 1939 564 4041 
6755 1523 3781 4289 
6756 3869 2427 4171 
6757 1662 2006 4089 
6758 3924 4010 4098 
6759 4086 1582 4237 
6760 2093 1920 4039 
6761 3715 2614 3717 
6762 2694 3519 4308 
6763 2361 3362 4183 
6764 2317 2445 4278 
6765 2052 1958 4304 
6766 3283 2295 4111 
6767 2926 2927 4243 
6768 1136 1429 4065 
6769 1386 1385 4198 
6770 3421 3431 4303 
6771 2448 3617 4094 
6772 3431 4297 4303 
6773 1821 1181 4182 
6774 2425 2681 3989 
6775 2682 2680 4143 
6776 2764 3939 4261 
6777 2776 1257 4345 
6778 2167 1800 4003 
6779 529 541 3862 
6780 522 520 3766 
6781 1830 1832 4106 
6782 2771 3451 4207 
6783 1237 1245 4175 
6784 2123 1760 4168 
6785 543 539 4036 
6786 2101 1891 3774 
6787 826 853 4044 
6788 3600 1454 4234 
6789 2724 4231 4371 
6790 4310 3570 4412 
6791 1100 4191 4222 
6792 2089 1898 4241 
6793 4077 2432 4229 
6794 1210 1211 3991 
6795 2299 2298 3976 
6796 2588 2670 2905 
6797 3672 1563 4197 
6798 744 765 4267 
6799 2775 3934 4299 
6800 766 760 3997 
6801 2762 875 3906 
6802 1005 1003 4281 
6803 2281 1887 4181 
6804 2761 2760 4244 
6805 665 663 4346 
6806 675 673 4026 
6807 3329 3489 4110 
6808 1211 1214 3991 
6809 1887 1327 4181 
6810 4151 2449 4211 
6811 1198 1195 4033 
6812 4193 3699 4367 
6813 3897 2734 4176 
6814 696 690 3781 
6815 4018 1886 4224 
6816 2479 2839 2942 
6817 2197 3600 4243 
6818 4361 2774 4379 
6819 1647 1896 4238 
6820 2685 2682 4143 
6821 4113 3955 4160 
6822 1496 1855 4062 
6823 3413 1821 3705 
6824 2423 2425 3989 
6825 2458 4116 4120 
6826 3309 4213 4330 
6827 957 968 4169 
6828 2766 4047 4309 
6829 1743 1460 4209 
6830 1075 1073 4020 
6831 1361 1666 4108 
6832 2463 3538 4375 
6833 3442 3432 4301 
6834 3444 3443 4452 
6835 4328 3506 4360 
6836 2406 3620 4329 
6837 2976 3264 4351 
6838 3835 2469 4235 
6839 598 599 600 
6840 778 1744 4461 
6841 2456 2458 4120 
6842 2777 2778 4163 
6843 3699 3698 4367 
6844 1084 3561 4206 
6845 619 617 1494 
6846 4007 1104 4064 
6847 1668 1845 4072 
6848 3493 3444 4459 
6849 1948 1952 3572 
6850 4279 1503 4356 
6851 1535 792 4242 
6852 3520 4206 4359 
6853 2059 1803 4270 
6854 2933 2183 4341 
6855 1169 1569 3908 
6856 4187 1338 4265 
6857 2177 1801 4214 
6858 3551 2926 4234 
6859 4396 761 4439 
6860 1100 1159 4191 
6861 4169 1335 4251 
6862 3828 1930 4310 
6863 2924 4254 4279 
6864 4169 4251 4377 
6865 3430 4367 4388 
6866 3489 3480 4110 
6867 520 518 2291 
6868 2306 1854 4164 
6869 810 676 3937 
6870 1803 1596 4270 
6871 3908 3356 4305 
6872 1526 740 4247 
6873 4109 2366 4236 
6874 532 533 534 
6875 2437 2089 4241 
6876 697 4361 4379 
6877 3974 2454 4285 
6878 618 619 620 
6879 2966 2257 3750 
6880 4099 1098 4208 
6881 3882 1833 4171 
6882 2720 4130 4199 
6883 3829 3828 4310 
6884 4268 2766 4309 
6885 1714 2428 4131 
6886 2393 2395 4091 
6887 4126 2577 4127 
6888 3924 705 4010 
6889 1845 2307 4072 
6890 2473 3552 4416 
6891 2493 1581 4216 
6892 3940 3323 4449 
6893 1332 4142 4315 
6894 3575 1692 4407 
6895 1995 1738 4131 
6896 767 3665 4109 
6897 4115 1850 4260 
6898 765 746 4389 
6899 1681 2240 4144 
6900 1926 4098 4207 
6901 2369 4172 4423 
6902 1081 3553 4105 
6903 4316 2031 4372 
6904 3912 2138 4226 
6905 2426 3948 4100 
6906 3510 4295 4447 
6907 4165 3559 4339 
6908 1933 3918 4295 
6909 3334 2698 4218 
6910 3580 3619 3911 
6911 4350 4064 4363 
6912 3895 1290 4144 
6913 519 520 521 
6914 539 832 4036 
6915 2331 4155 4156 
6916 3777 2426 4100 
6917 2078 2077 4294 
6918 2801 2800 4274 
6919 561 563 4041 
6920 3861 2371 4246 
6921 2768 2935 4316 
6922 759 763 4040 
6923 4119 996 4187 
6924 1108 3583 4085 
6925 1380 3771 4256 
6926 2669 2273 3159 
6927 983 981 4206 
6928 1471 1364 4192 
6929 2136 2587 4158 
6930 3514 4322 4405 
6931 1259 2406 4329 
6932 2061 2614 3715 
6933 1512 3496 4354 
6934 3569 3570 4386 
6935 3971 4091 4331 
6936 676 678 3937 
6937 1566 2085 3953 
6938 1933 4295 4333 
6939 2734 2538 4176 
6940 2681 2683 4147 
6941 1159 1208 4191 
6942 3660 1753 3726 
6943 1862 2487 4198 
6944 2427 3882 4171 
6945 1799 2136 4158 
6946 3972 3672 4197 
6947 2443 2764 4227 
6948 823 826 4044 
6949 838 878 4046 
6950 4167 900 4258 
6951 2453 2481 4250 
6952 3539 4061 4237 
6953 1239 1237 4175 
6954 1474 1495 4299 
6955 3378 3607 4263 
6956 3595 823 4044 
6957 1040 3467 4208 
6958 4219 1516 4311 
6959 3817 2306 4164 
6960 1028 954 4142 
6961 1126 1122 4261 
6962 3781 2342 4289 
6963 2397 2473 4331 
6964 742 744 4267 
6965 2489 4219 4311 
6966 1021 3412 4087 
6967 2180 2589 2822 
6968 681 679 4408 
6969 3423 3421 4303 
6970 1958 1946 4157 
6971 1433 1068 4318 
6972 2049 2326 4097 
6973 1545 3606 4389 
6974 2698 4038 4218 
6975 2344 1239 4175 
6976 550 548 4273 
6977 2538 3645 4176 
6978 3376 3549 4253 
6979 3705 1821 4182 
6980 2339 2078 4294 
6981 2754 2145 4189 
6982 1197 1200 3925 
6983 1879 1459 4254 
6984 3333 3602 3931 
6985 1335 3644 4327 
6986 1183 1118 3345 
6987 1027 1100 4222 
6988 2683 2765 4147 
6989 2323 3371 4029 
6990 4433 2514 4436 
6991 554 2431 4145 
6992 3508 3512 4431 
6993 3945 1546 4344 
6994 3968 2206 4095 
6995 4189 2488 4343 
6996 1859 3295 4287 
6997 689 670 4296 
6998 878 921 4046 
6999 2482 3377 4325 
7000 954 1739 4142 
7001 3953 3581 4202 
7002 4010 1523 4291 
7003 661 691 4060 
7004 2762 3906 4249 
7005 820 863 3905 
7006 4196 1964 4232 
7007 2760 4180 4244 
7008 693 671 4288 
7009 1093 3520 4370 
7010 4180 1748 4244 
7011 2370 4285 4368 
7012 1428 1242 4081 
7013 2700 945 3729 
7014 1174 1405 3782 
7015 1708 2049 4097 
7016 4142 3530 4315 
7017 1801 1782 4214 
7018 2366 2364 4236 
7019 1460 1879 4209 
7020 672 674 4409 
7021 1793 3647 4239 
7022 1242 1328 4081 
7023 3900 4036 4090 
7024 569 3646 4210 
7025 2481 3722 4230 
7026 1193 1822 4033 
7027 3956 3331 4253 
7028 3571 3569 4386 
7029 1249 1166 4049 
7030 1339 994 4119 
7031 3916 571 4374 
7032 3570 4310 4386 
7033 3970 3971 4373 
7034 3587 2437 4240 
7035 4108 2756 4245 
7036 1516 741 4398 
7037 2146 2488 4189 
7038 4036 832 4090 
7039 1957 2289 4404 
7040 3387 4099 4340 
7041 3411 2724 4371 
7042 3939 1126 4261 
7043 3620 2715 4269 
7044 4461 3291 4477 
7045 1290 1681 4144 
7046 663 661 4060 
7047 4157 2139 4235 
7048 3572 2697 4421 
7049 2640 2059 4270 
7050 739 737 4323 
7051 4301 808 4346 
7052 2686 2766 4268 
7053 3445 4414 4426 
7054 2258 2985 4277 
7055 1372 1261 4329 
7056 2784 3612 4432 
7057 552 554 4145 
7058 850 905 4074 
7059 3425 3423 4193 
7060 798 777 4280 
7061 3934 1474 4299 
7062 3309 4330 4358 
7063 1738 1714 4131 
7064 4319 1932 4320 
7065 2441 3545 4271 
7066 2783 4106 4411 
7067 991 989 4028 
7068 2253 2034 4259 
7069 4456 3597 4457 
7070 3476 3387 4340 
7071 1385 1862 4198 
7072 2314 2194 4292 
7073 1522 4006 4264 
7074 3480 1734 4110 
7075 1955 2498 4307 
7076 3484 3482 4402 
7077 1337 3829 4412 
7078 1805 2304 4231 
7079 4264 4006 4290 
7080 3331 1524 4049 
7081 1932 3635 4320 
7082 2781 4311 4398 
7083 1782 2149 4214 
7084 2783 2094 4106 
7085 4093 3430 4388 
7086 2471 2472 4266 
7087 835 850 4045 
7088 1512 3374 4228 
7089 4201 4427 4435 
7090 1373 959 4360 
7091 4382 3303 4383 
7092 2478 3933 4282 
7093 1098 1020 4208 
7094 2474 2450 4319 
7095 1910 1750 4333 
7096 1946 2139 4157 
7097 2021 2205 4282 
7098 3817 1839 4472 
7099 2995 2253 4259 
7100 3545 2496 4374 
7101 2952 2759 4203 
7102 2486 3657 4397 
7103 1340 1142 4216 
7104 1287 1206 4016 
7105 2502 3537 4251 
7106 2450 3964 4319 
7107 994 996 4119 
7108 4239 2640 4270 
7109 763 770 4040 
7110 2491 2489 4311 
7111 1361 4108 4245 
7112 1093 4385 4401 
7113 1364 1140 4192 
7114 4098 2771 4207 
7115 546 1138 4322 
7116 2798 2667 4352 
7117 3643 3434 4265 
7118 1326 1491 3491 
7119 3008 2302 4123 
7120 2516 1982 4406 
7121 1983 2548 4436 
7122 4265 1338 4414 
7123 1261 1259 4329 
7124 2713 4362 4402 
7125 3303 3304 4383 
7126 3364 1665 4255 
7127 1409 1287 4016 
7128 678 680 4379 
7129 2342 3626 4326 
7130 2364 3327 4236 
7131 3666 762 4442 
7132 1495 1957 4299 
7133 2779 4337 4425 
7134 3945 4344 4345 
7135 4050 3900 4090 
7136 1500 1679 3933 
7137 4162 1931 4376 
7138 564 561 4041 
7139 3528 1006 4084 
7140 3373 2922 4279 
7141 1195 1193 4033 
7142 4206 3561 4359 
7143 2219 2809 4155 
7144 2781 4323 4396 
7145 2762 4249 4330 
7146 3491 2101 4252 
7147 3710 4196 4302 
7148 2044 2803 4260 
7149 2325 4001 4309 
7150 3434 3433 4265 
7151 3507 3510 4422 
7152 2183 1937 4341 
7153 2488 3373 4356 
7154 2770 4289 4326 
7155 2504 2477 4271 
7156 4213 2762 4330 
7157 4083 3605 4258 
7158 2573 2052 4304 
7159 849 806 4395 
7160 2433 3473 4370 
7161 2772 4276 4277 
7162 3353 3491 4252 
7163 2712 2770 4326 
7164 4249 2137 4330 
7165 2145 2146 4189 
7166 4397 3657 4417 
7167 1682 1500 3933 
7168 3559 1555 4339 
7169 2094 1830 4106 
7170 2467 2141 4276 
7171 2641 2177 4476 
7172 3606 2484 4325 
7173 748 1545 4389 
7174 2045 1948 3572 
7175 1977 2577 4126 
7176 3931 3602 3932 
7177 2597 3281 3847 
7178 4357 3309 4358 
7179 2331 2219 4155 
7180 3547 2696 4324 
7181 3306 2744 4336 
7182 1581 1340 4216 
7183 3240 2282 4262 
7184 2767 2768 4316 
7185 3357 2339 4294 
7186 1057 991 4028 
7187 1820 2475 4300 
7188 3721 2328 4230 
7189 1020 1040 4208 
7190 1067 1065 4305 
7191 3467 1448 4369 
7192 677 1568 4349 
7193 3349 2775 4404 
7194 1507 1579 4380 
7195 2302 2175 4123 
7196 1147 3807 4342 
7197 1979 1977 4126 
7198 852 900 4167 
7199 3266 2976 4351 
7200 2576 2574 4387 
7201 2614 2062 4283 
7202 2495 2661 4321 
7203 2477 2441 4271 
7204 3473 3588 4385 
7205 840 803 4328 
7206 3430 3425 4193 
7207 4251 1335 4327 
7208 4214 2149 4458 
7209 761 735 4448 
7210 4091 2395 4331 
7211 1741 1363 3809 
7212 4348 4163 4427 
7213 3518 2700 4204 
7214 3478 2801 4400 
7215 1247 3559 4165 
7216 2565 2782 4393 
7217 2498 2774 4361 
7218 1363 1511 3809 
7219 3933 2021 4282 
7220 4422 3510 4447 
7221 1750 1933 4333 
7222 2773 2772 4277 
7223 4419 4125 4420 
7224 2771 4098 4291 
7225 3698 3590 4367 
7226 2484 2482 4325 
7227 3430 4193 4367 
7228 4304 2776 4345 
7229 808 665 4346 
7230 1937 2237 4341 
7231 2283 2457 4262 
7232 2781 2491 4311 
7233 3394 4369 4419 
7234 3373 4279 4356 
7235 3612 4201 4432 
7236 3669 4240 4241 
7237 4417 2500 4437 
7238 1551 573 3916 
7239 3807 4313 4342 
7240 3572 1952 4411 
7241 697 3722 4361 
7242 975 903 4334 
7243 2689 3980 4394 
7244 4367 3590 4388 
7245 4385 3589 4401 
7246 4456 4175 4464 
7247 4027 1562 4195 
7248 3484 4402 4408 
7249 810 3937 4353 
7250 2496 1551 3916 
7251 904 849 4395 
7252 1928 852 4167 
7253 1120 3450 4138 
7254 1069 1067 4272 
7255 2502 4251 4327 
7256 4060 691 4297 
7257 2395 2397 4331 
7258 1057 4397 4417 
7259 2472 4264 4290 
7260 3407 3954 4257 
7261 4281 3961 4381 
7262 4098 4010 4291 
7263 1082 4178 4225 
7264 4289 2342 4326 
7265 1006 919 4084 
7266 1202 1199 4226 
7267 2289 3527 4465 
7268 3484 4349 4460 
7269 3567 2318 4306 
7270 2517 2507 4396 
7271 4240 2437 4241 
7272 2574 2573 4344 
7273 1138 1564 4405 
7274 1206 1203 4314 
7275 2083 4200 4375 
7276 2141 2258 4276 
7277 4188 4126 4392 
7278 2506 2505 4364 
7279 1568 3493 4460 
7280 1376 1247 4165 
7281 3893 4451 4454 
7282 680 697 4379 
7283 3973 3970 4373 
7284 739 4323 4398 
7285 987 1093 4401 
7286 1945 3506 4328 
7287 4393 2782 4409 
7288 2667 2863 4352 
7289 4201 3304 4432 
7290 3397 3395 4420 
7291 903 904 4334 
7292 4200 2463 4375 
7293 3722 3721 4230 
7294 914 1018 4138 
7295 1548 3522 4450 
7296 3537 2506 4376 
7297 4178 2752 4225 
7298 3308 3309 4357 
7299 3550 2150 4355 
7300 3562 1147 4343 
7301 2440 3303 4382 
7302 3590 1337 4388 
7303 3582 1332 4315 
7304 989 987 4401 
7305 1338 3642 4414 
7306 3643 4265 4414 
7307 1349 1352 4354 
7308 2442 4064 4350 
7309 2779 2182 4220 
7310 4266 2472 4290 
7311 4359 2433 4370 
7312 1352 1512 4354 
7313 3905 2465 4467 
7314 2772 2442 4350 
7315 2138 1202 4226 
7316 4016 1206 4314 
7317 2106 798 4280 
7318 1524 1249 4049 
7319 2282 2283 4262 
7320 2801 4274 4400 
7321 998 1338 4187 
7322 2842 4407 4430 
7323 2150 4192 4381 
7324 3597 2583 4468 
7325 3722 4307 4361 
7326 4295 3918 4313 
7327 3894 808 4378 
7328 4259 3915 4415 
7329 810 4393 4409 
7330 959 911 4360 
7331 3326 2693 4418 
7332 3973 4373 4416 
7333 4414 3642 4426 
7334 1546 3575 4387 
7335 4028 3589 4397 
7336 4310 1930 4386 
7337 4231 2304 4371 
7338 3588 3589 4385 
7339 2137 1572 4358 
7340 4307 2498 4361 
7341 3808 2344 4457 
7342 3496 2474 4320 
7343 808 4301 4378 
7344 3445 3643 4414 
7345 1280 1742 4186 
7346 1850 1849 4260 
7347 4323 2781 4398 
7348 674 810 4409 
7349 1348 1347 4215 
7350 731 1519 4446 
7351 741 739 4398 
7352 2182 1831 4220 
7353 4381 3961 4413 
7354 803 1945 4328 
7355 1561 4040 4477 
7356 3371 3614 4029 
7357 2237 2877 4341 
7358 4276 2258 4277 
7359 2474 4319 4320 
7360 2525 2523 4462 
7361 4337 1783 4425 
7362 4126 4127 4392 
7363 3531 2565 4393 
7364 694 681 4408 
7365 996 998 4187 
7366 4045 850 4074 
7367 4323 761 4396 
7368 2780 2779 4425 
7369 1982 1983 4406 
7370 3961 1058 4413 
7371 2767 4316 4372 
7372 1148 1280 4186 
7373 2764 3782 4227 
7374 810 4353 4393 
7375 2700 3729 4204 
7376 3482 2713 4402 
7377 3555 2514 4433 
7378 1849 2044 4260 
7379 4376 1931 4377 
7380 2369 4163 4348 
7381 746 748 4389 
7382 4301 3447 4378 
7383 1359 1362 4300 
7384 1573 1571 4337 
7385 3543 3407 4257 
7386 1140 1005 4281 
7387 2431 3495 4338 
7388 1651 1348 4215 
7389 4162 4376 4390 
7390 4330 2137 4358 
7391 4413 1058 4429 
7392 2778 4129 4435 
7393 2535 4470 4475 
7394 2144 4365 4432 
7395 4353 3531 4393 
7396 2269 2430 4332 
7397 1248 567 4210 
7398 4313 3807 4447 
7399 1562 3993 4195 
7400 3558 4162 4390 
7401 4340 3467 4369 
7402 4068 2767 4372 
7403 4129 1780 4383 
7404 1571 1783 4337 
7405 4355 2516 4406 
7406 2516 4355 4413 
7407 2465 3810 4467 
7408 4000 4417 4437 
7409 4064 1104 4363 
7410 2506 4364 4390 
7411 3383 3656 4368 
7412 2500 3585 4437 
7413 4175 1245 4464 
7414 1545 3666 4410 
7415 3476 4340 4369 
7416 3463 2689 4394 
7417 1665 1357 4255 
7418 4402 694 4408 
7419 3782 1405 4227 
7420 2032 2479 4424 
7421 3591 1561 4471 
7422 567 569 4210 
7423 3570 4093 4412 
7424 1362 1820 4300 
7425 2573 4304 4345 
7426 2769 3449 4403 
7427 4255 1447 4428 
7428 4446 1519 4453 
7429 1147 4342 4343 
7430 1420 1903 4248 
7431 1921 3383 4286 
7432 4061 2269 4332 
7433 4344 2573 4345 
7434 3555 4433 4434 
7435 1472 1547 4469 
7436 1894 1420 4248 
7437 3506 3507 4422 
7438 4468 2785 4469 
7439 3657 2500 4417 
7440 1018 1120 4138 
7441 2842 2576 4407 
7442 2045 3572 4421 
7443 2784 4365 4443 
7444 2086 1940 4366 
7445 4444 3716 4445 
7446 2516 4413 4429 
7447 4125 1789 4420 
7448 764 3876 4475 
7449 4272 1067 4305 
7450 1373 4360 4422 
7451 3393 3396 4347 
7452 2501 4429 4440 
7453 2319 2317 4278 
7454 3601 1544 4440 
7455 2611 2202 4335 
7456 2496 3916 4374 
7457 2527 2528 4474 
7458 2817 2816 4400 
7459 2787 4446 4453 
7460 2902 2842 4430 
7461 3520 4359 4370 
7462 2521 2787 4453 
7463 2202 2864 4335 
7464 1175 1125 4348 
7465 3557 3350 4463 
7466 4429 3601 4440 
7467 2872 4188 4392 
7468 4471 1561 4477 
7469 3495 3529 4338 
7470 3514 4405 4431 
7471 3392 3393 4347 
7472 4360 3506 4422 
7473 1783 3718 4425 
7474 3521 3523 4426 
7475 1245 3893 4454 
7476 2995 4259 4415 
7477 4163 2369 4423 
7478 1373 4422 4447 
7479 4163 2778 4427 
7480 2713 2712 4362 
7481 3893 1548 4451 
7482 1940 2315 4366 
7483 1125 2369 4348 
7484 1564 1910 4405 
7485 4451 2557 4454 
7486 3552 2509 4438 
7487 1548 4450 4451 
7488 4326 3626 4362 
7489 3512 3514 4431 
7490 4000 1057 4417 
7491 3349 4404 4465 
7492 4365 2515 4443 
7493 4376 2506 4390 
7494 2341 2319 4278 
7495 1278 3973 4416 
7496 1058 3601 4429 
7497 2501 2516 4429 
7498 4192 1140 4281 
7499 4274 2817 4400 
7500 1057 4028 4397 
7501 3383 4285 4286 
7502 4201 1434 4427 
7503 2630 3167 3168 
7504 2780 4425 4444 
7505 3304 2144 4432 
7506 597 2287 3338 
7507 1544 4000 4437 
7508 4093 4388 4412 
7509 2804 2045 4421 
7510 2588 2179 2670 
7511 596 598 1893 
7512 2787 2519 4439 
7513 4129 4383 4435 
7514 598 597 599 
7515 618 617 619 
7516 2777 4163 4423 
7517 4438 2509 4450 
7518 2523 2512 4442 
7519 519 518 520 
7520 516 532 1493 
7521 532 531 533 
7522 4387 3575 4407 
7523 1544 4437 4440 
7524 4349 1568 4460 
7525 4192 4281 4381 
7526 4285 3383 4368 
7527 1447 3478 4428 
7528 2180 2588 2589 
7529 2693 4403 4418 
7530 4070 2535 4475 
7531 2274 2273 2669 
7532 4383 3304 4435 
7533 2272 3166 3259 
7534 531 3244 3263 
7535 3522 1278 4438 
7536 1448 4125 4419 
7537 2576 4387 4407 
7538 2090 2230 4298 
7539 735 733 4448 
7540 2785 2786 4472 
7541 4040 770 4461 
7542 2188 2644 4399 
7543 3585 2501 4440 
7544 3304 4201 4435 
7545 733 731 4446 
7546 4405 1910 4431 
7547 4369 1448 4419 
7548 4388 1337 4412 
7549 2930 2267 4391 
7550 3599 4070 4475 
7551 2230 2943 4298 
7552 4055 2777 4423 
7553 2267 2470 4391 
7554 3522 4438 4450 
7555 1200 3986 4293 
7556 3642 3521 4426 
7557 4439 761 4448 
7558 733 4446 4448 
7559 2806 2188 4399 
7560 2286 2285 4384 
7561 4043 2557 4451 
7562 3807 1373 4447 
7563 1776 3490 4452 
7564 2712 4326 4362 
7565 2514 3550 4436 
7566 3550 4355 4406 
7567 1956 2515 4365 
7568 3925 1200 4293 
7569 4446 2787 4448 
7570 4251 3537 4377 
7571 2177 4214 4474 
7572 4406 1983 4436 
7573 3443 3445 4441 
7574 1744 3905 4467 
7575 2581 4456 4464 
7576 4416 3552 4438 
7577 4452 3490 4459 
7578 4437 3585 4440 
7579 762 3591 4462 
7580 2557 3867 4454 
7581 3718 3716 4444 
7582 4426 3523 4441 
7583 4403 3449 4418 
7584 2509 4043 4450 
7585 1789 3940 4449 
7586 2144 1956 4365 
7587 3310 2527 4458 
7588 2143 2476 4380 
7589 1278 4416 4438 
7590 2285 3235 4384 
7591 2512 4410 4442 
7592 4450 4043 4451 
7593 770 778 4461 
7594 4425 3718 4444 
7595 2149 2784 4443 
7596 4457 3597 4468 
7597 2581 3597 4456 
7598 3397 4420 4449 
7599 3490 3483 4459 
7600 2530 2521 4453 
7601 1245 4454 4464 
7602 2532 4466 4470 
7603 4466 3640 4470 
7604 3364 4255 4428 
7605 2344 4175 4456 
7606 4410 3666 4442 
7607 4453 1519 4466 
7608 3537 4376 4377 
7609 3550 4406 4436 
7610 1579 2143 4380 
7611 4411 1952 4455 
7612 1547 3808 4457 
7613 1519 3640 4466 
7614 2583 2785 4468 
7615 4459 3483 4460 
7616 3445 4426 4441 
7617 3350 3349 4465 
7618 2530 4453 4466 
7619 2535 2532 4470 
7620 3867 2581 4464 
7621 1839 1472 4469 
7622 3270 2033 4424 
7623 2532 2530 4466 
7624 3640 764 4470 
7625 3493 4459 4460 
7626 2033 2032 4424 
7627 3288 2783 4455 
7628 2787 4439 4448 
7629 4420 1789 4449 
7630 2534 2525 4471 
7631 4214 4458 4474 
7632 4454 3867 4464 
7633 3527 4463 4465 
7634 2528 2808 4476 
7635 4463 3350 4465 
7636 4469 2785 4472 
7637 2534 4471 4477 
7638 3876 3599 4475 
7639 2783 4411 4455 
7640 3291 2534 4477 
7641 1547 4457 4468 
7642 4462 3591 4471 
7643 4458 2527 4474 
7644 2525 4462 4471 
7645 4449 3323 4479 
7646 1839 4469 4472 
7647 4444 4445 4478 
7648 2780 4444 4478 
7649 3397 4449 4479 
7650 517 518 519 
7651 616 617 618 
7652 597 595 2287 
7653 596 597 598 
7654 516 531 532 
7655 1960 2273 2274 
7656 2630 2629 3167 
7657 531 514 3244 
7658 2272 3165 3166 
7659 2180 2179 2588 
7660 2620 2619 2879 
7661 3338 2287 4480 
7662 4047 2766 4483 
7663 2687 2684 4481 
7664 3335 1061 4482 
7665 3335 4482 4483 
7666 1061 536 4482 
7667 538 1899 4482 
7668 516 514 531 
7669 2629 2626 3170 
7670 517 515 518 
7671 515 516 3248 
7672 1960 2272 2273 
7673 596 595 597 
7674 593 616 1492 
7675 2628 2627 3245 
7676 2627 2629 2630 
7677 616 615 617 
7678 2272 1882 3165 
7679 2019 2619 2620 
7680 2178 2179 2180 
7681 2619 2178 3247 
7682 536 538 4482 
7683 1899 4047 4483 
7684 2684 2685 4481 
7685 3258 3262 4484 
7686 2625 2627 2628 
7687 2627 2626 2629 
7688 1960 1882 2272 
7689 513 515 517 
7690 593 615 616 
7691 594 595 596 
7692 515 514 516 
7693 2019 2178 2619 
7694 2178 1852 2179 
7695 3262 2704 4485 
7696 3774 2286 4485 
7697 2704 2703 4485 
7698 2703 3774 4485 
7699 2286 4384 4486 
7700 2625 2626 2627 
7701 593 591 615 
7702 1725 1724 3236 
7703 594 592 595 
7704 592 593 3243 
7705 1724 1882 1960 
7706 513 514 515 
7707 2019 1852 2178 
7708 2203 2600 2992 
7709 4485 2286 4486 
7710 4484 3262 4486 
7711 622 624 4487 
7712 627 3865 4487 
7713 3262 4485 4486 
7714 3497 916 4488 
7715 916 865 4488 
7716 1871 1487 3221 
7717 592 591 593 
7718 513 512 514 
7719 590 592 594 
7720 2625 2163 2626 
7721 4497 1318 4500 
7722 1724 1486 1882 
7723 1487 1724 1725 
7724 2262 2795 3050 
7725 1856 1851 3227 
7726 2792 2224 3220 
7727 1851 1852 2019 
7728 2224 2856 2857 
7729 2203 2035 2600 
7730 2256 2858 2859 
7731 1852 1649 3237 
7732 624 627 4487 
7733 2354 2356 4489 
7734 2688 3246 4490 
7735 865 867 4488 
7736 2461 2688 4490 
7737 1309 3223 4500 
7738 3536 2462 4491 
7739 2358 2354 4489 
7740 3224 2461 4490 
7741 2162 2624 2631 
7742 590 591 592 
7743 511 512 513 
7744 1487 1486 1724 
7745 2794 1721 3198 
7746 2624 2163 2625 
7747 1485 1487 1871 
7748 2262 2794 2795 
7749 2256 2215 2858 
7750 1962 2035 2203 
7751 1851 1649 1852 
7752 2224 2211 2856 
7753 2222 2224 2792 
7754 2035 1961 2184 
7755 1648 1851 1856 
7756 2260 1962 3204 
7757 2225 2256 2850 
7758 647 3765 4494 
7759 2438 4021 4494 
7760 2462 3225 4491 
7761 3692 3691 4495 
7762 1281 1477 4496 
7763 2438 4495 4506 
7764 2358 4489 4492 
7765 3225 3226 4493 
7766 4489 3231 4492 
7767 1423 1318 4497 
7768 3755 3754 4498 
7769 4491 3225 4493 
7770 4021 647 4494 
7771 1311 1309 4500 
7772 2277 3208 4501 
7773 3801 1298 4502 
7774 1298 1296 4502 
7775 4497 3210 4508 
7776 2161 2676 4503 
7777 1917 1795 4503 
7778 3691 3773 4495 
7779 3208 2737 4504 
7780 2279 3219 4505 
7781 2072 2069 4505 
7782 1477 1917 4496 
7783 3761 2343 4507 
7784 2674 2357 4506 
7785 3773 1730 4508 
7786 2162 2163 2624 
7787 2262 1721 2794 
7788 511 510 512 
7789 590 589 591 
7790 509 511 2271 
7791 1485 1486 1487 
7792 1686 1962 2260 
7793 1649 1391 3187 
7794 2225 2215 2256 
7795 1648 1649 1851 
7796 1962 1961 2035 
7797 2546 2906 2907 
7798 3156 1392 3199 
7799 2249 2974 3179 
7800 2222 2211 2224 
7801 1730 1423 4497 
7802 3754 1883 4498 
7803 1011 3212 4509 
7804 4498 1883 4501 
7805 1318 1311 4500 
7806 1883 2277 4501 
7807 1296 1381 4502 
7808 1795 2161 4503 
7809 2737 3763 4504 
7810 2069 2279 4505 
7811 2343 3216 4507 
7812 3210 2674 4508 
7813 4495 3773 4506 
7814 2674 4506 4508 
7815 4506 3773 4508 
7816 3212 2671 4509 
7817 2671 3768 4509 
7818 1484 3186 3215 
7819 510 508 1060 
7820 2263 1988 2264 
7821 2162 1802 2163 
7822 1485 1484 1486 
7823 588 589 590 
7824 2261 1721 2262 
7825 509 510 511 
7826 1686 1961 1962 
7827 1648 1391 1649 
7828 2210 2211 2222 
7829 2250 2248 3052 
7830 3155 1392 3156 
7831 2546 2547 2906 
7832 2249 2250 2974 
7833 2214 2215 2225 
7834 3190 1685 3197 
7835 1285 1988 2263 
7836 1286 1721 2261 
7837 588 587 589 
7838 1398 1484 1485 
7839 586 588 1488 
7840 509 508 510 
7841 1484 505 3186 
7842 1988 1802 2162 
7843 2209 3181 3189 
7844 2210 2209 2211 
7845 1686 1684 1961 
7846 2249 2248 2250 
7847 1392 1391 1648 
7848 2546 2266 2547 
7849 1684 1685 3190 
7850 1155 1392 3155 
7851 2214 2213 2215 
7852 2213 3180 3188 
7853 586 587 588 
7854 1285 1802 1988 
7855 507 508 509 
7856 587 585 1483 
7857 1398 505 1484 
7858 1286 1398 1721 
7859 1802 584 3214 
7860 1684 1407 1685 
7861 2209 1872 3181 
7862 2213 1422 3180 
7863 2208 2209 2210 
7864 2014 2266 2546 
7865 1155 1391 1392 
7866 1145 2248 2249 
7867 1406 1684 1686 
7868 2212 2213 2214 
7869 2948 2949 2950 
7870 507 506 508 
7871 586 585 587 
7872 1285 584 1802 
7873 1286 505 1398 
7874 1407 1185 3171 
7875 2212 1422 2213 
7876 2208 1872 2209 
7877 1145 1051 2248 
7878 2014 1482 2266 
7879 1155 1144 1391 
7880 1406 1407 1684 
7881 2948 2912 2949 
7882 2630 3168 4510 
7883 583 585 586 
7884 582 584 1285 
7885 503 505 1286 
7886 504 506 507 
7887 584 583 3184 
7888 3139 3105 3147 
7889 1050 1144 1155 
7890 1406 1185 1407 
7891 1422 1421 2015 
7892 1144 1051 1145 
7893 1872 1482 2014 
7894 1133 1872 2208 
7895 1171 1422 2212 
7896 3245 2630 4510 
7897 2946 2912 2948 
7898 2911 2946 2947 
7899 1488 588 4511 
7900 590 594 4511 
7901 3169 3167 4513 
7902 503 504 505 
7903 583 581 585 
7904 504 502 506 
7905 582 583 584 
7906 3138 3105 3139 
7907 3134 1152 3185 
7908 1050 1051 1144 
7909 1185 1149 1461 
7910 1421 1056 1478 
7911 1133 1482 1872 
7912 1171 1421 1422 
7913 1152 1185 1406 
7914 656 1033 4512 
7915 2911 2912 2946 
7916 588 590 4511 
7917 2947 4615 4689 
7918 3167 2629 4513 
7919 654 656 4512 
7920 3168 3201 4515 
7921 4859 467 4877 
7922 3260 652 4514 
7923 652 654 4514 
7924 3201 720 4515 
7925 720 722 4515 
7926 3104 3105 3138 
7927 503 502 504 
7928 582 581 583 
7929 1133 972 1482 
7930 1171 1056 1421 
7931 1050 971 1051 
7932 1055 1152 3134 
7933 1152 1149 1185 
7934 3159 3260 4514 
7935 2629 3170 4513 
7936 3195 3245 4997 
7937 2911 2909 2912 
7938 3259 3166 4516 
7939 722 1158 4515 
7940 3166 3200 4516 
7941 654 4512 4514 
7942 3153 3064 3154 
7943 2844 2846 4517 
7944 580 581 582 
7945 1444 580 3160 
7946 501 502 503 
7947 1445 501 3162 
7948 3104 1868 3105 
7949 932 972 1133 
7950 970 1056 1171 
7951 972 971 1050 
7952 1055 1149 1152 
7953 2910 2909 2911 
7954 3474 2845 4537 
7955 1129 4548 4728 
7956 3063 3064 3153 
7957 2949 2912 4539 
7958 4878 4564 4895 
7959 4217 3290 4540 
7960 2649 2254 4540 
7961 3009 2641 4541 
7962 4476 2808 4541 
7963 253 254 3076 
7964 68 69 3078 
7965 3153 1993 4592 
7966 2972 2730 4518 
7967 510 1060 4557 
7968 3244 512 4557 
7969 3475 3474 4537 
7970 1765 3149 4642 
7971 579 2665 3158 
7972 580 579 581 
7973 578 580 1444 
7974 501 500 502 
7975 499 501 1445 
7976 500 1868 3104 
7977 283 284 1584 
7978 281 282 445 
7979 290 291 1870 
7980 285 286 482 
7981 288 289 979 
7982 282 283 4523 
7983 284 285 4522 
7984 243 244 1583 
7985 246 247 426 
7986 248 249 1585 
7987 247 248 4524 
7988 242 243 4530 
7989 94 95 433 
7990 101 102 813 
7991 96 97 1586 
7992 98 99 461 
7993 104 105 1127 
7994 106 107 2244 
7995 97 98 4525 
7996 59 60 419 
7997 61 62 1587 
7998 64 65 412 
7999 45 46 1869 
8000 46 47 4526 
8001 92 93 1653 
8002 56 57 1715 
8003 53 54 4529 
8004 54 55 446 
8005 52 53 1588 
8006 47 48 978 
8007 50 51 481 
8008 51 52 4528 
8009 55 56 4527 
8010 278 279 1720 
8011 87 88 1589 
8012 89 90 425 
8013 86 87 4531 
8014 88 89 4532 
8015 271 272 411 
8016 274 275 1590 
8017 276 277 420 
8018 275 276 4533 
8019 230 231 4535 
8020 241 242 434 
8021 229 230 2245 
8022 231 232 1128 
8023 234 235 814 
8024 237 238 462 
8025 239 240 1591 
8026 240 241 4534 
8027 238 239 4536 
8028 1055 969 1149 
8029 970 1055 1056 
8030 971 931 3176 
8031 932 971 972 
8032 3263 3143 4606 
8033 3013 3011 3018 
8034 3023 3021 3028 
8035 4877 4568 4898 
8036 2232 2909 2910 
8037 3063 3153 4592 
8038 2903 4118 4538 
8039 1609 3048 4720 
8040 2912 2909 4539 
8041 2254 4217 4540 
8042 2641 4476 4541 
8043 4691 2857 4759 
8044 4836 3516 4854 
8045 2996 660 5025 
8046 2159 3063 4600 
8047 1643 4567 4835 
8048 3281 1613 4863 
8049 1654 4564 4878 
8050 4566 5015 5018 
8051 512 510 4557 
8052 2645 2646 4558 
8053 2402 2636 4590 
8054 3042 2404 4590 
8055 3130 3019 3131 
8056 4050 4090 4591 
8057 4692 3083 4860 
8058 1993 1698 4592 
8059 78 3019 3130 
8060 263 3029 3133 
8061 2238 2612 4593 
8062 285 482 4522 
8063 445 282 4523 
8064 283 1584 4523 
8065 1584 284 4522 
8066 426 247 4524 
8067 248 1585 4524 
8068 243 1583 4530 
8069 1586 97 4525 
8070 98 461 4525 
8071 1869 46 4526 
8072 47 978 4526 
8073 56 1715 4527 
8074 1588 53 4529 
8075 54 446 4529 
8076 446 55 4527 
8077 481 51 4528 
8078 52 1588 4528 
8079 434 242 4530 
8080 87 1589 4531 
8081 89 425 4532 
8082 1589 88 4532 
8083 276 420 4533 
8084 1590 275 4533 
8085 231 1128 4535 
8086 2245 230 4535 
8087 239 1591 4536 
8088 1591 240 4534 
8089 241 434 4534 
8090 462 238 4536 
8091 4898 1607 4912 
8092 3823 3741 4594 
8093 2265 2617 4594 
8094 2981 2980 5013 
8095 4671 2955 4849 
8096 3063 4592 4600 
8097 2607 2608 2609 
8098 2604 2605 2606 
8099 65 66 4595 
8100 3031 4014 4736 
8101 115 116 1631 
8102 225 226 1465 
8103 216 217 1601 
8104 218 219 465 
8105 220 221 1623 
8106 222 223 612 
8107 215 216 4550 
8108 223 224 4545 
8109 224 225 4544 
8110 127 128 4546 
8111 128 129 4547 
8112 126 127 464 
8113 133 134 4548 
8114 123 124 1600 
8115 134 135 2246 
8116 132 133 1129 
8117 113 114 611 
8118 129 130 816 
8119 110 111 1464 
8120 122 123 4551 
8121 114 115 4549 
8122 214 215 432 
8123 121 122 431 
8124 201 202 2247 
8125 202 203 4552 
8126 203 204 1130 
8127 206 207 815 
8128 205 206 4553 
8129 209 210 463 
8130 211 212 1624 
8131 212 213 4555 
8132 210 211 4554 
8133 119 120 1650 
8134 120 121 4556 
8135 117 118 466 
8136 3063 3062 3064 
8137 2839 2480 4596 
8138 4170 3107 4596 
8139 4629 3150 4640 
8140 1171 2212 3074 
8141 1133 2208 3075 
8142 2793 3004 3005 
8143 339 340 409 
8144 387 388 4559 
8145 358 359 817 
8146 367 368 421 
8147 369 370 1622 
8148 381 382 479 
8149 325 326 1637 
8150 327 328 942 
8151 330 331 480 
8152 334 335 443 
8153 362 363 395 
8154 365 366 1603 
8155 374 375 1632 
8156 379 380 1654 
8157 384 385 943 
8158 377 378 444 
8159 326 327 4562 
8160 332 333 1604 
8161 336 337 1628 
8162 360 361 1605 
8163 372 373 410 
8164 386 387 1636 
8165 385 386 4561 
8166 361 362 4560 
8167 380 381 4564 
8168 359 360 4565 
8169 169 170 1602 
8170 198 199 4566 
8171 184 185 1627 
8172 194 195 614 
8173 197 198 1467 
8174 175 176 818 
8175 178 179 407 
8176 182 183 468 
8177 190 191 467 
8178 192 193 1607 
8179 172 173 408 
8180 186 187 423 
8181 188 189 1643 
8182 180 181 1606 
8183 189 190 4567 
8184 191 192 4568 
8185 193 194 4569 
8186 141 142 613 
8187 143 144 1608 
8188 151 152 1638 
8189 138 139 1468 
8190 145 146 469 
8191 149 150 424 
8192 147 148 1609 
8193 355 356 393 
8194 167 168 400 
8195 153 154 470 
8196 155 156 1611 
8197 159 160 1610 
8198 162 163 403 
8199 164 165 1691 
8200 157 158 406 
8201 341 342 4570 
8202 352 353 821 
8203 343 344 4571 
8204 342 343 1612 
8205 347 348 1655 
8206 344 345 422 
8207 349 350 394 
8208 348 349 4572 
8209 3361 2869 4597 
8210 251 252 3081 
8211 66 67 3082 
8212 4912 4569 4933 
8213 4567 467 4859 
8214 2965 1464 4808 
8215 2262 3050 4598 
8216 1702 1814 4600 
8217 2850 2256 4603 
8218 3532 2972 4604 
8219 2991 3979 4604 
8220 1128 4801 4812 
8221 3684 3685 4605 
8222 2853 4059 4605 
8223 2793 2656 3004 
8224 4844 1612 4858 
8225 2212 3058 3074 
8226 2208 3057 3075 
8227 3396 3397 4607 
8228 3324 4555 4995 
8229 2625 2628 4608 
8230 4141 4642 4680 
8231 2661 4578 4848 
8232 928 930 1598 
8233 939 941 1599 
8234 2404 2402 4590 
8235 3143 3142 4606 
8236 2898 2939 4753 
8237 2888 2940 4754 
8238 2123 4050 4591 
8239 1698 1700 4592 
8240 578 579 580 
8241 579 577 2665 
8242 500 498 1868 
8243 499 500 501 
8244 2564 2238 4593 
8245 467 4568 4877 
8246 1515 3263 4606 
8247 970 969 1055 
8248 932 931 971 
8249 4828 2971 5006 
8250 3163 2261 4598 
8251 3741 2265 4594 
8252 351 4782 4966 
8253 460 86 4531 
8254 4688 1810 4894 
8255 4998 1467 5018 
8256 468 3097 4675 
8257 4570 1612 4844 
8258 615 591 4615 
8259 363 364 4589 
8260 482 286 4599 
8261 2995 463 4833 
8262 4150 177 4644 
8263 2232 2908 2909 
8264 612 223 4545 
8265 224 4544 4545 
8266 225 1465 4544 
8267 4546 128 4547 
8268 464 127 4546 
8269 134 2246 4548 
8270 1129 133 4548 
8271 129 816 4547 
8272 611 114 4549 
8273 216 1601 4550 
8274 123 1600 4551 
8275 432 215 4550 
8276 431 122 4551 
8277 2247 202 4552 
8278 203 1130 4552 
8279 115 1631 4549 
8280 206 815 4553 
8281 121 431 4556 
8282 463 210 4554 
8283 1624 212 4555 
8284 211 1624 4554 
8285 1650 120 4556 
8286 4592 1700 4600 
8287 3009 1618 5003 
8288 4568 1607 4898 
8289 2480 4170 4596 
8290 27 28 4585 
8291 33 34 454 
8292 295 296 1378 
8293 14 15 2153 
8294 300 301 1619 
8295 302 303 453 
8296 304 305 1613 
8297 305 306 4579 
8298 307 308 413 
8299 309 310 1618 
8300 312 313 447 
8301 314 315 1614 
8302 316 317 489 
8303 319 320 1091 
8304 321 322 2154 
8305 16 17 1090 
8306 18 19 4581 
8307 19 20 490 
8308 23 24 448 
8309 28 29 414 
8310 35 36 1617 
8311 37 38 788 
8312 40 41 1379 
8313 42 43 2635 
8314 21 22 1615 
8315 26 27 1635 
8316 30 31 1616 
8317 38 39 4582 
8318 39 40 4583 
8319 293 294 2634 
8320 298 299 787 
8321 299 300 4577 
8322 306 307 4578 
8323 308 309 4580 
8324 15 16 4588 
8325 29 30 4576 
8326 31 32 4586 
8327 20 21 4575 
8328 22 23 4584 
8329 315 316 4587 
8330 4820 2914 4837 
8331 2159 2158 3061 
8332 3322 3324 4620 
8333 4479 3323 4620 
8334 2915 2255 4520 
8335 2540 2847 4621 
8336 1637 326 4562 
8337 1636 387 4559 
8338 1605 361 4560 
8339 327 942 4562 
8340 381 479 4564 
8341 943 385 4561 
8342 1654 380 4564 
8343 386 1636 4561 
8344 362 395 4560 
8345 360 1605 4565 
8346 817 359 4565 
8347 1643 189 4567 
8348 192 1607 4568 
8349 1467 198 4566 
8350 194 614 4569 
8351 190 467 4567 
8352 467 191 4568 
8353 1607 193 4569 
8354 1612 343 4571 
8355 342 1612 4570 
8356 344 422 4571 
8357 1655 348 4572 
8358 349 394 4572 
8359 1765 1762 4623 
8360 3005 399 4880 
8361 2812 3361 4597 
8362 2857 2856 4817 
8363 2859 2858 4818 
8364 412 65 4595 
8365 1607 4569 4912 
8366 578 1444 3054 
8367 499 1445 3053 
8368 2261 2262 4598 
8369 1700 1702 4600 
8370 258 259 3129 
8371 73 74 3132 
8372 4554 3318 4833 
8373 2256 2859 4603 
8374 3658 1650 4813 
8375 3979 3532 4604 
8376 1813 4141 4680 
8377 3110 2608 4918 
8378 286 287 4599 
8379 1996 2185 4626 
8380 395 363 4589 
8381 1623 3401 4825 
8382 2544 2543 2788 
8383 2542 2541 2790 
8384 4059 3684 4605 
8385 3142 3146 4606 
8386 4569 614 4933 
8387 174 175 4622 
8388 2656 2654 3003 
8389 1149 969 4616 
8390 2653 2651 4717 
8391 4678 2153 4679 
8392 4591 4090 4640 
8393 2548 2870 4631 
8394 4434 4433 4631 
8395 3173 1461 4616 
8396 288 979 4618 
8397 813 102 4619 
8398 3397 4479 4607 
8399 3048 1609 4739 
8400 2624 2625 4608 
8401 1614 4587 4597 
8402 2882 3118 3119 
8403 2553 3042 4634 
8404 3055 2555 4634 
8405 3922 2989 4635 
8406 3002 2585 4635 
8407 1467 4566 5018 
8408 2663 3823 4636 
8409 3037 2662 4636 
8410 2123 4591 4623 
8411 3119 3120 4639 
8412 2609 3110 3111 
8413 1515 4606 4629 
8414 4895 479 4906 
8415 3133 3029 4688 
8416 124 125 4632 
8417 166 3127 4609 
8418 1705 1703 4638 
8419 1815 1704 3071 
8420 815 207 4610 
8421 1947 3089 5043 
8422 1657 2544 4682 
8423 1658 2542 4683 
8424 1691 165 4609 
8425 4603 2859 4938 
8426 3131 1809 4893 
8427 165 166 4609 
8428 3150 4591 4640 
8429 832 3767 4640 
8430 365 1603 4611 
8431 180 1606 4612 
8432 407 179 4612 
8433 2255 2596 4520 
8434 218 465 4617 
8435 1601 217 4617 
8436 4564 479 4895 
8437 104 1127 4633 
8438 3149 3144 4642 
8439 613 142 4613 
8440 143 1608 4613 
8441 3271 3270 4643 
8442 4424 2942 4643 
8443 942 328 4614 
8444 207 208 4610 
8445 3105 1868 4637 
8446 591 589 4615 
8447 3010 3129 4542 
8448 3020 3132 4543 
8449 939 1599 5057 
8450 928 1598 5056 
8451 3064 3062 4860 
8452 2567 2990 4646 
8453 3036 2569 4646 
8454 364 365 4611 
8455 4599 287 4618 
8456 807 2004 2199 
8457 883 2005 2024 
8458 424 3776 4772 
8459 179 180 4612 
8460 4589 364 4611 
8461 2159 3062 3063 
8462 2980 4746 5013 
8463 1586 3030 5063 
8464 1635 27 4585 
8465 28 414 4585 
8466 306 4578 4579 
8467 788 38 4582 
8468 787 299 4577 
8469 1613 305 4579 
8470 413 308 4580 
8471 40 1379 4583 
8472 4582 39 4583 
8473 300 1619 4577 
8474 307 413 4578 
8475 309 1618 4580 
8476 19 490 4581 
8477 414 29 4576 
8478 16 1090 4588 
8479 30 1616 4576 
8480 1616 31 4586 
8481 2153 15 4588 
8482 490 20 4575 
8483 21 1615 4575 
8484 1615 22 4584 
8485 23 448 4584 
8486 1614 315 4587 
8487 316 489 4587 
8488 3100 140 4690 
8489 4606 3146 4629 
8490 142 143 4613 
8491 328 329 4614 
8492 2635 3043 4843 
8493 3198 1871 4654 
8494 4858 4571 4868 
8495 259 4 392 
8496 11 77 391 
8497 74 10 390 
8498 5 262 389 
8499 1387 253 3076 
8500 1388 68 3078 
8501 177 178 4644 
8502 3097 468 4697 
8503 1617 3034 4876 
8504 3323 3322 4620 
8505 1445 3163 4901 
8506 1444 3161 4900 
8507 4478 409 4810 
8508 383 384 4649 
8509 4341 2877 4657 
8510 4566 4665 5015 
8511 217 218 4617 
8512 2824 404 4751 
8513 2823 401 4752 
8514 287 288 4618 
8515 102 103 4619 
8516 3127 3128 4609 
8517 3555 4434 4659 
8518 3313 2610 4659 
8519 290 1870 4645 
8520 979 289 4645 
8521 931 929 1466 
8522 3343 2540 4621 
8523 3767 1515 4629 
8524 2566 3228 4729 
8525 330 480 4630 
8526 1762 2123 4623 
8527 2609 3111 4601 
8528 3685 3683 4632 
8529 2586 3002 4663 
8530 2232 2231 2908 
8531 1612 4571 4858 
8532 2199 2825 4672 
8533 2564 4593 4651 
8534 291 292 4660 
8535 44 45 4661 
8536 3084 461 4791 
8537 58 3978 5016 
8538 3056 1091 4778 
8539 136 137 4664 
8540 3097 2582 4675 
8541 2579 3055 4675 
8542 941 969 970 
8543 930 931 932 
8544 2664 3037 4677 
8545 4499 2677 4677 
8546 82 83 3077 
8547 4352 444 4851 
8548 3756 2851 4681 
8549 3790 3787 4681 
8550 3196 726 4990 
8551 576 3054 4743 
8552 497 3053 4742 
8553 417 10 4647 
8554 415 4 4648 
8555 79 1457 3019 
8556 264 1458 3029 
8557 576 578 3054 
8558 497 499 3053 
8559 80 81 3085 
8560 265 266 3086 
8561 199 200 4665 
8562 2603 3271 4685 
8563 4284 2602 4685 
8564 2717 1996 4626 
8565 1127 105 4662 
8566 106 2244 4662 
8567 254 396 3076 
8568 69 398 3078 
8569 2655 2654 2656 
8570 311 312 4624 
8571 313 314 4625 
8572 175 818 4622 
8573 2159 3061 3062 
8574 1603 366 4641 
8575 367 421 4641 
8576 4581 2934 4776 
8577 346 347 4676 
8578 409 4478 4797 
8579 587 1483 4689 
8580 2898 4753 4920 
8581 2888 4754 4919 
8582 3146 3150 4629 
8583 2022 3653 4693 
8584 2928 2929 4694 
8585 3994 3995 4694 
8586 1627 4473 4722 
8587 312 447 4624 
8588 447 313 4625 
8589 314 1614 4625 
8590 84 85 3083 
8591 4559 4679 5074 
8592 3675 2932 4696 
8593 4433 2548 4631 
8594 2938 1815 3071 
8595 2624 4608 4655 
8596 182 468 4650 
8597 1606 181 4650 
8598 4619 103 4633 
8599 432 3324 4995 
8600 1461 1149 4616 
8601 77 78 3130 
8602 262 263 3133 
8603 1608 144 4652 
8604 145 469 4652 
8605 25 26 4673 
8606 2609 2608 3110 
8607 4190 3825 4700 
8608 2587 2812 4701 
8609 4096 4095 4701 
8610 3311 2717 4703 
8611 757 4032 4703 
8612 3070 3017 3079 
8613 3067 3027 3080 
8614 413 3041 4848 
8615 2864 2590 4707 
8616 3312 3313 4707 
8617 252 1387 3081 
8618 67 1388 3082 
8619 329 330 4630 
8620 140 141 4690 
8621 4614 329 4630 
8622 2555 2553 4634 
8623 2594 3116 4723 
8624 3776 424 4793 
8625 2585 3922 4635 
8626 612 4545 4724 
8627 444 4352 4831 
8628 332 1604 4658 
8629 480 331 4658 
8630 2662 2663 4636 
8631 2852 4547 4955 
8632 578 577 579 
8633 499 498 500 
8634 103 104 4633 
8635 3294 1587 4904 
8636 2650 2988 4714 
8637 3676 2718 4714 
8638 3007 2609 4601 
8639 1600 124 4632 
8640 2558 3676 4715 
8641 4283 4284 4718 
8642 3717 2614 4718 
8643 459 251 3081 
8644 2881 2789 2882 
8645 2891 2791 2892 
8646 3343 4944 4977 
8647 3755 4499 4720 
8648 3048 2623 4720 
8649 2595 3097 4722 
8650 4473 2786 4722 
8651 3757 2594 4723 
8652 1703 2133 4638 
8653 1638 3098 4814 
8654 2656 3003 3004 
8655 2639 2640 4724 
8656 2274 4936 5026 
8657 4868 422 4886 
8658 3343 4621 4944 
8659 689 4296 4729 
8660 2782 2566 4729 
8661 2607 2053 2608 
8662 2604 2054 2605 
8663 421 368 4684 
8664 369 1622 4684 
8665 3469 3524 4731 
8666 2637 2639 4732 
8667 2956 2958 4771 
8668 4209 1879 4734 
8669 2041 2042 4736 
8670 4014 2270 4736 
8671 4563 4737 4907 
8672 66 3082 4595 
8673 4090 832 4640 
8674 3460 3341 4695 
8675 3004 3003 4788 
8676 4571 422 4868 
8677 2973 3031 4777 
8678 1583 2985 5030 
8679 3789 3790 4730 
8680 3144 3145 4642 
8681 2970 3675 4755 
8682 4615 589 4689 
8683 184 1627 4697 
8684 468 183 4697 
8685 469 146 4699 
8686 147 1609 4699 
8687 396 255 4740 
8688 398 70 4741 
8689 2561 2916 4759 
8690 2563 3151 4760 
8691 3270 4424 4643 
8692 2911 2947 4761 
8693 3036 2244 5005 
8694 3840 3988 4762 
8695 3147 3105 4637 
8696 1604 333 4704 
8697 334 443 4704 
8698 2999 397 4795 
8699 366 367 4641 
8700 2199 2200 2825 
8701 664 666 4764 
8702 437 415 1806 
8703 435 417 1807 
8704 4445 3716 4765 
8705 3715 3717 4765 
8706 4585 2901 4956 
8707 485 493 1657 
8708 483 491 1658 
8709 110 1464 4710 
8710 429 441 1718 
8711 427 439 1719 
8712 886 473 888 
8713 457 477 488 
8714 889 471 891 
8715 455 475 487 
8716 3178 927 4780 
8717 3103 4653 4728 
8718 2618 2928 4767 
8719 3745 3743 4768 
8720 2611 4335 4768 
8721 2992 2600 4769 
8722 2569 2567 4646 
8723 1616 3092 4911 
8724 4473 1627 4744 
8725 346 4676 4899 
8726 289 290 4645 
8727 2566 2564 4651 
8728 3093 1812 5042 
8729 2924 2956 4771 
8730 1879 4254 4771 
8731 2825 2200 4770 
8732 3776 2622 4772 
8733 2621 3048 4772 
8734 3818 4473 4775 
8735 3061 2917 4692 
8736 2552 2973 4777 
8737 2042 3814 4777 
8738 404 427 4751 
8739 401 429 4752 
8740 3157 2201 4653 
8741 14 2153 4678 
8742 2854 2593 2960 
8743 4782 2941 4966 
8744 3929 2952 4783 
8745 268 1390 4880 
8746 181 182 4650 
8747 1622 370 4719 
8748 2201 3791 4653 
8749 144 145 4652 
8750 3006 2606 4823 
8751 2824 4753 5065 
8752 2823 4754 5064 
8753 11 401 2823 
8754 5 404 2824 
8755 423 4558 4775 
8756 4558 2646 4775 
8757 2794 3198 4654 
8758 132 1129 4730 
8759 178 407 4644 
8760 2730 3084 4791 
8761 2631 2624 4655 
8762 1639 3010 3011 
8763 1641 3020 3021 
8764 3145 3148 4680 
8765 384 943 4649 
8766 3098 1638 4832 
8767 3460 4695 5037 
8768 3744 3745 4800 
8769 2863 2666 4800 
8770 2648 3296 4801 
8771 470 4161 4856 
8772 351 352 4782 
8773 3228 2620 4802 
8774 443 335 4733 
8775 336 1628 4733 
8776 372 410 4735 
8777 295 1378 4698 
8778 2634 294 4698 
8779 1038 4702 4726 
8780 2851 2852 4955 
8781 2232 2910 4850 
8782 222 612 4758 
8783 1623 221 4758 
8784 4549 1631 4767 
8785 2933 4341 4657 
8786 2154 4737 4992 
8787 1609 148 4739 
8788 149 424 4739 
8789 1627 185 4744 
8790 186 423 4744 
8791 2878 3135 5052 
8792 492 484 495 
8793 494 486 574 
8794 2632 2833 4809 
8795 2840 2633 4810 
8796 2780 4478 4810 
8797 2610 3555 4659 
8798 1177 1410 4639 
8799 2983 2598 4813 
8800 1478 2998 5036 
8801 1635 4585 4956 
8802 3727 3776 4814 
8803 3098 2831 4814 
8804 4642 3145 4680 
8805 4638 2133 4700 
8806 1039 4717 4725 
8807 2957 1720 5053 
8808 2658 2656 2793 
8809 4781 4601 4838 
8810 245 3487 4846 
8811 4907 4737 4981 
8812 331 332 4658 
8813 4621 2847 4933 
8814 2854 2960 4887 
8815 3072 466 4867 
8816 1947 2051 4819 
8817 3634 2586 4663 
8818 1657 2169 2543 
8819 1658 2170 2541 
8820 3124 3121 4794 
8821 1033 3099 4936 
8822 3161 4666 4900 
8823 3163 4667 4901 
8824 4575 1615 4830 
8825 4588 1090 4657 
8826 2613 2199 4672 
8827 105 106 4662 
8828 466 3073 4925 
8829 2797 3360 4827 
8830 4399 2644 4830 
8831 233 234 4820 
8832 3054 4900 4916 
8833 3053 4901 4917 
8834 2645 4558 4816 
8835 1870 291 4660 
8836 45 1869 4661 
8837 3158 2665 4826 
8838 4706 3095 4960 
8839 4705 3096 4959 
8840 383 4649 4923 
8841 788 4582 4696 
8842 472 890 922 
8843 474 887 933 
8844 3030 433 5063 
8845 2259 2840 4844 
8846 2264 3110 4918 
8847 1628 337 4779 
8848 3302 3654 4847 
8849 25 4673 4882 
8850 1617 36 4727 
8851 37 788 4727 
8852 2840 4570 4844 
8853 2652 2654 2655 
8854 410 373 4784 
8855 374 1632 4784 
8856 49 50 4836 
8857 2798 4352 4851 
8858 4275 2800 4851 
8859 730 732 4852 
8860 896 888 897 
8861 894 891 895 
8862 3123 3122 4996 
8863 4602 887 4834 
8864 2582 2579 4675 
8865 2832 3098 4856 
8866 4161 4160 4856 
8867 108 109 4670 
8868 227 228 4671 
8869 2677 2664 4677 
8870 3341 3342 4695 
8871 658 660 4861 
8872 423 187 4792 
8873 188 1643 4792 
8874 419 3039 5051 
8875 4624 3009 5003 
8876 354 355 4828 
8877 424 150 4793 
8878 151 1638 4793 
8879 4566 199 4665 
8880 4679 2153 5028 
8881 2886 2884 2889 
8882 2896 2894 2899 
8883 3787 3756 4681 
8884 2154 322 4737 
8885 339 409 4797 
8886 2661 2660 4863 
8887 2053 1984 2643 
8888 2054 1985 2642 
8889 1128 232 4837 
8890 392 4 415 
8891 11 391 401 
8892 390 10 417 
8893 5 389 404 
8894 1611 3944 4892 
8895 4275 1654 4878 
8896 2196 4602 4834 
8897 456 440 1039 
8898 458 442 1038 
8899 4558 423 4792 
8900 1130 204 4803 
8901 205 4553 4803 
8902 259 392 3129 
8903 74 390 3132 
8904 488 4682 5049 
8905 487 4683 5050 
8906 2951 2855 4656 
8907 1583 244 4846 
8908 496 495 807 
8909 575 574 883 
8910 3135 2260 5052 
8911 734 757 4839 
8912 3192 3193 4870 
8913 3079 1640 5057 
8914 3080 1642 5056 
8915 3220 2857 4691 
8916 2984 2983 4875 
8917 236 237 4865 
8918 4274 4275 4878 
8919 281 445 4853 
8920 2602 2603 4685 
8921 457 488 4708 
8922 455 487 4709 
8923 2805 4134 4881 
8924 978 48 4854 
8925 3914 3458 4885 
8926 4161 470 4869 
8927 4347 465 5031 
8928 2871 2802 4886 
8929 3120 3118 3121 
8930 2789 2788 3117 
8931 2791 2790 3122 
8932 2025 2231 2232 
8933 319 1091 4766 
8934 347 1655 4676 
8935 13 14 4678 
8936 3944 2860 4892 
8937 2861 4161 4892 
8938 1632 375 4815 
8939 2241 1663 4872 
8940 2240 1792 4873 
8941 368 369 4684 
8942 111 112 4808 
8943 220 1623 4825 
8944 465 219 4825 
8945 2808 3041 4913 
8946 2794 4654 4721 
8947 2826 3294 4904 
8948 2803 2871 4905 
8949 4553 3459 4803 
8950 4570 2840 4824 
8951 2874 2813 4906 
8952 4929 943 4947 
8953 409 340 4824 
8954 341 4570 4824 
8955 4713 1809 4942 
8956 2879 2619 4908 
8957 18 4581 4776 
8958 1090 17 4776 
8959 3071 2908 5014 
8960 3319 3318 4910 
8961 26 1635 4673 
8962 1091 320 4778 
8963 321 2154 4778 
8964 589 587 4689 
8965 888 473 4790 
8966 891 471 4789 
8967 614 4621 4933 
8968 4583 1379 4755 
8969 4632 125 4994 
8970 377 444 4831 
8971 1638 152 4832 
8972 153 470 4832 
8973 357 358 4879 
8974 453 3094 4855 
8975 3181 3183 4921 
8976 941 940 969 
8977 930 929 931 
8978 814 235 4889 
8979 2612 2022 4693 
8980 1465 226 4849 
8981 1389 3083 4692 
8982 2929 3994 4694 
8983 3943 3944 4928 
8984 2814 2874 4929 
8985 3247 2822 4931 
8986 2274 2669 4936 
8987 3487 3488 4846 
8988 3488 3486 5011 
8989 4607 4479 4970 
8990 3126 63 5012 
8991 576 577 578 
8992 497 498 499 
8993 4517 2846 4928 
8994 406 4517 4928 
8995 3119 3118 3120 
8996 2820 4120 4934 
8997 922 923 924 
8998 933 934 935 
8999 724 726 4939 
9000 4695 1130 5037 
9001 2932 2931 4696 
9002 3092 3760 4911 
9003 4512 1033 4936 
9004 4687 3124 4930 
9005 3524 2828 4943 
9006 2606 3051 4823 
9007 1654 4275 4864 
9008 4537 2845 4971 
9009 2829 3232 4949 
9010 1812 1813 4738 
9011 3026 3065 3066 
9012 3016 3068 3069 
9013 3017 3015 4950 
9014 3027 3025 4951 
9015 2902 3264 4956 
9016 3825 898 5077 
9017 3710 4302 4961 
9018 2996 2848 5072 
9019 2821 2941 4967 
9020 2937 2841 4969 
9021 2263 2264 4918 
9022 1610 4537 4971 
9023 4632 3683 4984 
9024 2133 4190 4700 
9025 4095 2587 4701 
9026 2975 2806 4799 
9027 2844 4517 4971 
9028 2608 2053 4666 
9029 2605 2054 4667 
9030 3682 3738 4984 
9031 3245 4510 4997 
9032 4032 3311 4703 
9033 119 1650 4867 
9034 466 118 4867 
9035 2053 2643 4666 
9036 2054 2642 4667 
9037 3339 3343 4998 
9038 3977 3978 5051 
9039 141 613 4690 
9040 3008 4123 5004 
9041 58 59 4952 
9042 1796 1947 5043 
9043 3709 3711 5039 
9044 2015 1421 5036 
9045 2830 2971 5007 
9046 2026 2659 4887 
9047 3486 2773 5011 
9048 4277 2985 5011 
9049 4085 3583 5033 
9050 444 378 4864 
9051 379 1654 4864 
9052 2868 3475 5027 
9053 2647 2914 4866 
9054 209 463 4874 
9055 3003 2982 4788 
9056 728 848 4990 
9057 183 184 4697 
9058 146 147 4699 
9059 3000 2886 4711 
9060 3001 2896 4712 
9061 1636 4559 5074 
9062 470 154 4869 
9063 155 1611 4869 
9064 273 274 4985 
9065 2590 3312 4707 
9066 271 411 4926 
9067 1637 4563 4907 
9068 2903 4538 5060 
9069 3944 1611 4909 
9070 255 256 4740 
9071 70 71 4741 
9072 4203 2240 4922 
9073 63 64 5012 
9074 4670 109 4710 
9075 91 92 5023 
9076 4538 4118 5027 
9077 403 4538 5027 
9078 333 334 4704 
9079 1024 897 1026 
9080 1022 895 1023 
9081 294 295 4698 
9082 135 1 4957 
9083 2 201 4958 
9084 4552 1130 4695 
9085 1 136 4957 
9086 200 2 4958 
9087 411 272 4968 
9088 454 3088 4862 
9089 4520 1390 4773 
9090 4676 2871 4899 
9091 4544 1465 4732 
9092 96 1586 5063 
9093 433 95 5063 
9094 1807 417 4647 
9095 1806 415 4648 
9096 4520 2596 4674 
9097 3024 3026 4668 
9098 3014 3016 4669 
9099 3152 1585 5024 
9100 1720 279 5053 
9101 4597 4587 4993 
9102 1715 57 5016 
9103 425 90 5022 
9104 1585 249 5024 
9105 422 345 4899 
9106 75 76 857 
9107 260 261 858 
9108 3515 3516 4888 
9109 112 113 5046 
9110 296 297 4787 
9111 428 405 1810 
9112 418 436 1190 
9113 430 402 1809 
9114 416 438 1191 
9115 325 1637 4907 
9116 3108 3091 4705 
9117 3109 3090 4706 
9118 157 406 4909 
9119 1611 156 4909 
9120 42 2635 4843 
9121 1379 41 4843 
9122 256 1639 4740 
9123 71 1641 4741 
9124 1631 116 4925 
9125 117 466 4925 
9126 4947 4561 4965 
9127 3030 1586 5047 
9128 2718 2650 4714 
9129 109 110 4710 
9130 479 382 4923 
9131 292 6 4976 
9132 9 44 4975 
9133 1619 301 4855 
9134 302 453 4855 
9135 4577 1619 4715 
9136 3968 4096 4766 
9137 1600 4632 4984 
9138 107 12 4973 
9139 3 229 4972 
9140 940 938 2235 
9141 4517 406 4946 
9142 33 454 4862 
9143 4586 32 4862 
9144 6 293 4976 
9145 43 9 4975 
9146 12 108 4973 
9147 228 3 4972 
9148 924 925 926 
9149 935 936 937 
9150 614 195 4944 
9151 159 1610 4946 
9152 406 158 4946 
9153 3019 1457 4519 
9154 4649 2874 4923 
9155 666 668 4857 
9156 2943 2558 4715 
9157 3059 3066 5040 
9158 3060 3069 5041 
9159 2665 577 4756 
9160 1868 498 4757 
9161 2643 4750 4916 
9162 2642 4749 4917 
9163 126 464 4994 
9164 214 432 4995 
9165 4555 213 4995 
9166 2614 4283 4718 
9167 394 350 4966 
9168 943 4561 4947 
9169 4610 208 4874 
9170 197 1467 4977 
9171 4921 3183 4986 
9172 453 303 4871 
9173 304 1613 4871 
9174 488 4574 4708 
9175 487 4573 4709 
9176 4563 3106 4992 
9177 2025 2024 2231 
9178 454 34 4876 
9179 35 1617 4876 
9180 1610 160 4991 
9181 2623 3755 4720 
9182 4860 460 4935 
9183 2795 2794 4721 
9184 2786 2595 4722 
9185 4537 1610 4991 
9186 1176 1621 1645 
9187 1178 1620 1644 
9188 821 353 5006 
9189 162 403 5010 
9190 403 163 5038 
9191 164 1691 5038 
9192 448 24 4882 
9193 393 356 5035 
9194 1390 269 4773 
9195 4737 4563 4992 
9196 3026 3066 4668 
9197 3016 3069 4669 
9198 250 459 5024 
9199 2812 4597 4993 
9200 4597 2869 4948 
9201 4905 1655 4924 
9202 3685 4632 4994 
9203 370 371 4719 
9204 2640 3402 4724 
9205 4538 403 5038 
9206 4203 4922 4989 
9207 1178 1026 1377 
9208 1176 1023 1177 
9209 388 8 4978 
9210 3012 3011 3013 
9211 3022 3021 3023 
9212 3106 2945 4992 
9213 8 13 4978 
9214 4296 2782 4729 
9215 4649 943 4929 
9216 2796 2936 4915 
9217 2226 3060 5041 
9218 2223 3059 5040 
9219 2915 4520 4773 
9220 269 270 4773 
9221 4415 4610 4874 
9222 7 324 4981 
9223 3095 3015 4960 
9224 3096 3025 4959 
9225 3088 2572 5001 
9226 1586 4014 5047 
9227 2655 2656 2658 
9228 3471 3469 4731 
9229 323 7 4981 
9230 2953 2637 4732 
9231 926 927 928 
9232 937 938 939 
9233 4686 3119 4902 
9234 3318 2706 4833 
9235 1645 1985 2054 
9236 1644 1984 2053 
9237 4673 2977 4882 
9238 3183 2907 4986 
9239 131 132 4730 
9240 36 37 4727 
9241 2240 4873 4922 
9242 2241 4872 4921 
9243 3392 4347 5031 
9244 1657 493 2169 
9245 1658 491 2170 
9246 3018 4706 4960 
9247 3028 4705 4959 
9248 1642 926 5056 
9249 1640 937 5057 
9250 1614 4597 4948 
9251 886 888 896 
9252 889 891 894 
9253 2793 3005 4674 
9254 2470 4209 4734 
9255 2270 2041 4736 
9256 1620 1377 1687 
9257 1621 1177 1688 
9258 2852 2853 4932 
9259 4546 2852 4932 
9260 936 934 1087 
9261 925 923 1086 
9262 335 336 4733 
9263 1618 310 5003 
9264 2874 4649 4929 
9265 4621 614 4944 
9266 3131 3019 4519 
9267 371 372 4735 
9268 4573 2964 5059 
9269 4574 2963 5058 
9270 427 1719 4751 
9271 429 1718 4752 
9272 1039 440 4746 
9273 939 940 941 
9274 928 929 930 
9275 2891 2892 4687 
9276 2881 2882 4686 
9277 2793 4674 4845 
9278 416 415 437 
9279 401 402 429 
9280 418 417 435 
9281 404 405 427 
9282 3014 3013 3015 
9283 3024 3023 3025 
9284 2818 2999 4795 
9285 4719 371 4735 
9286 2969 2970 4755 
9287 4924 4572 4937 
9288 148 149 4739 
9289 492 495 496 
9290 494 574 575 
9291 1688 1177 4639 
9292 185 186 4744 
9293 3083 460 4860 
9294 3044 1806 4982 
9295 3046 1807 4983 
9296 4561 1636 4965 
9297 2788 2543 4627 
9298 2790 2541 4628 
9299 894 1022 2195 
9300 896 1024 2196 
9301 322 323 4737 
9302 2901 4585 4969 
9303 4805 3059 4883 
9304 4804 3060 4884 
9305 4089 2561 4759 
9306 3694 2563 4760 
9307 1613 4579 4863 
9308 2871 4676 4905 
9309 2892 3122 3123 
9310 2882 3117 3118 
9311 3401 3392 5031 
9312 2604 3006 5008 
9313 2607 3007 5009 
9314 2910 2911 4761 
9315 3864 3840 4762 
9316 221 222 4758 
9317 2200 2652 4770 
9318 4926 411 4943 
9319 3172 3173 4763 
9320 807 2199 2613 
9321 883 2024 2025 
9322 809 664 4764 
9323 922 890 923 
9324 933 887 934 
9325 3203 3202 4927 
9326 788 4696 5044 
9327 3716 3715 4765 
9328 3016 3015 3017 
9329 3026 3025 3027 
9330 1655 4572 4924 
9331 4551 3738 4875 
9332 2806 4399 4799 
9333 2967 2618 4767 
9334 3041 4321 4848 
9335 494 575 576 
9336 492 496 497 
9337 399 267 4880 
9338 3743 2611 4768 
9339 4657 1090 5048 
9340 3065 2223 5040 
9341 3068 2226 5041 
9342 896 897 1024 
9343 894 895 1022 
9344 227 4671 4849 
9345 2600 3203 4769 
9346 2952 4203 4989 
9347 4694 3995 5046 
9348 2882 2789 3117 
9349 2892 2791 3122 
9350 576 575 577 
9351 497 496 498 
9352 4795 3077 5045 
9353 3068 3017 3070 
9354 3065 3027 3067 
9355 2655 2658 2944 
9356 1719 439 4709 
9357 1718 441 4708 
9358 1639 3011 3012 
9359 1641 3021 3022 
9360 1378 296 4787 
9361 438 437 451 
9362 429 430 441 
9363 436 435 449 
9364 427 428 439 
9365 4321 2661 4848 
9366 2982 2981 4842 
9367 4254 2924 4771 
9368 2622 2621 4772 
9369 318 319 4766 
9370 4657 2877 5028 
9371 2646 3818 4775 
9372 924 923 925 
9373 935 934 936 
9374 3154 3064 4935 
9375 311 4624 5003 
9376 923 890 4716 
9377 4586 4862 5001 
9378 3814 2552 4777 
9379 2884 2881 4686 
9380 2894 2891 4687 
9381 452 451 473 
9382 441 442 457 
9383 450 449 471 
9384 439 440 455 
9385 2886 2889 4711 
9386 2896 2899 4712 
9387 2024 2026 4774 
9388 3029 1458 4842 
9389 4934 394 4966 
9390 4936 3099 5026 
9391 1024 1026 1178 
9392 1022 1023 1176 
9393 1483 3158 4826 
9394 4666 2643 4900 
9395 4667 2642 4901 
9396 474 473 886 
9397 472 471 889 
9398 457 458 477 
9399 455 456 475 
9400 2964 2898 4920 
9401 2963 2888 4919 
9402 2706 2995 4833 
9403 4585 414 4969 
9404 4531 1589 4963 
9405 2843 2913 5002 
9406 477 478 485 
9407 475 476 483 
9408 2998 3929 4783 
9409 2933 4657 5048 
9410 1640 3079 4950 
9411 1642 3080 4951 
9412 3092 4586 5001 
9413 485 486 493 
9414 483 484 491 
9415 926 925 927 
9416 937 936 938 
9417 337 338 4779 
9418 1644 1620 1984 
9419 1645 1621 1985 
9420 2665 4756 4850 
9421 1389 84 3083 
9422 17 18 4776 
9423 1178 1377 1620 
9424 1176 1177 1621 
9425 429 402 430 
9426 418 435 436 
9427 416 437 438 
9428 427 405 428 
9429 3012 3013 3014 
9430 3022 3023 3024 
9431 4089 4759 4817 
9432 3694 4760 4818 
9433 392 415 416 
9434 401 391 402 
9435 390 417 418 
9436 404 389 405 
9437 320 321 4778 
9438 491 484 492 
9439 493 486 494 
9440 397 82 3077 
9441 373 374 4784 
9442 483 476 484 
9443 485 478 486 
9444 928 927 929 
9445 939 938 940 
9446 475 456 476 
9447 477 458 478 
9448 472 889 890 
9449 474 886 887 
9450 441 430 442 
9451 439 428 440 
9452 436 449 450 
9453 438 451 452 
9454 450 471 472 
9455 455 440 456 
9456 457 442 458 
9457 452 473 474 
9458 4572 394 4937 
9459 2596 3093 4845 
9460 3014 3015 3016 
9461 3024 3025 3026 
9462 352 821 4782 
9463 4676 1655 4905 
9464 2928 4694 5073 
9465 1457 80 3085 
9466 1458 265 3086 
9467 2541 2170 4749 
9468 2543 2169 4750 
9469 3016 3017 3068 
9470 3026 3027 3065 
9471 4519 1457 4962 
9472 4653 3791 4728 
9473 1687 1377 4794 
9474 757 4769 4839 
9475 3988 2843 5019 
9476 4764 2879 4908 
9477 4518 2730 4791 
9478 2843 5002 5019 
9479 2954 2955 4796 
9480 4919 1718 5058 
9481 4920 1719 5059 
9482 4669 396 4897 
9483 4668 398 4896 
9484 4732 2639 5078 
9485 2837 3043 4798 
9486 187 188 4792 
9487 4783 2015 5036 
9488 4715 3676 5070 
9489 4731 411 4968 
9490 1639 3012 4740 
9491 1641 3022 4741 
9492 150 151 4793 
9493 3472 3470 5020 
9494 1377 1411 4794 
9495 2988 2987 4787 
9496 3077 1389 5045 
9497 391 77 3130 
9498 389 262 3133 
9499 4801 1128 4837 
9500 2666 3744 4800 
9501 2914 2648 4801 
9502 338 339 4797 
9503 2245 4535 4796 
9504 2620 2879 4802 
9505 1809 3131 4942 
9506 4762 425 5022 
9507 267 268 4880 
9508 4601 3111 4838 
9509 4861 2996 5072 
9510 2862 3472 5032 
9511 4555 3321 4910 
9512 4779 338 4797 
9513 2231 2024 4774 
9514 465 4825 5031 
9515 2940 3046 4983 
9516 2939 3044 4982 
9517 1464 111 4808 
9518 4789 449 4807 
9519 4790 451 4806 
9520 3059 2792 4883 
9521 3060 2850 4884 
9522 4696 2931 5044 
9523 2941 4782 4967 
9524 2835 2837 4811 
9525 3296 2954 4812 
9526 2954 4796 4812 
9527 4660 2634 5034 
9528 4796 4535 4812 
9529 2951 4656 4702 
9530 4014 3031 5047 
9531 1191 4542 4890 
9532 1190 4543 4891 
9533 3675 4696 5075 
9534 204 205 4803 
9535 3516 2632 4809 
9536 2633 2780 4810 
9537 4798 1869 4811 
9538 2837 4798 4811 
9539 4809 978 4854 
9540 456 1039 4725 
9541 458 1038 4726 
9542 2921 2862 5054 
9543 2598 3658 4813 
9544 3995 2965 4808 
9545 2831 3727 4814 
9546 2862 5032 5054 
9547 3472 5020 5032 
9548 3978 4952 5051 
9549 3130 3131 4893 
9550 3297 2645 4816 
9551 2235 938 4781 
9552 4949 821 5006 
9553 3024 4668 4896 
9554 3014 4669 4897 
9555 1624 4555 4910 
9556 1869 4526 4811 
9557 4535 1128 4812 
9558 1663 4089 4817 
9559 1792 3694 4818 
9560 2971 4828 5007 
9561 668 689 4857 
9562 375 376 4815 
9563 2833 2835 4829 
9564 1086 923 4716 
9565 1618 4541 4913 
9566 3711 4879 5039 
9567 2051 2572 4819 
9568 2835 4811 4829 
9569 2915 4773 4926 
9570 2889 2884 4686 
9571 2899 2894 4687 
9572 1650 4556 4813 
9573 4743 3054 4916 
9574 4742 3053 4917 
9575 3297 4816 4835 
9576 4584 448 4799 
9577 234 814 4820 
9578 4347 3396 4945 
9579 2470 4734 4964 
9580 418 1190 4891 
9581 416 1191 4890 
9582 4811 4526 4829 
9583 4627 2543 4750 
9584 4628 2541 4749 
9585 1176 1645 4786 
9586 1178 1644 4785 
9587 431 4551 4875 
9588 1810 405 4894 
9589 1809 402 4893 
9590 2936 2797 4827 
9591 4827 814 4889 
9592 76 11 5064 
9593 261 5 5065 
9594 10 75 5067 
9595 4 260 5066 
9596 732 734 4839 
9597 2644 3302 4830 
9598 219 220 4825 
9599 340 341 4824 
9600 3396 4607 4945 
9601 2572 3092 5001 
9602 4053 3863 5069 
9603 4588 4657 5028 
9604 3365 3297 4835 
9605 4526 978 4829 
9606 376 377 4831 
9607 152 153 4832 
9608 4961 393 5035 
9609 232 233 4837 
9610 848 4870 4990 
9611 3325 2259 4844 
9612 4670 4710 5005 
9613 4815 376 4831 
9614 50 481 4836 
9615 3654 2935 4847 
9616 439 455 4709 
9617 441 457 4708 
9618 2652 2655 4770 
9619 3133 4688 4894 
9620 4624 447 5004 
9621 3015 3013 4960 
9622 3025 3023 4959 
9623 2914 4820 4866 
9624 355 393 4828 
9625 4755 3675 5075 
9626 244 245 4846 
9627 611 4694 5046 
9628 4692 2917 5045 
9629 4881 1715 5016 
9630 2856 3189 4872 
9631 2858 3188 4873 
9632 397 3077 4795 
9633 1387 3076 4804 
9634 1388 3078 4805 
9635 3365 4835 4859 
9636 3095 1640 4950 
9637 3096 1642 4951 
9638 2800 2798 4851 
9639 3325 4844 4858 
9640 848 730 4852 
9641 4580 1618 4913 
9642 463 4554 4833 
9643 226 227 4849 
9644 2639 4724 5078 
9645 3079 3017 4950 
9646 3080 3027 4951 
9647 41 42 4843 
9648 280 281 4853 
9649 3360 2647 4866 
9650 4767 2928 5073 
9651 4160 2832 4856 
9652 48 49 4854 
9653 575 883 4756 
9654 496 807 4757 
9655 4542 3129 4890 
9656 4543 3132 4891 
9657 3525 3325 4858 
9658 4607 1601 4945 
9659 428 1810 4746 
9660 1191 438 4747 
9661 1190 436 4748 
9662 2811 3365 4859 
9663 1033 658 4861 
9664 3676 4714 5070 
9665 4647 10 5067 
9666 4648 4 5066 
9667 3236 2274 5026 
9668 807 2613 4757 
9669 883 2025 4756 
9670 4656 2659 4702 
9671 3516 4836 4888 
9672 3525 4858 4868 
9673 2660 3281 4863 
9674 3121 3118 5029 
9675 301 302 4855 
9676 437 1806 4806 
9677 435 1807 4807 
9678 2811 4859 4877 
9679 3279 3515 4888 
9680 2873 4624 5004 
9681 432 4550 4970 
9682 3047 4789 4807 
9683 3045 4790 4806 
9684 662 809 5025 
9685 4661 1869 4798 
9686 2804 3525 4868 
9687 4617 4347 4945 
9688 451 437 4806 
9689 449 435 4807 
9690 237 462 4865 
9691 494 576 4743 
9692 492 497 4742 
9693 32 33 4862 
9694 378 379 4864 
9695 3193 3196 4870 
9696 4694 611 5073 
9697 894 2195 4745 
9698 118 119 4867 
9699 3738 2984 4875 
9700 4716 890 4745 
9701 3292 3279 4903 
9702 2809 2811 4877 
9703 2804 4868 4886 
9704 896 2196 4834 
9705 2913 3154 4963 
9706 4578 413 4848 
9707 2817 4274 4878 
9708 2244 4670 5005 
9709 154 155 4869 
9710 208 209 4874 
9711 3978 2805 4881 
9712 476 456 4725 
9713 478 458 4726 
9714 3915 3914 4885 
9715 4756 2025 4850 
9716 3202 3192 4927 
9717 2802 2804 4886 
9718 3054 1444 4900 
9719 3053 1445 4901 
9720 2809 4877 4898 
9721 2817 4878 4895 
9722 303 304 4871 
9723 471 449 4789 
9724 473 451 4790 
9725 2788 4627 4821 
9726 2790 4628 4822 
9727 3279 4888 4903 
9728 4620 432 4970 
9729 2853 4605 4932 
9730 235 236 4889 
9731 3293 3292 4914 
9732 1388 4805 4883 
9733 1387 4804 4884 
9734 34 35 4876 
9735 2025 2232 4850 
9736 1389 4692 5045 
9737 11 2823 5064 
9738 5 2824 5065 
9739 660 662 5025 
9740 2860 2861 4892 
9741 3292 4903 4914 
9742 2815 2817 4895 
9743 358 817 4879 
9744 2900 2796 4915 
9745 4705 3028 4841 
9746 4706 3018 4840 
9747 24 25 4882 
9748 4155 2809 4898 
9749 4773 270 4926 
9750 2634 4698 5034 
9751 2655 2944 4770 
9752 2936 4865 4915 
9753 577 575 4756 
9754 498 496 4757 
9755 2815 4895 4906 
9756 4577 4715 5070 
9757 440 428 4746 
9758 438 452 4747 
9759 436 450 4748 
9760 2810 3293 4940 
9761 3477 2900 4941 
9762 3126 2826 4904 
9763 4696 4582 5075 
9764 4173 2803 4905 
9765 3081 1387 4884 
9766 3082 1388 4883 
9767 4965 1636 5074 
9768 4155 4898 4912 
9769 3293 4914 4940 
9770 345 346 4899 
9771 889 894 4745 
9772 2813 2815 4906 
9773 4674 2596 4845 
9774 4760 3151 4938 
9775 4544 4732 5078 
9776 4888 481 4903 
9777 2619 3247 4908 
9778 2170 491 4742 
9779 2169 493 4743 
9780 3760 2937 4911 
9781 270 271 4926 
9782 3321 3319 4910 
9783 481 4528 4903 
9784 3471 4731 4968 
9785 3099 1033 5072 
9786 4173 4905 4924 
9787 890 889 4745 
9788 2925 2810 4953 
9789 2968 3477 4954 
9790 4761 1483 4826 
9791 4156 4155 4912 
9792 491 492 4742 
9793 493 494 4743 
9794 4605 464 4932 
9795 4541 2808 4913 
9796 324 325 4907 
9797 925 1086 4780 
9798 936 1087 4781 
9799 156 157 4909 
9800 2810 4940 4953 
9801 3477 4941 4954 
9802 2908 2231 5014 
9803 4701 2812 4993 
9804 280 4853 5053 
9805 887 886 4834 
9806 2900 4915 4941 
9807 4660 292 4976 
9808 44 4661 4975 
9809 886 896 4834 
9810 2658 2793 4845 
9811 2963 4919 5058 
9812 2964 4920 5059 
9813 4903 4528 4914 
9814 2869 3008 4948 
9815 3161 2263 4918 
9816 3151 3152 4938 
9817 3189 3181 4921 
9818 3188 3180 4922 
9819 4116 4173 4924 
9820 4156 4912 4933 
9821 3051 3050 5021 
9822 2927 2925 4979 
9823 3548 2968 4980 
9824 2846 3943 4928 
9825 3503 2814 4929 
9826 4681 2851 4955 
9827 4116 4924 4937 
9828 2822 2996 4931 
9829 4528 1588 4914 
9830 4852 3203 4927 
9831 2937 4576 4911 
9832 2925 4953 4979 
9833 2968 4954 4980 
9834 2899 4687 4930 
9835 382 383 4923 
9836 2195 1022 4786 
9837 2196 1024 4785 
9838 2795 3177 5021 
9839 2847 4156 4933 
9840 2941 2820 4934 
9841 2889 4686 4902 
9842 3031 3030 5047 
9843 3082 4883 5071 
9844 4120 4116 4937 
9845 2669 4512 4936 
9846 116 117 4925 
9847 1158 724 4939 
9848 136 4664 4957 
9849 3050 2795 5021 
9850 4134 2927 4999 
9851 2966 3548 5000 
9852 3503 4929 4947 
9853 4914 1588 4940 
9854 2828 2915 4943 
9855 3470 3471 5020 
9856 2927 4979 4999 
9857 3548 4980 5000 
9858 4665 200 4958 
9859 396 4740 4897 
9860 398 4741 4896 
9861 4656 2854 4887 
9862 460 4531 4935 
9863 4922 3180 4989 
9864 3081 4884 5076 
9865 2827 3503 4947 
9866 1588 4529 4940 
9867 462 4536 4941 
9868 4862 3088 5001 
9869 4710 2920 5005 
9870 2838 2966 5017 
9871 2971 2829 4949 
9872 4915 462 4941 
9873 2827 4947 4965 
9874 3117 2788 4821 
9875 3122 2790 4822 
9876 4873 3188 4922 
9877 4872 3189 4921 
9878 195 196 4944 
9879 2901 2902 4956 
9880 158 159 4946 
9881 2966 5000 5017 
9882 4940 4529 4953 
9883 4941 4536 4954 
9884 927 925 4780 
9885 938 936 4781 
9886 59 419 4952 
9887 464 4546 4932 
9888 3711 3710 4961 
9889 1158 4939 4997 
9890 4883 2792 5071 
9891 2985 2838 5030 
9892 4391 2470 4964 
9893 2876 2827 4965 
9894 3232 2821 4967 
9895 4479 4620 4970 
9896 2841 2901 4969 
9897 4576 1616 4911 
9898 5015 3342 5018 
9899 2244 107 4973 
9900 229 2245 4972 
9901 2845 2844 4971 
9902 1022 1176 4786 
9903 1024 1178 4785 
9904 4529 446 4953 
9905 4536 1591 4954 
9906 272 273 4968 
9907 2241 4921 4986 
9908 3863 3864 5069 
9909 2838 5017 5030 
9910 3683 3682 4984 
9911 4884 2850 5076 
9912 1601 4617 4945 
9913 350 351 4966 
9914 3583 2241 4986 
9915 4953 446 4979 
9916 4954 1591 4980 
9917 726 728 4990 
9918 3180 2015 4989 
9919 4679 2876 5074 
9920 5039 817 5055 
9921 196 197 4977 
9922 4746 1810 5013 
9923 4688 3029 4842 
9924 3864 4762 5022 
9925 274 1590 4985 
9926 446 4527 4979 
9927 1591 4534 4980 
9928 4559 388 4978 
9929 2246 135 4957 
9930 201 2247 4958 
9931 4510 1158 4997 
9932 4944 196 4977 
9933 3340 3339 4998 
9934 4547 816 4955 
9935 4123 2873 5004 
9936 4738 1813 4974 
9937 2920 3036 5005 
9938 3340 4998 5018 
9939 2910 4761 4826 
9940 4979 4527 4999 
9941 4980 4534 5000 
9942 160 161 4991 
9943 4302 2830 5007 
9944 125 126 4994 
9945 213 214 4995 
9946 2773 4277 5011 
9947 1130 4803 5037 
9948 5055 4565 5061 
9949 4825 3401 5031 
9950 4727 788 5044 
9951 3342 3340 5018 
9952 4527 1715 4999 
9953 4534 434 5000 
9954 1191 4747 4840 
9955 1190 4748 4841 
9956 1589 4532 5002 
9957 57 58 5016 
9958 3120 3123 4996 
9959 1090 4776 5048 
9960 4751 1719 4920 
9961 4752 1718 4919 
9962 64 412 5012 
9963 3099 2849 5026 
9964 353 354 5006 
9965 4118 2868 5027 
9966 395 4392 5079 
9967 5000 434 5017 
9968 4724 4545 5078 
9969 4714 787 5070 
9970 2850 4603 5076 
9971 5002 4532 5019 
9972 90 91 5022 
9973 161 162 5010 
9974 5061 1605 5068 
9975 249 250 5024 
9976 4625 1614 4948 
9977 1712 4085 5033 
9978 293 2634 4976 
9979 2635 43 4975 
9980 310 311 5003 
9981 1421 1478 5036 
9982 2792 3220 5071 
9983 3459 3460 5037 
9984 434 4530 5017 
9985 3712 3709 5039 
9986 4532 425 5019 
9987 2013 1796 5043 
9988 2931 3032 5044 
9989 92 1653 5023 
9990 2934 2933 5048 
9991 3712 5039 5055 
9992 4583 4755 5075 
9993 3039 3977 5051 
9994 2260 3204 5052 
9995 4991 161 5010 
9996 4698 3634 5034 
9997 3713 3712 5055 
9998 5068 4560 5079 
9999 5017 4530 5030 
10000 3713 5055 5061 
10001 3008 4625 4948 
10002 4769 3203 4839 
10003 2904 2903 5060 
10004 4128 3713 5061 
10005 2945 3056 5062 
10006 689 4802 4857 
10007 4128 5061 5068 
10008 4127 4128 5068 
10009 4127 5068 5079 
10010 2848 3099 5072 
10011 898 3328 5077 
10012 4392 4127 5079 
10013 279 280 5053 
10014 4530 1583 5030 
10015 1590 4533 5032 
10016 95 96 5063 
10017 356 357 5035 
10018 163 164 5038 
10019 5032 4533 5054 
10020 4778 2154 5062 
10021 3023 3028 4959 
10022 3013 3018 4960 
10023 817 4565 5055 
10024 4533 420 5054 
10025 809 4764 4908 
10026 5020 1590 5032 
10027 2231 4774 5014 
10028 3129 392 4890 
10029 3132 390 4891 
10030 113 611 5046 
10031 2914 4801 4837 
10032 4782 821 4967 
10033 4565 1605 5061 
10034 4587 489 4993 
10035 4549 4767 5073 
10036 4603 459 5076 
10037 2938 3071 5014 
10038 2634 4660 4976 
10039 4661 2635 4975 
10040 4774 2938 5014 
10041 1605 4560 5068 
10042 611 4549 5073 
10043 4545 4544 5078 
10044 4560 395 5079 
10045 459 3081 5076 
10046 4595 3082 5071 
10047 2915 4926 4943 
10048 2153 4588 5028 
10049 392 416 4890 
10050 390 418 4891 
10051 4664 2246 4957 
10052 4802 2879 4857 
10053 4817 2856 4872 
10054 4818 2858 4873 
10055 2235 4781 4838 
10056 2247 4665 4958 
10057 3220 4595 5071 
10058 926 928 5056 
10059 937 939 5057 
10060 816 4681 4955 
10061 3516 4809 4854 
10062 402 391 4893 
10063 405 389 4894 
10064 489 4701 4993 
10065 787 4577 5070 
10066 4582 4583 5075 
10067 2169 4743 4916 
10068 2170 4742 4917 
10069 4750 2169 4916 
10070 4749 2170 4917 
10071 2981 4688 4842 
10072 4670 2244 4973 
10073 2245 4671 4972 
10074 3022 3024 4896 
10075 3012 3014 4897 
10076 4820 814 4866 
10077 2941 4934 4966 
10078 108 4670 4973 
10079 4671 228 4972 
10080 1663 4817 4872 
10081 1792 4818 4873 
10082 2998 4783 5036 
10083 391 3130 4893 
10084 389 3133 4894 
10085 13 4678 4978 
10086 4573 487 5050 
10087 4574 488 5049 
10088 2659 4656 4887 
10089 4672 2825 4974 
10090 2936 4827 4889 
10091 4678 4559 4978 
10092 4665 2247 5015 
10093 2859 4760 4938 
10094 4836 481 4888 
10095 1457 3085 4962 
10096 3634 4663 5034 
10097 3032 4727 5044 
10098 809 4931 5025 
10099 2658 4845 5042 
10100 4740 3012 4897 
10101 4741 3022 4896 
10102 4639 3120 4996 
10103 1806 4648 4982 
10104 1807 4647 4983 
10105 4828 393 5007 
10106 3117 4821 5029 
10107 1718 4708 5058 
10108 1719 4709 5059 
10109 4737 323 4981 
10110 3066 3065 5040 
10111 3069 3068 5041 
10112 1688 4639 4996 
10113 2825 4738 4974 
10114 4776 2934 5048 
10115 848 4852 4927 
10116 4865 462 4915 
10117 2944 2658 5042 
10118 4845 3093 5042 
10119 2971 4949 5006 
10120 857 76 5064 
10121 858 261 5065 
10122 260 858 5066 
10123 75 857 5067 
10124 3118 3117 5029 
10125 3056 4778 5062 
10126 2876 4965 5074 
10127 4803 3459 5037 
10128 4821 1687 5029 
10129 4708 4574 5058 
10130 4709 4573 5059 
10131 3978 4881 5016 
10132 2195 4786 5008 
10133 2196 4785 5009 
10134 4870 3196 4990 
10135 4963 1589 5002 
10136 2913 4963 5002 
10137 1033 4861 5072 
10138 4879 817 5039 
10139 324 4907 4981 
10140 3471 4985 5020 
10141 3711 4961 5035 
10142 4982 4648 4987 
10143 4983 4647 4988 
10144 2940 4983 4988 
10145 2939 4982 4987 
10146 4952 419 5051 
10147 3864 5023 5069 
10148 4931 2996 5025 
10149 2154 4992 5062 
10150 4992 2945 5062 
10151 4985 1590 5020 
10152 858 4987 5066 
10153 857 4988 5067 
10154 4987 4648 5066 
10155 4988 4647 5067 
10156 5023 1653 5069 
$EndElements
